_id,art_url,item_type,utc_date,country_code,track_album_slug_text,country,slug_type,amount_paid_fmt,item_price,item_description,art_id,url,amount_paid,releases,artist_name,currency,album_title,amount_paid_usd,package_image_id,amount_over_fmt,item_slug,addl_count
1599688803.5175&//girlbanddublin.bandcamp.com/album/live-at-vicar-street,https://f4.bcbits.com/img/a0206405257_7.jpg,a,1599688803.5175,gb,,United Kingdom,a,$9.99,9.98999977111816,Live at Vicar Street,206405257.0,//girlbanddublin.bandcamp.com/album/live-at-vicar-street,9.99,,Girl Band,USD,,9.99,,,,
1599688805.27838&//maharettarecords.bandcamp.com/album/neurogen,https://f4.bcbits.com/img/a2984241552_7.jpg,a,1599688805.2783802,fi,,Finland,a,£1,1.0,Neurogen,2984241552.0,//maharettarecords.bandcamp.com/album/neurogen,1.0,,Jirah,GBP,,1.3,,,,
1599688805.90646&//maharettarecords.bandcamp.com/album/the-last-snare-bender-2,https://f4.bcbits.com/img/a3320494770_7.jpg,a,1599688805.90646,fi,,Finland,a,£3,3.0,The Last Snare Bender,3320494770.0,//maharettarecords.bandcamp.com/album/the-last-snare-bender-2,3.0,,D-Ther,GBP,,3.9,,,,
1599688806.94234&//alicesitski.bandcamp.com/album/white-noise-tv,https://f4.bcbits.com/img/0020476345_37.jpg,p,1599688806.94234,gb,,United Kingdom,a,€10.50,10.5,Limited Edition Compact Disc,,//alicesitski.bandcamp.com/album/white-noise-tv,10.5,,WHITE NOISE TV,EUR,WHITE NOISE TV,12.39,20476345.0,,,
1599688809.07942&//linguaignota.bandcamp.com/track/o-ruthless-great-divine-director,https://f4.bcbits.com/img/a3428873396_7.jpg,t,1599688809.07942,us,,United States,t,$1,1.0,O Ruthless Great Divine Director,3428873396.0,//linguaignota.bandcamp.com/track/o-ruthless-great-divine-director,1.0,,LINGUA IGNOTA,USD,,1.0,,,,
1599688812.69267&//sofiefatouretchi.bandcamp.com/track/try-to-reach-me,https://f4.bcbits.com/img/a0772371002_7.jpg,t,1599688812.69267,us,,United States,t,$1.29,1.28999996185303,Try to Reach Me,772371002.0,//sofiefatouretchi.bandcamp.com/track/try-to-reach-me,1.29,,Sofie,USD,Cult Survivor,1.29,,,,
1599688813.89375&//plexitofer.bandcamp.com/album/the-new-anime-groove-collection,https://f4.bcbits.com/img/a3245809273_7.jpg,a,1599688813.89375,jp,,Japan,a,$1,0.0,THE NEW ANIME GROOVE COLLECTION,3245809273.0,//plexitofer.bandcamp.com/album/the-new-anime-groove-collection,1.0,,Plexi Music,USD,,1.0,,,,
1599688817.63138&//haroldbudd.bandcamp.com/album/the-white-arcades,https://f4.bcbits.com/img/a1223607670_7.jpg,a,1599688817.63138,de,,Germany,a,£5,5.0,The White Arcades,1223607670.0,//haroldbudd.bandcamp.com/album/the-white-arcades,5.0,,Harold Budd,GBP,,6.5,,,,
1599688823.53451&//favoriterecordings.bandcamp.com/track/better-day-hard-soul-mix,https://f4.bcbits.com/img/a1858161280_7.jpg,t,1599688823.53451,ch,,Switzerland,t,€1.99,1.99000000953674,Better Day (Hard Soul Mix),1858161280.0,//favoriterecordings.bandcamp.com/track/better-day-hard-soul-mix,1.99,,Djeneba,EUR,French Disco Boogie Sounds Vol.4,2.35,,,,
1599688825.93404&//amandapalmer.bandcamp.com/track/its-a-fire,https://f4.bcbits.com/img/a2371143964_7.jpg,t,1599688825.93404,us,,United States,t,$1,1.0,It's A Fire,2371143964.0,//amandapalmer.bandcamp.com/track/its-a-fire,1.0,,Amanda Palmer & Rhiannon Giddens,USD,,1.0,,,,
1599688835.15601&//thecaptaincreolecollection.bandcamp.com/album/the-ochre-demos-and-designs,https://f4.bcbits.com/img/a3997925422_7.jpg,a,1599688835.15601,gb,,United Kingdom,a,£7,7.0,The Ochre (Demos and Designs),3997925422.0,//thecaptaincreolecollection.bandcamp.com/album/the-ochre-demos-and-designs,7.0,,The Ochre,GBP,,9.09,,,,
1599688836.80575&//linguaignota.bandcamp.com/track/jolene,https://f4.bcbits.com/img/a2070002729_7.jpg,t,1599688836.80575,us,,United States,t,$1,1.0,JOLENE,2070002729.0,//linguaignota.bandcamp.com/track/jolene,1.0,,LINGUA IGNOTA,USD,,1.0,,,,
1599688836.87656&//linguaignota.bandcamp.com/track/wicked-game,https://f4.bcbits.com/img/a2915354829_7.jpg,t,1599688836.87656,us,,United States,t,$2.99,2.99000000953674,WICKED GAME,2915354829.0,//linguaignota.bandcamp.com/track/wicked-game,2.99,,LINGUA IGNOTA,USD,,2.99,,,,
1599688837.10089&//cookinsoul.bandcamp.com/album/larry-june-x-cookin-soul-orange-season-ep,https://f4.bcbits.com/img/a1314103391_7.jpg,a,1599688837.10089,us,,United States,a,€7,5.0,Larry June x Cookin Soul - Orange Season (EP),1314103391.0,//cookinsoul.bandcamp.com/album/larry-june-x-cookin-soul-orange-season-ep,7.0,,Cookin Soul,EUR,,8.26,,€2,,
1599688845.11123&//kindischoffical.bandcamp.com/album/zoi-ca-prisms-ep,https://f4.bcbits.com/img/a0049233717_7.jpg,a,1599688845.11123,ca,,Canada,a,€2,1.9800000190734897,Zoi (CA) - Prisms EP,49233717.0,//kindischoffical.bandcamp.com/album/zoi-ca-prisms-ep,2.0,,Zoi (CA),EUR,,2.36,,,,
1599688845.11818&//stephenpaultaylor.bandcamp.com/track/shits-fucked,https://f4.bcbits.com/img/a2555210841_7.jpg,t,1599688845.11818,us,,United States,t,€1.69,1.0,Shit's Fucked,2555210841.0,//stephenpaultaylor.bandcamp.com/track/shits-fucked,1.69,,SPT,EUR,People Tonight,1.99,,,,
1599688845.66974&//kindischoffical.bandcamp.com/track/death-on-the-balcony-para-ser-libre,https://f4.bcbits.com/img/a3599485280_7.jpg,t,1599688845.66974,ca,,Canada,t,€1,1.9800000190734897,Death on the Balcony - Para Ser Libre,3599485280.0,//kindischoffical.bandcamp.com/track/death-on-the-balcony-para-ser-libre,2.0,,Death on the Balcony,EUR,Death on the Balcony - Once Removed EP,2.36,,,/album/,1.0
1599688848.21811&//darcie.bandcamp.com/track/silence,https://f4.bcbits.com/img/a1781604878_7.jpg,t,1599688848.2181098,gb,,United Kingdom,t,£1,1.0,Silence,1781604878.0,//darcie.bandcamp.com/track/silence,1.0,,Darcie,GBP,,1.3,,,,
1599688852.06918&//shellarecords.bandcamp.com/album/jamaican-fruit-of-african-roots-ep,https://f4.bcbits.com/img/a3853902807_7.jpg,a,1599688852.06918,ca,,Canada,a,$10,4.0,Jamaican Fruit of African Roots EP,3853902807.0,//shellarecords.bandcamp.com/album/jamaican-fruit-of-african-roots-ep,10.0,,"Sheila Rickards, King Tubby, Prince Philip,  The Aggrovators.",USD,,10.0,,$6,,
1599688865.13856&//unreqvited-northernsilence.bandcamp.com/album/empathica,https://f4.bcbits.com/img/0019339586_37.jpg,p,1599688865.13856,fr,,France,a,€13.90,13.8999996185303,Ltd. DigiCD,,//unreqvited-northernsilence.bandcamp.com/album/empathica,13.9,,Unreqvited,EUR,Empathica,16.41,19339586.0,,,
1599688868.46945&//plushorganics.bandcamp.com/album/dregs-in-bloom,https://f4.bcbits.com/img/a1537705454_7.jpg,a,1599688868.46945,gb,,United Kingdom,a,$2,2.0,Dregs In Bloom,1537705454.0,//plushorganics.bandcamp.com/album/dregs-in-bloom,2.0,,Gloga,USD,,2.0,,,,
1599688869.06688&//flasherdc.bandcamp.com/album/winnie-b-w-burn-blue-2,https://f4.bcbits.com/img/a3947951792_7.jpg,a,1599688869.06688,us,,United States,a,$2,2.0,Winnie b/w Burn Blue,3947951792.0,//flasherdc.bandcamp.com/album/winnie-b-w-burn-blue-2,2.0,,Flasher,USD,,2.0,,,,
1599688869.28855&//flasherdc.bandcamp.com/album/s-t-ep-2,https://f4.bcbits.com/img/a0215819831_7.jpg,a,1599688869.28855,us,,United States,a,$7,7.0,S/T EP,215819831.0,//flasherdc.bandcamp.com/album/s-t-ep-2,7.0,,Flasher,USD,,7.0,,,,
1599688870.0492&//boxbedroomrebels.bandcamp.com/album/bbr-36-ciel-movement-6-track-ep,https://f4.bcbits.com/img/0021195827_37.jpg,p,1599688870.0492,gb,,United Kingdom,a,£5.50,5.5,"BBR#36 CIEL 'Movement' Limited Edition 6 track 7"" E.P",,//boxbedroomrebels.bandcamp.com/album/bbr-36-ciel-movement-6-track-ep,5.5,,Ciel,GBP,BBR#36 CIEL 'Movement' 6 track EP,7.15,21195827.0,,,
1599688871.02832&//bcee.bandcamp.com/album/life-as-we-know-it,https://f4.bcbits.com/img/0020990361_37.jpg,p,1599688871.0283198,de,,Germany,a,£19.99,19.9899997711182,"Limited Edition 2 x 12"" Vinyl Gatefold - *SIGNED PRE-ORDERS BEFORE 11th SEP*.",,//bcee.bandcamp.com/album/life-as-we-know-it,19.99,,BCee & Charlotte Haining,GBP,Life As We Know It,25.97,20990361.0,,,
1599688875.25304&//fatigo.bandcamp.com/track/unruly-gentleman-bonus-track,https://f4.bcbits.com/img/a1631177587_7.jpg,t,1599688875.25304,us,,United States,t,$1,1.0,Unruly Gentleman (BONUS TRACK!!),1631177587.0,//fatigo.bandcamp.com/track/unruly-gentleman-bonus-track,1.0,,Mike Montoya,USD,Mike Montoya Live At The Rogue,1.0,,,,
1599688875.84356&//briangrainger.bandcamp.com/album/poured-out,https://f4.bcbits.com/img/0021485536_37.jpg,p,1599688875.84356,us,,United States,a,$12,12.0,Limited Edition CD-R,,//briangrainger.bandcamp.com/album/poured-out,12.0,,Brian Grainger,USD,Poured Out,12.0,21485536.0,,,
1599688875.89556&//blaublauband.bandcamp.com/album/kiss-kiss,https://f4.bcbits.com/img/a1483467987_7.jpg,a,1599688875.89556,us,,United States,a,$5,0.0,KISS KISS,1483467987.0,//blaublauband.bandcamp.com/album/kiss-kiss,5.0,,Blau Blau,USD,,5.0,,$5,,
1599688876.4084&//mogwai.bandcamp.com/album/2018,https://f4.bcbits.com/img/a1397909724_7.jpg,a,1599688876.4084,gb,,United Kingdom,a,£10,0.0,2018,1397909724.0,//mogwai.bandcamp.com/album/2018,10.0,,Mogwai,GBP,,12.99,,£10,,
1599688883.61376&//tvgirl.bandcamp.com/album/french-exit,https://f4.bcbits.com/img/0021557934_37.jpg,p,1599688883.61376,us,,United States,a,$20,20.0,French Exit Repress,,//tvgirl.bandcamp.com/album/french-exit,20.0,,TV Girl,USD,French Exit,20.0,21557934.0,,,
1599688886.70388&//ppudc.bandcamp.com/track/omae,https://f4.bcbits.com/img/a2497433116_7.jpg,t,1599688886.70388,gb,,United Kingdom,t,$3,3.0,Omae,2497433116.0,//ppudc.bandcamp.com/track/omae,3.0,,Ryu Tsuruoka,USD,Omae,3.0,,,,
1599688888.96698&//starsofthelid.bandcamp.com/album/per-aspera-ad-astra,https://f4.bcbits.com/img/a1658932889_7.jpg,a,1599688888.96698,us,,United States,a,$9,9.0,Per Aspera Ad Astra,1658932889.0,//starsofthelid.bandcamp.com/album/per-aspera-ad-astra,9.0,,Stars of the Lid / John McCafferty,USD,,9.0,,,,
1599688890.68525&//nubyagarcia.bandcamp.com/album/source,https://f4.bcbits.com/img/0021399150_37.jpg,p,1599688890.68525,us,,United States,a,$30,29.9899997711182,Double Vinyl,,//nubyagarcia.bandcamp.com/album/source,30.0,,Nubya Garcia,USD,SOURCE,30.0,21399150.0,,,
1599688890.96119&//ragana.bandcamp.com/merch/dark-woods-tshirt,https://f4.bcbits.com/img/0007570998_37.jpg,p,1599688890.96119,us,,United States,p,$15,15.0,dark woods tshirt,,//ragana.bandcamp.com/merch/dark-woods-tshirt,15.0,,RAGANA,USD,,15.0,7570998.0,,,
1599688892.53879&//smartsworld.bandcamp.com/album/who-needs-smarts-anyway,https://f4.bcbits.com/img/0021560069_37.jpg,p,1599688892.53879,au,,Australia,a,$28 AUD,28.0,Smarts LP - White Vinyl,,//smartsworld.bandcamp.com/album/who-needs-smarts-anyway,28.0,,Smarts,AUD,"Who Needs Smarts, Anyway?",20.36,21560069.0,,,
1599688895.10862&//shlohmo.bandcamp.com/album/heaven-inc-ep,https://f4.bcbits.com/img/0021037562_37.jpg,p,1599688895.10862,us,,United States,a,$13,13.0,"Heaven Inc. / Looking At Plants 7""",,//shlohmo.bandcamp.com/album/heaven-inc-ep,13.0,,Shlohmo,USD,Heaven Inc. EP,13.0,21037562.0,,,
1599688905.75448&//themountaingoats.bandcamp.com/album/transcendental-youth,https://f4.bcbits.com/img/a1515826610_7.jpg,a,1599688905.75448,gb,,United Kingdom,a,$8,8.0,Transcendental Youth,1515826610.0,//themountaingoats.bandcamp.com/album/transcendental-youth,8.0,,The Mountain Goats,USD,,8.0,,,,
1599688907.40035&//al3movement.bandcamp.com/album/black-ops-ep,https://f4.bcbits.com/img/a1652040908_7.jpg,a,1599688907.40035,ar,,Argentina,a,$200,3.0,Black Ops EP,1652040908.0,//al3movement.bandcamp.com/album/black-ops-ep,200.0,,Parde Grilon,USD,,200.0,,$197,,
1599688909.77612&//askillz.bandcamp.com/track/staying-alive-a-skillz-remix,https://f4.bcbits.com/img/a0581583225_7.jpg,t,1599688909.77612,us,,United States,t,£1,1.0,Staying Alive (A.Skillz Remix),581583225.0,//askillz.bandcamp.com/track/staying-alive-a-skillz-remix,1.0,,Bee Gees,GBP,,1.3,,,,
1599688910.03707&//djkmell.bandcamp.com/track/gala-freed-from-desire-summer-remix,https://f4.bcbits.com/img/a2029802053_7.jpg,t,1599688910.03707,it,,Italy,t,€2,2.0,Gala - Freed From Desire (Summer Remix),2029802053.0,//djkmell.bandcamp.com/track/gala-freed-from-desire-summer-remix,2.0,,Dj Kmell,EUR,,2.36,,,,
1599688910.23003&//djkmell.bandcamp.com/track/barry-white-cant-get-enough-of-your-love-babe-kmell-re-loved-2020,https://f4.bcbits.com/img/a2963888243_7.jpg,t,1599688910.23003,it,,Italy,t,€3,3.0,Barry White - Can't Get Enough Of Your Love Babe ( Kmell Re loved 2020),2963888243.0,//djkmell.bandcamp.com/track/barry-white-cant-get-enough-of-your-love-babe-kmell-re-loved-2020,3.0,,Dj Kmell,EUR,,3.54,,,,
1599688910.24464&//djkmell.bandcamp.com/track/kool-the-gang-straight-ahead-kmell-rework-2020,https://f4.bcbits.com/img/a0952931779_7.jpg,t,1599688910.24464,it,,Italy,t,€3,3.0,Kool & The Gang - Straight Ahead (Kmell Rework 2020),952931779.0,//djkmell.bandcamp.com/track/kool-the-gang-straight-ahead-kmell-rework-2020,3.0,,Dj Kmell,EUR,,3.54,,,,
1599688910.44492&//djkmell.bandcamp.com/track/change-a-lovers-holiday-kmell-reedit-2020,https://f4.bcbits.com/img/a2389635820_7.jpg,t,1599688910.4449198,it,,Italy,t,€2,2.0,Change - A Lover's Holiday (Kmell Reedit 2020),2389635820.0,//djkmell.bandcamp.com/track/change-a-lovers-holiday-kmell-reedit-2020,2.0,,Dj Kmell,EUR,,2.36,,,,
1599688910.56721&//djkmell.bandcamp.com/track/kurtis-blow-the-breaks-kmell-remix-2020,https://f4.bcbits.com/img/a0821876867_7.jpg,t,1599688910.56721,it,,Italy,t,€2,2.0,Kurtis Blow-The Breaks (Kmell Remix 2020),821876867.0,//djkmell.bandcamp.com/track/kurtis-blow-the-breaks-kmell-remix-2020,2.0,,Dj Kmell,EUR,,2.36,,,,
1599688910.61406&//djkmell.bandcamp.com/track/gloria-estefan-conga-kmell-re-cong-2020,https://f4.bcbits.com/img/a1627173140_7.jpg,t,1599688910.61406,it,,Italy,t,€2.50,2.5,Gloria Estefan - Conga (Kmell Re-Cong 2020),1627173140.0,//djkmell.bandcamp.com/track/gloria-estefan-conga-kmell-re-cong-2020,2.5,,Dj Kmell,EUR,,2.95,,,,
1599688910.72272&//djkmell.bandcamp.com/track/lisa-stanfield-the-real-thing-kmell-rework-2020,https://f4.bcbits.com/img/a1367944162_7.jpg,t,1599688910.72272,it,,Italy,t,€2,2.0,Lisa Stanfield -The Real Thing (Kmell Rework 2020),1367944162.0,//djkmell.bandcamp.com/track/lisa-stanfield-the-real-thing-kmell-rework-2020,2.0,,Dj Kmell,EUR,,2.36,,,,
1599688910.80711&//djkmell.bandcamp.com/track/kim-carnes-bettes-davis-eyes-kmell-re-tide-2020,https://f4.bcbits.com/img/a0105583481_7.jpg,t,1599688910.80711,it,,Italy,t,€2.50,2.5,Kim Carnes - Bettes Davis Eyes (Kmell Re-Tide 2020),105583481.0,//djkmell.bandcamp.com/track/kim-carnes-bettes-davis-eyes-kmell-re-tide-2020,2.5,,Dj Kmell,EUR,,2.95,,,,
1599688914.0554&https://music.dandywarhols.com/album/warhol-wednesday-endless-live-album,https://f4.bcbits.com/img/a2385632826_7.jpg,a,1599688914.0554,us,,United States,a,$10,10.0,Warhol Wednesday: Endless Live Album,2385632826.0,https://music.dandywarhols.com/album/warhol-wednesday-endless-live-album,10.0,,The Dandy Warhols,USD,,10.0,,,,
1599688915.653&//mandolinorange.bandcamp.com/album/austin-city-limits-live-at-the-moody-theater-3,https://f4.bcbits.com/img/0021565153_37.jpg,p,1599688915.653,us,,United States,a,$40,40.0,Second pressing - Clear 2x Vinyl LP,,//mandolinorange.bandcamp.com/album/austin-city-limits-live-at-the-moody-theater-3,40.0,,Mandolin Orange,USD,Austin City Limits Live at The Moody Theater,40.0,21565153.0,,,
1599688916.06573&//officialastarinite.bandcamp.com/album/until-the-end-of-the-moon,https://f4.bcbits.com/img/a3306076405_7.jpg,a,1599688916.06573,es,,Spain,a,$1,0.0,Until the End of the Moon,3306076405.0,//officialastarinite.bandcamp.com/album/until-the-end-of-the-moon,1.0,,Astari Nite,USD,,1.0,,,,
1599688916.55951&//godcolony.bandcamp.com/track/turn-my-g-down-feat-stash-marina,https://f4.bcbits.com/img/a4001924644_7.jpg,t,1599688916.55951,it,,Italy,t,£1.50,1.5,Turn My G Down (feat. Stash Marina),4001924644.0,//godcolony.bandcamp.com/track/turn-my-g-down-feat-stash-marina,1.5,,God Colony,GBP,Turn My G Down (feat. Stash Marina),1.95,,,,
1599688919.08886&//cratesmotelrecords.bandcamp.com/track/pat-metheenee-slip-away-conan-liquid-crates-motel-remix,https://f4.bcbits.com/img/a0161412926_7.jpg,t,1599688919.08886,it,,Italy,t,£1.20,2.4000000953674303,Pat Metheenee - Slip Away (Conan Liquid Crates Motel Remix),161412926.0,//cratesmotelrecords.bandcamp.com/track/pat-metheenee-slip-away-conan-liquid-crates-motel-remix,2.4,,Conan Liquid,GBP,Conan Liquid Reel to reel re re re edits Vol. 9,3.12,,,/album/,1.0
1599688919.17168&//alanbraufman.bandcamp.com/album/the-fire-still-burns,https://f4.bcbits.com/img/a1821311236_7.jpg,a,1599688919.17168,us,,United States,a,$10,10.0,The Fire Still Burns,1821311236.0,//alanbraufman.bandcamp.com/album/the-fire-still-burns,10.0,,Alan Braufman,USD,,10.0,,,,
1599688919.22949&//cratesmotelrecords.bandcamp.com/track/elton-jon-are-you-ready-for-love-conan-liquid-reel-to-reel-re-re-re-edit,https://f4.bcbits.com/img/a2824482526_7.jpg,t,1599688919.22949,it,,Italy,t,£1.20,1.20000004768372,Elton Jon - Are you ready for love? (Conan Liquid Reel to reel re re re edit),2824482526.0,//cratesmotelrecords.bandcamp.com/track/elton-jon-are-you-ready-for-love-conan-liquid-reel-to-reel-re-re-re-edit,1.2,,Conan Liquid,GBP,Conan Liquid Reel to Reel re re re edits Vol. 2,1.56,,,,
1599688919.3997&//cratesmotelrecords.bandcamp.com/track/jamirokwai-too-young-to-die-conan-liquid-reel-to-reel-re-re-re-edit,https://f4.bcbits.com/img/a3507826457_7.jpg,t,1599688919.3997,it,,Italy,t,£1.20,2.4000000953674303,JamiroKwai - Too Young to Die (Conan Liquid Reel to reel re re re edit),3507826457.0,//cratesmotelrecords.bandcamp.com/track/jamirokwai-too-young-to-die-conan-liquid-reel-to-reel-re-re-re-edit,2.4,,Conan Liquid,GBP,Conan Liquid Reel to reel re re re edits Vol. 3,3.12,,,/album/,1.0
1599688919.5047&//cratesmotelrecords.bandcamp.com/track/alicia-i-want-to-thank-you-conan-liquid-crates-motel-naughty-but-splice-edit,https://f4.bcbits.com/img/a0310082834_7.jpg,t,1599688919.5047,it,,Italy,t,£1.20,1.20000004768372,Alicia - I want to thank you (Conan Liquid Crates Motel Naughty but Splice Edit),310082834.0,//cratesmotelrecords.bandcamp.com/track/alicia-i-want-to-thank-you-conan-liquid-crates-motel-naughty-but-splice-edit,1.2,,Conan Liquid,GBP,Conan Liquid Reel to Reel re re re edits Vol. 1,1.56,,,,
1599688919.93334&//cratesmotelrecords.bandcamp.com/track/jan-jacksun-when-i-think-of-you-conan-liquid-reel-to-reel-re-re-re-edit,https://f4.bcbits.com/img/a2134247343_7.jpg,t,1599688919.93334,it,,Italy,t,£1.20,1.20000004768372,Jan Jacksun - When I think of You (Conan Liquid Reel to reel re re re edit),2134247343.0,//cratesmotelrecords.bandcamp.com/track/jan-jacksun-when-i-think-of-you-conan-liquid-reel-to-reel-re-re-re-edit,1.2,,Conan Liquid,GBP,Conan Liquid Reel to reel re re re edits Vol. 4,1.56,,,,
1599688924.0009&//dieorakel.bandcamp.com/track/big-cabin,https://f4.bcbits.com/img/a1786807205_7.jpg,t,1599688924.0009,ch,,Switzerland,t,€1.50,3.0,Big Cabin,1786807205.0,//dieorakel.bandcamp.com/track/big-cabin,3.0,,Gacha Bakradze,EUR,Western Arrogance,3.54,,,/album/,1.0
1599688925.07075&//chrisgs1.bandcamp.com/track/the-power-chris-gs-edit,https://f4.bcbits.com/img/a4062744547_7.jpg,t,1599688925.07075,it,,Italy,t,€2.50,7.0,The Power (Chris Gs Edit),4062744547.0,//chrisgs1.bandcamp.com/track/the-power-chris-gs-edit,7.0,,chris gs,EUR,Club,8.26,,,/album/,2.0
1599688925.18235&//chrisgs1.bandcamp.com/track/bim-sala-bim-chris-gs-edit,https://f4.bcbits.com/img/a4274598676_7.jpg,t,1599688925.18235,it,,Italy,t,€2.50,7.0,Bim Sala Bim (Chris Gs Edit),4274598676.0,//chrisgs1.bandcamp.com/track/bim-sala-bim-chris-gs-edit,7.0,,chris gs,EUR,"Funk, Disco Funk",8.26,,,/album/,2.0
1599688925.31333&//chrisgs1.bandcamp.com/track/mirage-chris-gs-edit,https://f4.bcbits.com/img/a2999726551_7.jpg,t,1599688925.3133302,it,,Italy,t,€2.50,9.0,Mirage (Chris Gs Edit),2999726551.0,//chrisgs1.bandcamp.com/track/mirage-chris-gs-edit,9.0,,chris gs,EUR,"Low, Vol.2",10.62,,,/album/,3.0
1599688925.39068&//chrisgs1.bandcamp.com/track/the-captain-of-her-heart-chris-gs-edit,https://f4.bcbits.com/img/a2019616075_7.jpg,t,1599688925.39068,it,,Italy,t,€2,20.0,The captain of her heart (Chris Gs Edit),2019616075.0,//chrisgs1.bandcamp.com/track/the-captain-of-her-heart-chris-gs-edit,20.0,,chris gs,EUR,"Low, Vol.1",23.6,,,/album/,9.0
1599688925.39795&//chuwanaga.bandcamp.com/merch/in-the-red-vol-1-2-vinyl-bundle,https://f4.bcbits.com/img/0020347767_37.jpg,p,1599688925.39795,gb,,United Kingdom,p,€30,30.0,In The Red Vol. 1 & 2 - Vinyl Bundle,,//chuwanaga.bandcamp.com/merch/in-the-red-vol-1-2-vinyl-bundle,30.0,,Chuwanaga,EUR,,35.41,20347767.0,,,
1599688925.4526&//chrisgs1.bandcamp.com/track/electrica-salsa-chris-gs-edit,https://f4.bcbits.com/img/a2334396463_7.jpg,t,1599688925.4526,it,,Italy,t,€2,6.5,Electrica Salsa (Chris Gs Edit),2334396463.0,//chrisgs1.bandcamp.com/track/electrica-salsa-chris-gs-edit,6.5,,chris gs,EUR,"80's, Vol.1",7.67,,,/album/,2.0
1599688925.54091&//chrisgs1.bandcamp.com/track/what-a-wonderful-world-chris-gs-edit,https://f4.bcbits.com/img/a0456620325_7.jpg,t,1599688925.54091,it,,Italy,t,€2.50,2.5,(What a) Wonderful world (Chris Gs Edit),456620325.0,//chrisgs1.bandcamp.com/track/what-a-wonderful-world-chris-gs-edit,2.5,,chris gs,EUR,60's Sound,2.95,,,,
1599688925.8862&//chrisgs1.bandcamp.com/track/ring-my-bell-chris-gs-edit,https://f4.bcbits.com/img/a2456093065_7.jpg,t,1599688925.8862,it,,Italy,t,€3,8.0,Ring my bell (Chris Gs Edit),2456093065.0,//chrisgs1.bandcamp.com/track/ring-my-bell-chris-gs-edit,8.0,,chris gs,EUR,Disco,9.44,,,/album/,2.0
1599688925.92374&//chrisgs1.bandcamp.com/track/its-a-shame-chris-gs-edit,https://f4.bcbits.com/img/a0394180112_7.jpg,t,1599688925.92374,it,,Italy,t,€2,2.0,It's a shame (Chris Gs Edit),394180112.0,//chrisgs1.bandcamp.com/track/its-a-shame-chris-gs-edit,2.0,,chris gs,EUR,"Reggae, Ska",2.36,,,,
1599688925.92418&//chrisgs1.bandcamp.com/track/dont-send-me-away-chris-gs-edit,https://f4.bcbits.com/img/a3828710040_7.jpg,t,1599688925.92418,it,,Italy,t,€2.50,20.0,Don't send me away (Chris Gs Edit),3828710040.0,//chrisgs1.bandcamp.com/track/dont-send-me-away-chris-gs-edit,20.0,,chris gs,EUR,"Soul, Vol.1",23.6,,,/album/,8.0
1599688925.99716&//chrisgs1.bandcamp.com/track/seed-20-chris-gs-edit,https://f4.bcbits.com/img/a3044542436_7.jpg,t,1599688925.99716,it,,Italy,t,€2.50,7.0,Seed 2.0 (Chris Gs Edit),3044542436.0,//chrisgs1.bandcamp.com/track/seed-20-chris-gs-edit,7.0,,chris gs,EUR,"Rock, Indie, Alternative, Vol.1",8.26,,,/album/,2.0
1599688926.394&//loveallday.bandcamp.com/album/chimes,https://f4.bcbits.com/img/a2854542262_7.jpg,a,1599688926.394,gb,,United Kingdom,a,$5,0.0,Chimes,2854542262.0,//loveallday.bandcamp.com/album/chimes,5.0,,M. Klausman/P. Prezzano,USD,,5.0,,$5,,
1599688926.61447&//thewhiteswan.bandcamp.com/merch/limited-edition-gold-sparkle-baseball-t,https://f4.bcbits.com/img/0021558428_37.jpg,p,1599688926.61447,ca,,Canada,p,$25,25.0,Limited Edition Gold Sparkle Baseball T,,//thewhiteswan.bandcamp.com/merch/limited-edition-gold-sparkle-baseball-t,25.0,,The White Swan,USD,,25.0,21558428.0,,,
1599688926.84906&//thewhiteswan.bandcamp.com/merch/limited-edition-gold-sparkle-baseball-t,https://f4.bcbits.com/img/0021558428_37.jpg,p,1599688926.84906,ca,,Canada,p,$25,25.0,Limited Edition Gold Sparkle Baseball T,,//thewhiteswan.bandcamp.com/merch/limited-edition-gold-sparkle-baseball-t,25.0,,The White Swan,USD,,25.0,21558428.0,,,
1599688928.27319&//creepoutjapan.bandcamp.com/album/svvines-and-heretics,https://f4.bcbits.com/img/a3293553886_7.jpg,a,1599688928.27319,de,,Germany,a,¥700,700.0,SVVINES AND HERETICS,3293553886.0,//creepoutjapan.bandcamp.com/album/svvines-and-heretics,700.0,,CREEPOUT,JPY,,6.59,,,,
1599688929.14511&//petrola80.bandcamp.com/track/low-b4,https://f4.bcbits.com/img/a0379614748_7.jpg,t,1599688929.14511,ch,,Switzerland,t,€1,2.0,Low B4,379614748.0,//petrola80.bandcamp.com/track/low-b4,2.0,,Lyra Valenza,EUR,Nightshade Edition,2.36,,,/album/,1.0
1599688929.85596&//librarytapes.bandcamp.com/track/by-fields-i,https://f4.bcbits.com/img/a1236592538_7.jpg,t,1599688929.85596,us,,United States,t,€1,1.0,By Fields (I),1236592538.0,//librarytapes.bandcamp.com/track/by-fields-i,1.0,,David Wenngren,EUR,Trees,1.18,,,,
1599688930.87041&//soundsofthedawn.bandcamp.com/track/moon-lush,https://f4.bcbits.com/img/a0009942308_7.jpg,t,1599688930.87041,gb,,United Kingdom,t,$1,1.0,Moon Lush,9942308.0,//soundsofthedawn.bandcamp.com/track/moon-lush,1.0,,Rod Hamilton & Tiffany Seal,USD,Moon Lush,1.0,,,,
1599688931.59097&//andavald.bandcamp.com/album/undir-skygg-arhaldi,https://f4.bcbits.com/img/a4226331593_7.jpg,a,1599688931.59097,au,,Australia,a,$1,0.0,Undir skyggðarhaldi,4226331593.0,//andavald.bandcamp.com/album/undir-skygg-arhaldi,1.0,,Andavald,USD,,1.0,,,,
1599688932.13327&//kmouta.bandcamp.com/track/jade-dont-walk-away-k-mouta-edit,https://f4.bcbits.com/img/a2009641399_7.jpg,t,1599688932.13327,it,,Italy,t,€1,1.0,Jade - Don't Walk Away (K Mouta Edit),2009641399.0,//kmouta.bandcamp.com/track/jade-dont-walk-away-k-mouta-edit,1.0,,K Mouta,EUR,,1.18,,,,
1599688932.1488&//kmouta.bandcamp.com/track/michael-jackson-paul-maccartney-the-girl-is-mine-k-mouta-edit,https://f4.bcbits.com/img/a2811266950_7.jpg,t,1599688932.1488,it,,Italy,t,€1.35,1.35000002384186,Michael Jackson & Paul MacCartney - The Girl Is Mine (K Mouta Edit),2811266950.0,//kmouta.bandcamp.com/track/michael-jackson-paul-maccartney-the-girl-is-mine-k-mouta-edit,1.35,,K Mouta,EUR,,1.59,,,,
1599688932.65871&//kmouta.bandcamp.com/track/stereophonics-maybe-tomorrow-k-mouta-edit,https://f4.bcbits.com/img/a2678007533_7.jpg,t,1599688932.65871,it,,Italy,t,€1,1.0,Stereophonics - Maybe Tomorrow (K Mouta Edit),2678007533.0,//kmouta.bandcamp.com/track/stereophonics-maybe-tomorrow-k-mouta-edit,1.0,,K Mouta,EUR,,1.18,,,,
1599688932.68529&//kmouta.bandcamp.com/track/the-weeknd-blinding-lights-k-mouta-bossa-edit,https://f4.bcbits.com/img/a3632910507_7.jpg,t,1599688932.68529,it,,Italy,t,€1.35,1.35000002384186,The Weeknd - Blinding Lights (K Mouta Bossa Edit),3632910507.0,//kmouta.bandcamp.com/track/the-weeknd-blinding-lights-k-mouta-bossa-edit,1.35,,K Mouta,EUR,,1.59,,,,
1599688932.79666&//kmouta.bandcamp.com/track/sting-englishman-in-new-york-k-mouta-edit,https://f4.bcbits.com/img/a1861344100_7.jpg,t,1599688932.79666,it,,Italy,t,€1.25,1.25,Sting - Englishman In New York (K Mouta Edit),1861344100.0,//kmouta.bandcamp.com/track/sting-englishman-in-new-york-k-mouta-edit,1.25,,K Mouta,EUR,,1.48,,,,
1599688932.92204&//kmouta.bandcamp.com/track/osibisa-sunshine-day-k-mouta-edit,https://f4.bcbits.com/img/a2703054949_7.jpg,t,1599688932.92204,it,,Italy,t,€1.35,1.35000002384186,Osibisa - Sunshine Day (K Mouta Edit),2703054949.0,//kmouta.bandcamp.com/track/osibisa-sunshine-day-k-mouta-edit,1.35,,K Mouta,EUR,,1.59,,,,
1599688934.42047&//isthisrealityorjustadream.bandcamp.com/track/naufrage-mental-mix,https://f4.bcbits.com/img/a1217873846_7.jpg,t,1599688934.42047,ch,,Switzerland,t,€1.50,1.5,Naufrage (Mental Mix),1217873846.0,//isthisrealityorjustadream.bandcamp.com/track/naufrage-mental-mix,1.5,,Isthisreality?,EUR,,1.77,,,,
1599688934.62363&//theconfinementtapes.bandcamp.com/album/confinement-release6,https://f4.bcbits.com/img/a0786130339_7.jpg,a,1599688934.62363,gb,,United Kingdom,a,£0.75,0.0,CONFINEMENT/release6,786130339.0,//theconfinementtapes.bandcamp.com/album/confinement-release6,0.75,,Spratleys Japs/ Panixphere,GBP,,0.97,,,,
1599688934.90753&//isthisrealityorjustadream.bandcamp.com/track/recovery,https://f4.bcbits.com/img/a0611780752_7.jpg,t,1599688934.90753,ch,,Switzerland,t,€1.50,1.5,Recovery,611780752.0,//isthisrealityorjustadream.bandcamp.com/track/recovery,1.5,,Isthisreality?,EUR,,1.77,,,,
1599688936.23161&//vill4in.bandcamp.com/track/immersion,https://f4.bcbits.com/img/a4122870991_7.jpg,t,1599688936.23161,gb,,United Kingdom,t,$1,1.0,Immersion,4122870991.0,//vill4in.bandcamp.com/track/immersion,1.0,,Voyage Futur,USD,Inner Sphere,1.0,,,,
1599688937.18373&//tvgirl.bandcamp.com/album/french-exit,https://f4.bcbits.com/img/0021557934_37.jpg,p,1599688937.18373,us,,United States,a,$20,20.0,French Exit Repress,,//tvgirl.bandcamp.com/album/french-exit,20.0,,TV Girl,USD,French Exit,20.0,21557934.0,,,
1599688937.96573&//kaizengameworks.bandcamp.com/album/paradise-killer-original-soundtrack,https://f4.bcbits.com/img/a1556974217_7.jpg,a,1599688937.9657302,us,,United States,a,£8.99,8.98999977111816,Paradise Killer Original Soundtrack,1556974217.0,//kaizengameworks.bandcamp.com/album/paradise-killer-original-soundtrack,8.99,,"Barry ""Epoch"" Topping",GBP,,11.68,,,,
1599688939.4145&//junctionrecords.bandcamp.com/track/hide-seek-aqxdm-remix,https://f4.bcbits.com/img/a3822283310_7.jpg,t,1599688939.4145,ch,,Switzerland,t,€1.50,1.5,Hide & Seek (AQXDM Remix),3822283310.0,//junctionrecords.bandcamp.com/track/hide-seek-aqxdm-remix,1.5,,Cool Tiger,EUR,Junction White 003,1.77,,,,
1599688942.11742&//lionmilk.bandcamp.com/track/being,https://f4.bcbits.com/img/a3283678079_7.jpg,t,1599688942.11742,gb,,United Kingdom,t,$2,2.0,being,3283678079.0,//lionmilk.bandcamp.com/track/being,2.0,,Lionmilk and Jon GK,USD,Healing for a New Tomorrow,2.0,,,,
1599688943.361&//ajjtheband.bandcamp.com/album/people-who-can-eat-people-are-the-luckiest-people-in-the-world,https://f4.bcbits.com/img/a2306527754_7.jpg,a,1599688943.361,us,,United States,a,$6.66,6.65999984741211,People Who Can Eat People Are the Luckiest People In the World,2306527754.0,//ajjtheband.bandcamp.com/album/people-who-can-eat-people-are-the-luckiest-people-in-the-world,6.66,,AJJ,USD,,6.66,,,,
1599688943.79336&//feveram.bandcamp.com/track/tykaepyzo,https://f4.bcbits.com/img/a4145619179_7.jpg,t,1599688943.79336,ch,,Switzerland,t,€1.75,1.75,Tykaepyzo,4145619179.0,//feveram.bandcamp.com/track/tykaepyzo,1.75,,Asmus Odsat,EUR,"""I Hope You Are Well During These Strange Times""",2.07,,,,
1599688944.1287&//bbemusic.bandcamp.com/track/days-like-this-spinna-ticklah-club-mix,https://f4.bcbits.com/img/a0521208185_7.jpg,t,1599688944.1287,gb,,United Kingdom,t,£1.50,1.5,Days Like This (Spinna & Ticklah Club Mix),521208185.0,//bbemusic.bandcamp.com/track/days-like-this-spinna-ticklah-club-mix,1.5,,Shaun Escoffery,GBP,DJ Spinna presents The Sound Beyond Stars - The Essential Remixes,1.95,,,,
1599688948.3735&//triprecords.bandcamp.com/track/headache-vs-corona,https://f4.bcbits.com/img/a0960476424_7.jpg,t,1599688948.3735,ch,,Switzerland,t,€1.50,1.5,Headache vs. Corona,960476424.0,//triprecords.bandcamp.com/track/headache-vs-corona,1.5,,LUCKER,EUR,Hot Steel,1.77,,,,
1599688948.66233&//xoth.bandcamp.com/merch/green-embroidered-xoth-logo-patch,https://f4.bcbits.com/img/0013158520_37.jpg,p,1599688948.6623302,us,,United States,p,$6,6.0,Green Embroidered Xoth Logo Patch,,//xoth.bandcamp.com/merch/green-embroidered-xoth-logo-patch,6.0,,Xoth,USD,,6.0,13158520.0,,,
1599688948.75424&//astronautsetc.bandcamp.com/album/gestures,https://f4.bcbits.com/img/a0210937742_7.jpg,a,1599688948.75424,gb,,United Kingdom,a,$7,7.0,Gestures,210937742.0,//astronautsetc.bandcamp.com/album/gestures,7.0,,Anthony Ferraro,USD,,7.0,,,,
1599688949.0035&//thedeepseadiver.bandcamp.com/album/impossible-weight,https://f4.bcbits.com/img/0021052114_37.jpg,p,1599688949.0035,us,,United States,a,$25,25.0,Vinyl LP - Black,,//thedeepseadiver.bandcamp.com/album/impossible-weight,25.0,,Deep Sea Diver,USD,IMPOSSIBLE WEIGHT,25.0,21052114.0,,,
1599688949.28085&//chongomusic.bandcamp.com/album/sonic-headrush,https://f4.bcbits.com/img/a1723031717_7.jpg,a,1599688949.28085,us,,United States,a,$10,0.0,Sonic Headrush,1723031717.0,//chongomusic.bandcamp.com/album/sonic-headrush,10.0,,Chongo,USD,,10.0,,$10,,
1599688950.73086&//chromeo.bandcamp.com/merch/solidarity-with-beirut-tote-bag,https://f4.bcbits.com/img/0021206810_37.jpg,p,1599688950.73086,us,,United States,p,$20,20.0,Solidarity With Beirut Tote Bag,,//chromeo.bandcamp.com/merch/solidarity-with-beirut-tote-bag,20.0,,Chromeo,USD,,20.0,21206810.0,,,
1599688953.27327&//thehorrorsquad.bandcamp.com/album/dudes-night-horror-squad-split-7,https://f4.bcbits.com/img/a3073851348_7.jpg,a,1599688953.27327,us,,United States,a,$5,0.0,"Dudes Night / Horror Squad Split 7""",3073851348.0,//thehorrorsquad.bandcamp.com/album/dudes-night-horror-squad-split-7,5.0,,Horror Squad,USD,,5.0,,$5,,
1599688953.69928&//nostrohoodsystem.bandcamp.com/track/yau-manifold-lithe-remix,https://f4.bcbits.com/img/a1769666089_7.jpg,t,1599688953.69928,ch,,Switzerland,t,£1,1.0,Yau Manifold (Lithe Remix),1769666089.0,//nostrohoodsystem.bandcamp.com/track/yau-manifold-lithe-remix,1.0,,Matthew Laundro,GBP,,1.3,,,,
1599688954.03643&//yialmelicfrequencies.bandcamp.com/album/play-ponds,https://f4.bcbits.com/img/a1743361533_7.jpg,a,1599688954.03643,gb,,United Kingdom,a,$2.50,2.5,Play Ponds,1743361533.0,//yialmelicfrequencies.bandcamp.com/album/play-ponds,2.5,,Yialmelic Frequencies,USD,,2.5,,,,
1599688954.95258&//mndsgn.bandcamp.com/album/forever-in-your-sun,https://f4.bcbits.com/img/a0259945681_7.jpg,a,1599688954.95258,gb,,United Kingdom,a,$5,4.5,Forever In Your Sun,259945681.0,//mndsgn.bandcamp.com/album/forever-in-your-sun,5.0,,Lionmilk & Mndsgn,USD,,5.0,,,,
1599688958.27048&//roguecuts.bandcamp.com/track/matthew-laundro-cave-level-galtiers-excavation,https://f4.bcbits.com/img/a2180130315_7.jpg,t,1599688958.2704802,ch,,Switzerland,t,$1 AUD,0.0,Matthew Laundro - Cave Level (Galtier's Excavation),2180130315.0,//roguecuts.bandcamp.com/track/matthew-laundro-cave-level-galtiers-excavation,1.0,,Rogue Cuts,AUD,Club Singles Vol. I,0.73,,,,
1599688959.70542&//mandolinorange.bandcamp.com/album/austin-city-limits-live-at-the-moody-theater-3,https://f4.bcbits.com/img/0021565153_37.jpg,p,1599688959.70542,us,,United States,a,$40,40.0,Second pressing - Clear 2x Vinyl LP,,//mandolinorange.bandcamp.com/album/austin-city-limits-live-at-the-moody-theater-3,40.0,,Mandolin Orange,USD,Austin City Limits Live at The Moody Theater,40.0,21565153.0,,,
1599688960.96537&//tuluumshimmering.bandcamp.com/album/happiness-is-drumming-fire-on-the-mountain-jam,https://f4.bcbits.com/img/a2542119941_7.jpg,a,1599688960.96537,gb,,United Kingdom,a,£2,0.0,Happiness is Drumming Fire on the Mountain Jam,2542119941.0,//tuluumshimmering.bandcamp.com/album/happiness-is-drumming-fire-on-the-mountain-jam,2.0,,Tuluum Shimmering,GBP,,2.6,,£2,,
1599688965.65115&//fabioorsi.bandcamp.com/album/di-lumi-e-chiarori-2,https://f4.bcbits.com/img/0018883220_37.jpg,p,1599688965.65115,gb,,United Kingdom,a,€26,26.0,4xCD BOX Set / ltd.250,,//fabioorsi.bandcamp.com/album/di-lumi-e-chiarori-2,26.0,,Fabio Orsi,EUR,Di Lumi E Chiarori,30.69,18883220.0,,,
1599688967.19653&//bellalune.bandcamp.com,https://f4.bcbits.com/img/a2629543560_7.jpg,b,1599688967.19653,us,,United States,,$29,28.760000228881804,full digital discography (8 releases),2629543560.0,//bellalune.bandcamp.com,29.0,8.0,Bella Lune,USD,,29.0,,,,
1599688970.88247&//kevinrichardmartin.bandcamp.com/album/its-time,https://f4.bcbits.com/img/a1845065182_7.jpg,a,1599688970.88247,nl,,Netherlands,a,€6,6.0,It's Time..,1845065182.0,//kevinrichardmartin.bandcamp.com/album/its-time,6.0,,King Midas Sound,EUR,,7.08,,,,
1599688972.27601&//assemblage23.bandcamp.com/album/mourn,https://f4.bcbits.com/img/a0218043235_7.jpg,a,1599688972.27601,us,,United States,a,$11,10.0,Mourn,218043235.0,//assemblage23.bandcamp.com/album/mourn,11.0,,Assemblage 23,USD,,11.0,,,,
1599688973.947&//desertinme.bandcamp.com/album/all-in-the-desert,https://f4.bcbits.com/img/a0932286520_7.jpg,a,1599688973.947,gr,,Greece,a,$10,9.98999977111816,ALL IN THE DESERT,932286520.0,//desertinme.bandcamp.com/album/all-in-the-desert,10.0,,Desert In Me,USD,,10.0,,,,
1599688979.27293&//humanbydefault.bandcamp.com/track/fairouz-li-beirut-bedouin-2020-tribute-rework,https://f4.bcbits.com/img/a2155703769_7.jpg,t,1599688979.27293,gr,,Greece,t,£2,2.0,Fairouz - Li Beirut (Bedouin 2020 Tribute Rework),2155703769.0,//humanbydefault.bandcamp.com/track/fairouz-li-beirut-bedouin-2020-tribute-rework,2.0,,Bedouin,GBP,,2.6,,,,
1599688981.88568&//sleepsinatra1.bandcamp.com/album/voodoo-kit,https://f4.bcbits.com/img/a2592078605_7.jpg,a,1599688981.88568,us,,United States,a,$10,10.0,Voodoo Kit,2592078605.0,//sleepsinatra1.bandcamp.com/album/voodoo-kit,10.0,,"Sleep Sinatra, Killer Kane",USD,,10.0,,,,
1599688988.97836&//yokoo.bandcamp.com/album/transition-ep,https://f4.bcbits.com/img/a3715821850_7.jpg,a,1599688988.97836,gr,,Greece,a,€6,6.0,Transition EP,3715821850.0,//yokoo.bandcamp.com/album/transition-ep,6.0,,YokoO,EUR,,7.08,,,,
1599688990.05138&//nguzunguzu1.bandcamp.com/album/stimulus,https://f4.bcbits.com/img/a0900836118_7.jpg,a,1599688990.0513802,fr,,France,a,$5,5.0,STIMULUS,900836118.0,//nguzunguzu1.bandcamp.com/album/stimulus,5.0,,MALUCA & NGUZU,USD,,5.0,,,,
1599688992.72267&//unleashthearchers.bandcamp.com/album/abyss,https://f4.bcbits.com/img/a0895831787_7.jpg,a,1599688992.7226698,de,,Germany,a,$12.99,9.98999977111816,Abyss,895831787.0,//unleashthearchers.bandcamp.com/album/abyss,12.99,,Unleash The Archers,USD,,12.99,,$3.00,,
1599688993.19354&//mlesprg.bandcamp.com/album/water-memory-mount-vision,https://f4.bcbits.com/img/a3910022181_7.jpg,a,1599688993.19354,us,,United States,a,$12,12.0,Water Memory / Mount Vision,3910022181.0,//mlesprg.bandcamp.com/album/water-memory-mount-vision,12.0,,Emily A. Sprague,USD,,12.0,,,,
1599688996.38066&//musicanamorph.bandcamp.com/track/the-crazy-and-the-fool,https://f4.bcbits.com/img/a1519178604_7.jpg,t,1599688996.38066,cl,,Chile,t,€3,3.0,The crazy and the fool,1519178604.0,//musicanamorph.bandcamp.com/track/the-crazy-and-the-fool,3.0,,Anamorph,EUR,Tavtun,3.54,,,,
1599689001.06407&//malachi-music.bandcamp.com/track/everybody-wants-to-be,https://f4.bcbits.com/img/a3572677866_7.jpg,t,1599689001.06407,br,,Brazil,t,£1.30,1.0,Everybody Wants To Be,3572677866.0,//malachi-music.bandcamp.com/track/everybody-wants-to-be,1.3,,Word Of Mouth,GBP,Word Of Mouth White Label Collection,1.69,,,,
1599689004.44718&//somosmusic.bandcamp.com/album/all-u-need-2-know,https://f4.bcbits.com/img/a0047713416_7.jpg,a,1599689004.44718,us,,United States,a,$2,2.0,All U Need 2 Know,47713416.0,//somosmusic.bandcamp.com/album/all-u-need-2-know,2.0,,Braintear Spookie,USD,,2.0,,,,
1599689007.1828&//btkmetal.bandcamp.com/album/bind-torture-kill,https://f4.bcbits.com/img/a1502863381_7.jpg,a,1599689007.1828,us,,United States,a,€1,0.0,Bind Torture Kill,1502863381.0,//btkmetal.bandcamp.com/album/bind-torture-kill,1.0,,BTK (Bind Torture Kill),EUR,,1.18,,,,
1599689007.30135&//btkmetal.bandcamp.com/album/visc-res,https://f4.bcbits.com/img/a1968449665_7.jpg,a,1599689007.30135,us,,United States,a,€5,5.0,Viscères,1968449665.0,//btkmetal.bandcamp.com/album/visc-res,5.0,,BTK (Bind Torture Kill),EUR,,5.9,,,,
1599689007.32468&//btkmetal.bandcamp.com/album/condamn,https://f4.bcbits.com/img/a3174156372_7.jpg,a,1599689007.32468,us,,United States,a,€4,4.0,Condamné,3174156372.0,//btkmetal.bandcamp.com/album/condamn,4.0,,Bind Torture Kill,EUR,,4.72,,,,
1599689011.65185&//shirleycollins.bandcamp.com/album/hearts-ease,https://f4.bcbits.com/img/a0641156071_7.jpg,a,1599689011.65185,gb,,United Kingdom,a,$9.99,9.98999977111816,Heart's Ease,641156071.0,//shirleycollins.bandcamp.com/album/hearts-ease,9.99,,Shirley Collins,USD,,9.99,,,,
1599689017.76879&//deadpirates.bandcamp.com/album/highmare,https://f4.bcbits.com/img/a2342681815_7.jpg,a,1599689017.76879,us,,United States,a,£7,7.0,HIGHMARE,2342681815.0,//deadpirates.bandcamp.com/album/highmare,7.0,,dead pirates,GBP,,9.09,,,,
1599689018.56031&//macadammambo.bandcamp.com/album/mmlp909-eva-geist-desf-n,https://f4.bcbits.com/img/0012590755_37.jpg,p,1599689018.56031,fr,,France,a,€15,15.0,LP,,//macadammambo.bandcamp.com/album/mmlp909-eva-geist-desf-n,15.0,,Eva Geist,EUR,"MMLP909 - EVA GEIST ""Desfãn""",17.71,12590755.0,,,
1599689018.74139&//macadammambo.bandcamp.com/album/mmx808-the-farmers-toss-your-salat,https://f4.bcbits.com/img/0015987185_37.jpg,p,1599689018.74139,fr,,France,a,€8,8.0,EP,,//macadammambo.bandcamp.com/album/mmx808-the-farmers-toss-your-salat,8.0,,"The Farmers, KonsNix, Heninspace",EUR,"MMX808 - THE FARMERS ""Toss Your Salat""",9.44,15987185.0,,,
1599689019.32941&//djswisha.bandcamp.com/album/nothing-but-net,https://f4.bcbits.com/img/a0457373089_7.jpg,a,1599689019.32941,us,,United States,a,$5,5.0,Nothing But Net,457373089.0,//djswisha.bandcamp.com/album/nothing-but-net,5.0,,DJ SWISHA,USD,,5.0,,,,
1599689023.81408&//samgoya.bandcamp.com/track/expresso,https://f4.bcbits.com/img/a2377741573_7.jpg,t,1599689023.81408,cl,,Chile,t,€2.50,2.5,Expresso,2377741573.0,//samgoya.bandcamp.com/track/expresso,2.5,,Sam Goya,EUR,,2.95,,,,
1599689024.72853&//shreder.bandcamp.com/album/split,https://f4.bcbits.com/img/a0156675517_7.jpg,a,1599689024.7285302,fr,,France,a,€4,4.0,Split,156675517.0,//shreder.bandcamp.com/album/split,4.0,,SHRED'ER,EUR,,4.72,,,,
1599689033.02348&//bossbattlerecords.bandcamp.com/album/no-straight-roads-original-soundtrack,https://f4.bcbits.com/img/a0878806850_7.jpg,a,1599689033.0234802,us,,United States,a,$15,10.0,No Straight Roads (Original Soundtrack),878806850.0,//bossbattlerecords.bandcamp.com/album/no-straight-roads-original-soundtrack,15.0,,"James Landino, Funk Fiction, Falk Au Yeong, Andy Tunstall",USD,,15.0,,$5,,
1599689034.28691&//tvgirl.bandcamp.com/album/french-exit,https://f4.bcbits.com/img/0021557934_37.jpg,p,1599689034.28691,fr,,France,a,$20,20.0,French Exit Repress,,//tvgirl.bandcamp.com/album/french-exit,20.0,,TV Girl,USD,French Exit,20.0,21557934.0,,,
1599689038.39351&//8205.bandcamp.com/album/mega-city-2-spice,https://f4.bcbits.com/img/a1983720775_7.jpg,a,1599689038.39351,us,,United States,a,£2.50,2.5,Mega City 2 - Spice,1983720775.0,//8205.bandcamp.com/album/mega-city-2-spice,2.5,,Mega City 2,GBP,,3.25,,,,
1599689044.85914&//dubmusik2.bandcamp.com/track/lock-87,https://f4.bcbits.com/img/a3375101625_7.jpg,t,1599689044.8591402,cl,,Chile,t,€2.50,2.5,Lock 87,3375101625.0,//dubmusik2.bandcamp.com/track/lock-87,2.5,,DUB Musik,EUR,XAVEMA - Lock 263587 EP,2.95,,,,
1599689049.3344&//nashvillecovers.bandcamp.com/album/live-at-the-bluebird-a-nashville-the-tv-show-covers-compilation,https://f4.bcbits.com/img/a1845355548_7.jpg,a,1599689049.3344,us,,United States,a,$2,0.0,Live at the Bluebird: A Nashville (THE TV SHOW) Covers Compilation,1845355548.0,//nashvillecovers.bandcamp.com/album/live-at-the-bluebird-a-nashville-the-tv-show-covers-compilation,2.0,,Nashville Covers,USD,,2.0,,,,
1599689050.4279&//leoshannon.bandcamp.com/album/most-high-thing,https://f4.bcbits.com/img/a1503167998_7.jpg,a,1599689050.4279,us,,United States,a,$10,6.0,Most High Thing,1503167998.0,//leoshannon.bandcamp.com/album/most-high-thing,10.0,,Leo Shannon,USD,,10.0,,$4,,
1599689054.05059&//evergreen2.bandcamp.com/track/final-fantasy-vi-dancing-mad-symphonic-arrange,https://f4.bcbits.com/img/a2295625698_7.jpg,t,1599689054.05059,ca,,Canada,t,$2,0.0,Final Fantasy VI - Dancing Mad (Symphonic Arrange),2295625698.0,//evergreen2.bandcamp.com/track/final-fantasy-vi-dancing-mad-symphonic-arrange,2.0,,Sangnoksu,USD,,2.0,,,,
1599689056.38288&//therealselfhood.bandcamp.com/album/free-for-all,https://f4.bcbits.com/img/a2614212819_7.jpg,a,1599689056.38288,us,,United States,a,£0.50,0.0,Free For All,2614212819.0,//therealselfhood.bandcamp.com/album/free-for-all,0.5,,SELFHOOD,GBP,,0.65,,,,
1599689056.62163&//kingmost.bandcamp.com/album/pancakes-sequel,https://f4.bcbits.com/img/a0765252786_7.jpg,a,1599689056.6216302,us,,United States,a,$7,7.0,PANCAKES SEQUEL,765252786.0,//kingmost.bandcamp.com/album/pancakes-sequel,7.0,,King Most,USD,,7.0,,,,
1599689059.6626&//vanishingtwinmusic.bandcamp.com/album/cryonic-suspension-may-save-your-life-extended-life-version-who-wants-to-live-forever,https://f4.bcbits.com/img/0018535744_37.jpg,p,1599689059.6626,de,,Germany,a,£10,10.0,"Limited Edition 12"" Vinyl",,//vanishingtwinmusic.bandcamp.com/album/cryonic-suspension-may-save-your-life-extended-life-version-who-wants-to-live-forever,10.0,,Vanishing Twin,GBP,Cryonic Suspension May Save Your Life (Extended Life Version) / Who Wants to Live Forever?,12.99,18535744.0,,,
1599689059.85809&//bedouine.bandcamp.com/track/thirteen,https://f4.bcbits.com/img/a2674244168_7.jpg,t,1599689059.85809,us,,United States,t,$1.75,1.0,Thirteen,2674244168.0,//bedouine.bandcamp.com/track/thirteen,1.75,,"Bedouine, Waxahatchee, Hurray for the Riff Raff",USD,,1.75,,,,
1599689064.50447&//bottombracketil.bandcamp.com/album/i-dont-care-enough-to-stay,https://f4.bcbits.com/img/a1708976832_7.jpg,a,1599689064.50447,us,,United States,a,$6,6.0,I Don't Care Enough to Stay,1708976832.0,//bottombracketil.bandcamp.com/album/i-dont-care-enough-to-stay,6.0,,Bottom Bracket,USD,,6.0,,,,
1599689067.42577&//hyvmine.bandcamp.com,https://f4.bcbits.com/img/a2835585908_7.jpg,b,1599689067.4257698,us,,United States,,$10,9.579999923706051,full digital discography (5 releases),2835585908.0,//hyvmine.bandcamp.com,10.0,5.0,HYVMINE,USD,,10.0,,,,
1599689069.76853&//zorajones.bandcamp.com/album/ten-billion-angels,https://f4.bcbits.com/img/a0083763488_7.jpg,a,1599689069.76853,fr,,France,a,$10,10.0,Ten Billion Angels,83763488.0,//zorajones.bandcamp.com/album/ten-billion-angels,10.0,,Zora Jones,USD,,10.0,,,,
1599689072.92474&//garlabanklubmuzikk.bandcamp.com/album/gkm-vol-01,https://f4.bcbits.com/img/a3166307302_7.jpg,a,1599689072.92474,de,,Germany,a,€0.50,0.0,GKM VOL. 01,3166307302.0,//garlabanklubmuzikk.bandcamp.com/album/gkm-vol-01,0.5,,GARLABAN KLUB MUZiKK,EUR,,0.59,,,,
1599689075.70923&//djnativesun.bandcamp.com/album/refix-szn-vol-3,https://f4.bcbits.com/img/a1739315451_7.jpg,a,1599689075.7092302,us,,United States,a,$3,3.0,REFIX SZN VOL 3,1739315451.0,//djnativesun.bandcamp.com/album/refix-szn-vol-3,3.0,,DJ Nativesun,USD,,3.0,,,,
1599689082.74557&//sakerecords.bandcamp.com/track/men-i-trust-lauren-oden-fatzo-edit,https://f4.bcbits.com/img/a1684366554_7.jpg,t,1599689082.74557,fr,,France,t,€0.50,0.0,Men I Trust - Lauren (Oden & Fatzo Edit),1684366554.0,//sakerecords.bandcamp.com/track/men-i-trust-lauren-oden-fatzo-edit,0.5,,Oden & Fatzo,EUR,,0.59,,,,
1599689085.02912&//garefowl.bandcamp.com/album/cliffs,https://f4.bcbits.com/img/0021129105_37.jpg,p,1599689085.02912,gb,,United Kingdom,a,£12,12.0,Compact Disc,,//garefowl.bandcamp.com/album/cliffs,12.0,,Garefowl,GBP,Cliffs,15.59,21129105.0,,,
1599689086.71194&//mandolinorange.bandcamp.com/album/austin-city-limits-live-at-the-moody-theater-3,https://f4.bcbits.com/img/0021565153_37.jpg,p,1599689086.71194,us,,United States,a,$50,40.0,Second pressing - Clear 2x Vinyl LP,,//mandolinorange.bandcamp.com/album/austin-city-limits-live-at-the-moody-theater-3,50.0,,Mandolin Orange,USD,Austin City Limits Live at The Moody Theater,50.0,21565153.0,$10,,
1599689088.84021&//sc-oneofficial.bandcamp.com/album/the-millennial-edits,https://f4.bcbits.com/img/a0432981600_7.jpg,a,1599689088.84021,us,,United States,a,$11,10.0,The Millennial Edits,432981600.0,//sc-oneofficial.bandcamp.com/album/the-millennial-edits,11.0,,SC-ONE Official,USD,,11.0,,,,
1599689089.91432&//mandolinorange.bandcamp.com/album/austin-city-limits-live-at-the-moody-theater-3,https://f4.bcbits.com/img/0021565153_37.jpg,p,1599689089.91432,us,,United States,a,$40,40.0,Second pressing - Clear 2x Vinyl LP,,//mandolinorange.bandcamp.com/album/austin-city-limits-live-at-the-moody-theater-3,40.0,,Mandolin Orange,USD,Austin City Limits Live at The Moody Theater,40.0,21565153.0,,,
1599689092.33621&//keithgrave.bandcamp.com/album/shielded-by-death-vol-1-busted-at-the-lit,https://f4.bcbits.com/img/a0686646189_7.jpg,a,1599689092.33621,us,,United States,a,$7,7.0,Shielded By Death - Vol. 1 Busted At The Lit,686646189.0,//keithgrave.bandcamp.com/album/shielded-by-death-vol-1-busted-at-the-lit,7.0,,Various,USD,,7.0,,,,
1599689098.07826&//notebookrecordsjp.bandcamp.com/track/red-rize-revo-remixed-by-cranky,https://f4.bcbits.com/img/a2741288908_7.jpg,t,1599689098.07826,au,,Australia,t,¥200,400.0,Red-Rize-Revo (Remixed by Cranky),2741288908.0,//notebookrecordsjp.bandcamp.com/track/red-rize-revo-remixed-by-cranky,400.0,,wint,JPY,YATSUZAKI HARDCORE VOLUME 4,3.76,,,/album/,1.0
1599689098.10403&//notebookrecordsjp.bandcamp.com/track/julianize,https://f4.bcbits.com/img/a0679509207_7.jpg,t,1599689098.10403,au,,Australia,t,¥200,200.0,JULIANIZE,679509207.0,//notebookrecordsjp.bandcamp.com/track/julianize,200.0,,wint,JPY,YATSUZAKI HARDCORE VOLUME 2,1.88,,,,
1599689098.86729&//oslated.bandcamp.com/track/general-noise-iii-saphileaums-3rd-sky-digital-only,https://f4.bcbits.com/img/a2164220494_7.jpg,t,1599689098.86729,fr,,France,t,$1.50,1.5,General Noise III (Saphileaum's 3rd Sky) [Digital Only],2164220494.0,//oslated.bandcamp.com/track/general-noise-iii-saphileaums-3rd-sky-digital-only,1.5,,Javier Marimon,USD,General Noise [OSP001] (Reissue),1.5,,,,
1599689098.90941&//notebookrecordsjp.bandcamp.com/track/shc-xtc-feat-ddnakatametal,https://f4.bcbits.com/img/a2767005986_7.jpg,t,1599689098.90941,au,,Australia,t,¥200,200.0,SHC×XTC feat.DD''NAKATA''METAL,2767005986.0,//notebookrecordsjp.bandcamp.com/track/shc-xtc-feat-ddnakatametal,200.0,,wint,JPY,YATSUZAKI HARDCORE VOLUME 5,1.88,,,,
1599689101.91671&//mandolinorange.bandcamp.com/album/austin-city-limits-live-at-the-moody-theater-3,https://f4.bcbits.com/img/0021565153_37.jpg,p,1599689101.91671,us,,United States,a,$40,40.0,Second pressing - Clear 2x Vinyl LP,,//mandolinorange.bandcamp.com/album/austin-city-limits-live-at-the-moody-theater-3,40.0,,Mandolin Orange,USD,Austin City Limits Live at The Moody Theater,40.0,21565153.0,,,
1599689102.57742&//jaymiesilk.bandcamp.com/album/from-the-club-to-the-bedroom,https://f4.bcbits.com/img/a3580840852_7.jpg,a,1599689102.57742,us,,United States,a,€9.99,9.98999977111816,FROM THE CLUB TO THE BEDROOM,3580840852.0,//jaymiesilk.bandcamp.com/album/from-the-club-to-the-bedroom,9.99,,Jaymie Silk,EUR,,11.79,,,,
1599689104.25366&//lowless.bandcamp.com/album/rhizome-03-part-1,https://f4.bcbits.com/img/a2452055628_7.jpg,a,1599689104.25366,fr,,France,a,€6,6.0,Rhizome 03 - Part 1,2452055628.0,//lowless.bandcamp.com/album/rhizome-03-part-1,6.0,,Various Artists,EUR,,7.08,,,,
1599689104.67512&//dragonseyerecordings.bandcamp.com/album/spiral,https://f4.bcbits.com/img/a1736567315_7.jpg,a,1599689104.67512,au,,Australia,a,$8.50,8.0,Spiral,1736567315.0,//dragonseyerecordings.bandcamp.com/album/spiral,8.5,,Pé,USD,,8.5,,,,
1599689107.04942&//necrot.bandcamp.com/merch/demongram-face-mask,https://f4.bcbits.com/img/0020716057_37.jpg,p,1599689107.04942,us,,United States,p,$10,9.98999977111816,Demongram Face Mask,,//necrot.bandcamp.com/merch/demongram-face-mask,10.0,,Necrot,USD,,10.0,20716057.0,,,
1599689107.77421&//necrot.bandcamp.com/album/mortal,https://f4.bcbits.com/img/0020311207_37.jpg,p,1599689107.77421,us,,United States,a,$14.99,14.9899997711182,Digipack CD Limited,,//necrot.bandcamp.com/album/mortal,14.99,,Necrot,USD,Mortal,14.99,20311207.0,,,
1599689107.81083&//necrot.bandcamp.com/merch/mortal-coffin-patch,https://f4.bcbits.com/img/0020311924_37.jpg,p,1599689107.81083,us,,United States,p,$7.99,7.98999977111816,Mortal Coffin Patch,,//necrot.bandcamp.com/merch/mortal-coffin-patch,7.99,,Necrot,USD,,7.99,20311924.0,,,
1599689108.27886&//patronusrecords.bandcamp.com/track/ravenroll,https://f4.bcbits.com/img/a0353476587_7.jpg,t,1599689108.27886,fr,,France,t,€1.50,1.5,Rave'n'roll,353476587.0,//patronusrecords.bandcamp.com/track/ravenroll,1.5,,Spirit Shifter & Woobler,EUR,The First Phase,1.77,,,,
1599689108.98852&//tsuioku-circuit.bandcamp.com/album/final-v9-wav,https://f4.bcbits.com/img/a0452616085_7.jpg,a,1599689108.98852,fr,,France,a,¥999,0.0,あたいの最強の歌_FINAL_v9.wav,452616085.0,//tsuioku-circuit.bandcamp.com/album/final-v9-wav,999.0,,追憶サーキット,JPY,,9.41,,¥999,,
1599689109.30958&//voida.bandcamp.com/album/dekada,https://f4.bcbits.com/img/a4236302492_7.jpg,a,1599689109.30958,us,,United States,a,$10,0.0,Dekada,4236302492.0,//voida.bandcamp.com/album/dekada,10.0,,Voida,USD,,10.0,,$10,,
1599689111.75951&//alfamist.bandcamp.com/track/keep-on,https://f4.bcbits.com/img/a2935089641_7.jpg,t,1599689111.75951,us,,United States,t,£1,2.0,Keep On,2935089641.0,//alfamist.bandcamp.com/track/keep-on,2.0,,Alfa Mist,GBP,Antiphon,2.6,,,/album/,1.0
1599689114.65605&//aristide17.bandcamp.com/track/baiana-rave-mix,https://f4.bcbits.com/img/a0819493323_7.jpg,t,1599689114.65605,fr,,France,t,€1,1.0,Baiana (Rave mix),819493323.0,//aristide17.bandcamp.com/track/baiana-rave-mix,1.0,,Aristide,EUR,,1.18,,,,
1599689122.57402&//fkymusic.bandcamp.com/album/offroad-01,https://f4.bcbits.com/img/a3638300307_7.jpg,a,1599689122.57402,fr,,France,a,€3,3.0,Offroad 01,3638300307.0,//fkymusic.bandcamp.com/album/offroad-01,3.0,,Fky,EUR,,3.54,,,,
1599689126.65249&//europeancarryall.bandcamp.com/track/mariner-99-mix,https://f4.bcbits.com/img/a3142504573_7.jpg,t,1599689126.65249,pl,,Poland,t,€2,2.0,Mariner (9.9 Mix),3142504573.0,//europeancarryall.bandcamp.com/track/mariner-99-mix,2.0,,Telephones,EUR,From The Vaults 1998-2018 Vol. 2,2.36,,,,
1599689126.94966&//officialastarinite.bandcamp.com/album/until-the-end-of-the-moon,https://f4.bcbits.com/img/a3306076405_7.jpg,a,1599689126.94966,br,,Brazil,a,$1,0.0,Until the End of the Moon,3306076405.0,//officialastarinite.bandcamp.com/album/until-the-end-of-the-moon,1.0,,Astari Nite,USD,,1.0,,,,
1599689133.35644&//emmythegreat.bandcamp.com/album/april,https://f4.bcbits.com/img/0020778226_37.jpg,p,1599689133.35644,gb,,United Kingdom,a,£10,9.98999977111816,Compact Disc,,//emmythegreat.bandcamp.com/album/april,10.0,,Emmy The Great,GBP,April / 月音,12.99,20778226.0,,,
1599689134.18046&https://suitoflights.com,https://f4.bcbits.com/img/a3492381632_7.jpg,b,1599689134.18046,us,,United States,,$6.75,6.75,full digital discography (5 releases),3492381632.0,https://suitoflights.com,6.75,5.0,Suit of Lights,USD,,6.75,,,,
1599689135.55967&//alanbraufman.bandcamp.com/album/the-fire-still-burns,https://f4.bcbits.com/img/0020086304_37.jpg,p,1599689135.55967,us,,United States,a,$22,22.0,Black vinyl LP,,//alanbraufman.bandcamp.com/album/the-fire-still-burns,22.0,,Alan Braufman,USD,The Fire Still Burns,22.0,20086304.0,,,
1599689137.47954&//khruangbin.bandcamp.com/album/con-todo-el-mundo-n-s-america-edition,https://f4.bcbits.com/img/0011692787_37.jpg,p,1599689137.47954,ca,,Canada,a,$12.99,12.9899997711182,Retail CD,,//khruangbin.bandcamp.com/album/con-todo-el-mundo-n-s-america-edition,12.99,,Khruangbin,USD,Con Todo El Mundo (N & S America Edition),12.99,11692787.0,,,
1599689140.77816&//karkhana.bandcamp.com/album/bitter-balls,https://f4.bcbits.com/img/a1833468420_7.jpg,a,1599689140.77816,at,,Austria,a,$9,9.0,Bitter Balls,1833468420.0,//karkhana.bandcamp.com/album/bitter-balls,9.0,,Karkhana,USD,,9.0,,,,
1599689141.38231&//plamen.bandcamp.com/album/--4,https://f4.bcbits.com/img/a0841346680_7.jpg,a,1599689141.38231,ru,,Russian Federation,a,€6.18,6.17999982833862,Анабасис Духа,841346680.0,//plamen.bandcamp.com/album/--4,6.18,,ПЛАМЕНЬ (PLAMEN),EUR,,7.29,,,,
1599689141.74232&//shlohmo.bandcamp.com/album/heaven-inc-ep,https://f4.bcbits.com/img/0021037562_37.jpg,p,1599689141.7423198,us,,United States,a,$13,13.0,"Heaven Inc. / Looking At Plants 7""",,//shlohmo.bandcamp.com/album/heaven-inc-ep,13.0,,Shlohmo,USD,Heaven Inc. EP,13.0,21037562.0,,,
1599689147.75504&//simonposford.bandcamp.com/album/flux-contemplation-portrait-of-an-artist-in-isolation,https://f4.bcbits.com/img/a1502955120_7.jpg,a,1599689147.75504,us,,United States,a,£8,7.98999977111816,Flux & Contemplation - Portrait of an Artist in Isolation,1502955120.0,//simonposford.bandcamp.com/album/flux-contemplation-portrait-of-an-artist-in-isolation,8.0,,Simon Posford,GBP,,10.39,,,,
1599689149.03059&//flumo.bandcamp.com/album/fltd015-cosmic-echoes,https://f4.bcbits.com/img/0021055772_37.jpg,p,1599689149.03059,gb,,United Kingdom,a,€10.99,10.9899997711182,"Limited 12""",,//flumo.bandcamp.com/album/fltd015-cosmic-echoes,10.99,,Contours & Yadava,EUR,FLTD015 :: Cosmic Echoes,12.97,21055772.0,,,
1599689149.88396&//mandolinorange.bandcamp.com/album/austin-city-limits-live-at-the-moody-theater-3,https://f4.bcbits.com/img/0021565153_37.jpg,p,1599689149.88396,ca,,Canada,a,$40,40.0,Second pressing - Clear 2x Vinyl LP,,//mandolinorange.bandcamp.com/album/austin-city-limits-live-at-the-moody-theater-3,40.0,,Mandolin Orange,USD,Austin City Limits Live at The Moody Theater,40.0,21565153.0,,,
1599689150.0411&//homicidrecords.bandcamp.com/track/basswell-breakbeat,https://f4.bcbits.com/img/a1771473503_7.jpg,t,1599689150.0411,de,,Germany,t,€1.50,1.5,Basswell - BreakBeat,1771473503.0,//homicidrecords.bandcamp.com/track/basswell-breakbeat,1.5,,Homicid Records,EUR,,1.77,,,,
1599689151.23797&//turboknight.bandcamp.com/track/neuromancer,https://f4.bcbits.com/img/a0156789814_7.jpg,t,1599689151.23797,ca,,Canada,t,€0.50,0.5,Neuromancer,156789814.0,//turboknight.bandcamp.com/track/neuromancer,0.5,,Turbo Knight,EUR,,0.59,,,,
1599689153.51084&//technopsis.bandcamp.com/merch/pre-order-anti-commercial-sounds-t-shirt-reload,https://f4.bcbits.com/img/0021454887_37.jpg,p,1599689153.51084,gb,,United Kingdom,p,€20,20.0,[Pre-order] Anti Commercial Sounds t-shirt (Reload),,//technopsis.bandcamp.com/merch/pre-order-anti-commercial-sounds-t-shirt-reload,20.0,,Technopsis,EUR,,23.61,21454887.0,,,
1599689156.10531&//viqmusic.bandcamp.com/track/illusion,https://f4.bcbits.com/img/a4013572670_7.jpg,t,1599689156.10531,ca,,Canada,t,€0.50,0.0,Illusion,4013572670.0,//viqmusic.bandcamp.com/track/illusion,0.5,,VIQ,EUR,,0.59,,,,
1599689158.81777&//mephiskapheles.bandcamp.com,https://f4.bcbits.com/img/a1836414583_7.jpg,b,1599689158.81777,us,,United States,,$14.40,14.3999996185303,full digital discography (3 releases),1836414583.0,//mephiskapheles.bandcamp.com,14.4,3.0,Mephiskapheles,USD,,14.4,,,,
1599689159.03262&//sergeantthunderhoof.bandcamp.com/album/delicate-sound-of-thunderhoof,https://f4.bcbits.com/img/0021454689_37.jpg,p,1599689159.03262,gb,,United Kingdom,a,£22,22.0,Mendip Hills Edition,,//sergeantthunderhoof.bandcamp.com/album/delicate-sound-of-thunderhoof,22.0,,Sergeant Thunderhoof,GBP,Delicate Sound of Thunderhoof,28.58,21454689.0,,,
1599689159.6534&//sonarkollektiv.bandcamp.com/track/take-the-fall-feat-pete-josef,https://f4.bcbits.com/img/a2460170837_7.jpg,t,1599689159.6534,de,,Germany,t,€1,1.0,Take The Fall feat. Pete Josef,2460170837.0,//sonarkollektiv.bandcamp.com/track/take-the-fall-feat-pete-josef,1.0,,Paskal & Urban Absolutes,EUR,Sonar Kollektiv 21 Years... Vergnügen,1.18,,,,
1599689159.87274&//mungoshifi.bandcamp.com/album/soul-radio,https://f4.bcbits.com/img/a2947336024_7.jpg,a,1599689159.87274,es,,Spain,a,£8,8.0,Soul Radio,2947336024.0,//mungoshifi.bandcamp.com/album/soul-radio,8.0,,Mungo's Hi Fi x Marina P,GBP,,10.39,,,,
1599689161.57523&//krosia.bandcamp.com/track/last-horizon,https://f4.bcbits.com/img/a4270182942_7.jpg,t,1599689161.57523,ca,,Canada,t,€1,1.0,Last Horizon,4270182942.0,//krosia.bandcamp.com/track/last-horizon,1.0,,Krosia,EUR,,1.18,,,,
1599689161.85659&//krosia.bandcamp.com/track/viq-krosia-fragments,https://f4.bcbits.com/img/a2727282279_7.jpg,t,1599689161.85659,ca,,Canada,t,€1,1.0,VIQ & Krosia - Fragments,2727282279.0,//krosia.bandcamp.com/track/viq-krosia-fragments,1.0,,Krosia,EUR,,1.18,,,,
1599689162.68012&//renatazeiguer.bandcamp.com/album/faraway-business,https://f4.bcbits.com/img/a3160493834_7.jpg,a,1599689162.68012,at,,Austria,a,$4,4.0,Faraway Business,3160493834.0,//renatazeiguer.bandcamp.com/album/faraway-business,4.0,,Renata Zeiguer,USD,,4.0,,,,
1599689164.25813&//tropicalfstorm.bandcamp.com/album/legal-ghost-heaven,https://f4.bcbits.com/img/a0729786142_7.jpg,a,1599689164.25813,us,,United States,a,$5,2.0,Legal Ghost / Heaven,729786142.0,//tropicalfstorm.bandcamp.com/album/legal-ghost-heaven,5.0,,TFS,USD,,5.0,,$3,,
1599689167.11833&//durbatuluk.bandcamp.com/album/aus-anderen-augen,https://f4.bcbits.com/img/0021212790_37.jpg,p,1599689167.11833,no,,Norway,a,€4.50,4.5,Limited Edition Compact Disc,,//durbatuluk.bandcamp.com/album/aus-anderen-augen,4.5,,Durbatuluk,EUR,Aus anderen Augen,5.31,21212790.0,,,
1599689169.95306&//bellows.bandcamp.com/album/fist-palm,https://f4.bcbits.com/img/0008451109_37.jpg,p,1599689169.95306,us,,United States,a,$17,15.0,"""Fist & Palm"" vinyl record",,//bellows.bandcamp.com/album/fist-palm,17.0,,Bellows,USD,Fist & Palm,17.0,8451109.0,,,
1599689170.49418&//cosmicpintglass.bandcamp.com/track/clouds-over-canigou-m-zaika-remix,https://f4.bcbits.com/img/a3282726886_7.jpg,t,1599689170.49418,nl,,Netherlands,t,£1,1.0,Clouds Over Canigou Møzaika Remix,3282726886.0,//cosmicpintglass.bandcamp.com/track/clouds-over-canigou-m-zaika-remix,1.0,,Luke Sanger,GBP,Mountain Dance,1.3,,,,
1599689170.71212&//badbadnotgood.bandcamp.com/album/sour-soul-instrumentals,https://f4.bcbits.com/img/a3760592568_7.jpg,a,1599689170.7121198,us,,United States,a,£7,7.0,Sour Soul Instrumentals,3760592568.0,//badbadnotgood.bandcamp.com/album/sour-soul-instrumentals,7.0,,BADBADNOTGOOD,GBP,,9.09,,,,
1599689174.63439&//jaydiggs.bandcamp.com/track/w-a-p-funk,https://f4.bcbits.com/img/a0522407827_7.jpg,t,1599689174.63439,us,,United States,t,$0.69,0.0,W.A.P. (Funk),522407827.0,//jaydiggs.bandcamp.com/track/w-a-p-funk,0.69,,Jay Diggs,USD,,0.69,,,,
1599689177.94025&//hauntthenation.bandcamp.com/album/flashback,https://f4.bcbits.com/img/0019743812_37.jpg,p,1599689177.94025,de,,Germany,a,$12,12.0,Flashblack Cassette,,//hauntthenation.bandcamp.com/album/flashback,12.0,,Haunt,USD,Flashback,12.0,19743812.0,,,
1599689178.19544&//relapsealumni.bandcamp.com/album/times-of-grace,https://f4.bcbits.com/img/0004162724_37.jpg,p,1599689178.19544,ca,,Canada,a,$12,12.0,Times of Grace CD,,//relapsealumni.bandcamp.com/album/times-of-grace,12.0,,Neurosis,USD,Times of Grace,12.0,4162724.0,,,
1599689178.23861&//badtimerecords.bandcamp.com/album/ska-against-racism,https://f4.bcbits.com/img/a0405232752_7.jpg,a,1599689178.23861,us,,United States,a,$2,1.0,Ska Against Racism,405232752.0,//badtimerecords.bandcamp.com/album/ska-against-racism,2.0,,Bad Time Records,USD,,2.0,,,,
1599689182.04145&//ellenorvora.bandcamp.com/track/crafted,https://f4.bcbits.com/img/a0300467795_7.jpg,t,1599689182.04145,it,,Italy,t,€2,0.0,Crafted,300467795.0,//ellenorvora.bandcamp.com/track/crafted,2.0,,Ellenor Vora,EUR,,2.36,,€2,,
1599689182.4824&//ellenorvora.bandcamp.com/album/all-the-shards,https://f4.bcbits.com/img/a0816857837_7.jpg,a,1599689182.4824,it,,Italy,a,€8,7.0,All the Shards,816857837.0,//ellenorvora.bandcamp.com/album/all-the-shards,8.0,,Ellenor Vora,EUR,,9.44,,,,
1599689182.52771&//ellenorvora.bandcamp.com/track/my-own-bed,https://f4.bcbits.com/img/a0264960510_7.jpg,t,1599689182.52771,it,,Italy,t,€2,0.0,My Own Bed,264960510.0,//ellenorvora.bandcamp.com/track/my-own-bed,2.0,,Ellenor Vora,EUR,,2.36,,€2,,
1599689183.80819&//honestjonsrecords.bandcamp.com/album/wireless,https://f4.bcbits.com/img/a1928813068_7.jpg,a,1599689183.80819,at,,Austria,a,£4,4.0,Wireless,1928813068.0,//honestjonsrecords.bandcamp.com/album/wireless,4.0,,T++,GBP,,5.2,,,,
1599689185.22682&//blackvalley.bandcamp.com/album/awaken-from-slumber,https://f4.bcbits.com/img/a0826873632_7.jpg,a,1599689185.22682,us,,United States,a,50 SEK,6.0,Awaken From Slumber,826873632.0,//blackvalley.bandcamp.com/album/awaken-from-slumber,50.0,,Black Valley,SEK,,5.7,,44,,
1599689187.20807&//bedouine.bandcamp.com/track/thirteen,https://f4.bcbits.com/img/a2674244168_7.jpg,t,1599689187.20807,us,,United States,t,$1,1.0,Thirteen,2674244168.0,//bedouine.bandcamp.com/track/thirteen,1.0,,"Bedouine, Waxahatchee, Hurray for the Riff Raff",USD,,1.0,,,,
1599689189.89849&//vonder.bandcamp.com/album/forlorn,https://f4.bcbits.com/img/a2401250733_7.jpg,a,1599689189.89849,it,,Italy,a,€4,2.0,Forlorn,2401250733.0,//vonder.bandcamp.com/album/forlorn,4.0,,Vonder,EUR,,4.72,,€2,,
1599689190.24719&//mansurbrown2.bandcamp.com/album/tesuto,https://f4.bcbits.com/img/a1197118939_7.jpg,a,1599689190.24719,gb,,United Kingdom,a,£4.99,4.98999977111816,Tesuto,1197118939.0,//mansurbrown2.bandcamp.com/album/tesuto,4.99,,Mansur Brown,GBP,,6.48,,,,
1599689190.71953&//denguedenguedengue.bandcamp.com/album/fiebre,https://f4.bcbits.com/img/0021558244_37.jpg,p,1599689190.71953,nl,,Netherlands,a,€15,15.0,"Limited Edition 12"" vinyl",,//denguedenguedengue.bandcamp.com/album/fiebre,15.0,,Dengue Dengue Dengue,EUR,Fiebre,17.71,21558244.0,,,
1599689194.59134&//palissade.bandcamp.com/album/palissade,https://f4.bcbits.com/img/a0444694774_7.jpg,a,1599689194.59134,it,,Italy,a,$7 CAD,7.0,Palissade,444694774.0,//palissade.bandcamp.com/album/palissade,7.0,,Palissade,CAD,,5.32,,,,
1599689199.53004&//bitcevskypark.bandcamp.com/album/temno-i-strashno,https://f4.bcbits.com/img/a2500746546_7.jpg,a,1599689199.53004,it,,Italy,a,$7,7.0,Temno i Strashno,2500746546.0,//bitcevskypark.bandcamp.com/album/temno-i-strashno,7.0,,Bitcevsky park,USD,,7.0,,,,
1599689200.88505&//tvgirl.bandcamp.com/album/french-exit,https://f4.bcbits.com/img/0021557934_37.jpg,p,1599689200.88505,us,,United States,a,$25,20.0,French Exit Repress,,//tvgirl.bandcamp.com/album/french-exit,25.0,,TV Girl,USD,French Exit,25.0,21557934.0,$5,,
1599689201.09654&//mandolinorange.bandcamp.com/album/austin-city-limits-live-at-the-moody-theater-3,https://f4.bcbits.com/img/0021565153_37.jpg,p,1599689201.09654,us,,United States,a,$40,40.0,Second pressing - Clear 2x Vinyl LP,,//mandolinorange.bandcamp.com/album/austin-city-limits-live-at-the-moody-theater-3,40.0,,Mandolin Orange,USD,Austin City Limits Live at The Moody Theater,40.0,21565153.0,,,
1599689204.81327&//utmusic.bandcamp.com/album/in-guts-house-2,https://f4.bcbits.com/img/a0466648853_7.jpg,a,1599689204.81327,us,,United States,a,£8,8.0,In Gut's House,466648853.0,//utmusic.bandcamp.com/album/in-guts-house-2,8.0,,Ut,GBP,,10.39,,,,
1599689205.68186&//htrk.bandcamp.com/album/real-headfuck-reverse-d-j-vu,https://f4.bcbits.com/img/a0962380955_7.jpg,a,1599689205.68186,it,,Italy,a,$4 AUD,4.0,ヾ(⌐■_■)ノ♪ *･ﾟ✧ ✧ﾟ*ヽReal Headfuck ♪  *♪ Reverse Déjà Vu *:･ﾟ,962380955.0,//htrk.bandcamp.com/album/real-headfuck-reverse-d-j-vu,4.0,,HTRK,AUD,,2.91,,,,
1599689206.93813&//wavinghandsrecords.bandcamp.com/album/la-historia-de-tu-alma-7,https://f4.bcbits.com/img/0015224340_37.jpg,p,1599689206.93813,fr,,France,a,€10,10.0,"Limited Edition 7"" Vinyl",,//wavinghandsrecords.bandcamp.com/album/la-historia-de-tu-alma-7,10.0,,Claus Comedi,EUR,"La Historia De Tu Alma 7""",11.8,15224340.0,,,
1599689209.8999&//acidtestrecords.bandcamp.com/album/ociya-powers-of-ten,https://f4.bcbits.com/img/a2155382457_7.jpg,a,1599689209.8999,us,,United States,a,€10,10.0,Ociya - Powers Of Ten,2155382457.0,//acidtestrecords.bandcamp.com/album/ociya-powers-of-ten,10.0,,Ociya,EUR,,11.8,,,,
1599689211.63427&//blackmarble.bandcamp.com/album/bigger-than-life,https://f4.bcbits.com/img/a0512307306_7.jpg,a,1599689211.63427,it,,Italy,a,$10,9.98999977111816,Bigger Than Life,512307306.0,//blackmarble.bandcamp.com/album/bigger-than-life,10.0,,Black Marble,USD,,10.0,,,,
1599689212.26663&//curtkennedy.bandcamp.com/album/feelosophy,https://f4.bcbits.com/img/a3658942590_7.jpg,a,1599689212.2666302,us,,United States,a,$10,9.89999961853027,Feelosophy,3658942590.0,//curtkennedy.bandcamp.com/album/feelosophy,10.0,,Curt Kennedy,USD,,10.0,,,,
1599689214.76262&//tommoulton.bandcamp.com/album/tom-moultons-philadelphia-unreleased-mixes,https://f4.bcbits.com/img/a4200666044_7.jpg,a,1599689214.76262,us,,United States,a,$20,20.0,TOM MOULTON's PHILADELPHIA [Unreleased Mixes],4200666044.0,//tommoulton.bandcamp.com/album/tom-moultons-philadelphia-unreleased-mixes,20.0,,Tom Moulton,USD,,20.0,,,,
1599689217.02147&//solveigmatthildur.bandcamp.com/track/window,https://f4.bcbits.com/img/a2114390110_7.jpg,t,1599689217.0214698,it,,Italy,t,$1.50,1.5,Window,2114390110.0,//solveigmatthildur.bandcamp.com/track/window,1.5,,Sólveig Matthildur,USD,,1.5,,,,
1599689217.12778&//theoraclebones.bandcamp.com/merch/oracle-bones-64-kua-t-shirt-white-w-black-print,https://f4.bcbits.com/img/0020778199_37.jpg,p,1599689217.12778,nl,,Netherlands,p,€20,20.0,Oracle Bones / 64 Kua T-shirt white w/ black print,,//theoraclebones.bandcamp.com/merch/oracle-bones-64-kua-t-shirt-white-w-black-print,20.0,,Oracle Bones,EUR,,23.61,20778199.0,,,
1599689217.62916&//catbeatsofficial.bandcamp.com/album/night-chill,https://f4.bcbits.com/img/0021491539_37.jpg,p,1599689217.62916,us,,United States,a,$5.25,5.25,Limited Edition Moonbeam Cassette,,//catbeatsofficial.bandcamp.com/album/night-chill,5.25,,catbeats,USD,night chill,5.25,21491539.0,,,
1599689217.70969&//solveigmatthildur.bandcamp.com/track/politician-of-love,https://f4.bcbits.com/img/a2859793495_7.jpg,t,1599689217.70969,it,,Italy,t,$1.50,1.5,Politician...Of Love,2859793495.0,//solveigmatthildur.bandcamp.com/track/politician-of-love,1.5,,Sólveig Matthildur,USD,,1.5,,,,
1599689217.81316&//solveigmatthildur.bandcamp.com/track/last-date,https://f4.bcbits.com/img/a3775955614_7.jpg,t,1599689217.81316,it,,Italy,t,$1.50,1.5,Last Date,3775955614.0,//solveigmatthildur.bandcamp.com/track/last-date,1.5,,Sólveig Matthildur,USD,,1.5,,,,
1599689222.45443&//mandolinorange.bandcamp.com/album/austin-city-limits-live-at-the-moody-theater-3,https://f4.bcbits.com/img/0021565153_37.jpg,p,1599689222.45443,us,,United States,a,$40,40.0,Second pressing - Clear 2x Vinyl LP,,//mandolinorange.bandcamp.com/album/austin-city-limits-live-at-the-moody-theater-3,40.0,,Mandolin Orange,USD,Austin City Limits Live at The Moody Theater,40.0,21565153.0,,,
1599689223.96776&//waronwomen.bandcamp.com/album/capture-the-flag,https://f4.bcbits.com/img/a1794498938_7.jpg,a,1599689223.9677598,us,,United States,a,$9,6.9899997711181605,Capture The Flag,1794498938.0,//waronwomen.bandcamp.com/album/capture-the-flag,9.0,,War On Women,USD,,9.0,,$2.01,,
1599689225.37141&//ugress.bandcamp.com/track/he-is-my-listener,https://f4.bcbits.com/img/a3778101347_7.jpg,t,1599689225.37141,de,,Germany,t,€1,1.0,He Is My Listener,3778101347.0,//ugress.bandcamp.com/track/he-is-my-listener,1.0,,Ugress,EUR,Unicorn,1.18,,,,
1599689227.92958&//thestarkillerstn.bandcamp.com/album/american-blues,https://f4.bcbits.com/img/a3716448359_7.jpg,a,1599689227.92958,gb,,United Kingdom,a,$5,0.0,American Blues,3716448359.0,//thestarkillerstn.bandcamp.com/album/american-blues,5.0,,The Star Killers,USD,,5.0,,$5,,
1599689229.96883&//emdr.bandcamp.com/album/emdr-a-five-ep-compilation,https://f4.bcbits.com/img/a4258201094_7.jpg,a,1599689229.96883,us,,United States,a,$20,10.0,EMDR (A Five-EP Compilation),4258201094.0,//emdr.bandcamp.com/album/emdr-a-five-ep-compilation,20.0,,EMDR,USD,,20.0,,$10,,
1599689230.88078&//sweepingpromises.bandcamp.com/album/hunger-for-a-way-out,https://f4.bcbits.com/img/a0431503262_7.jpg,a,1599689230.88078,us,,United States,a,$10,0.0,Hunger for a Way Out,431503262.0,//sweepingpromises.bandcamp.com/album/hunger-for-a-way-out,10.0,,Sweeping Promises,USD,,10.0,,$10,,
1599689231.42743&//mandolinorange.bandcamp.com/album/austin-city-limits-live-at-the-moody-theater-3,https://f4.bcbits.com/img/0021565153_37.jpg,p,1599689231.4274302,us,,United States,a,$40,40.0,Second pressing - Clear 2x Vinyl LP,,//mandolinorange.bandcamp.com/album/austin-city-limits-live-at-the-moody-theater-3,40.0,,Mandolin Orange,USD,Austin City Limits Live at The Moody Theater,40.0,21565153.0,,,
1599689232.60499&//mandolinorange.bandcamp.com/album/austin-city-limits-live-at-the-moody-theater-3,https://f4.bcbits.com/img/0021565153_37.jpg,p,1599689232.60499,us,,United States,a,$40,40.0,Second pressing - Clear 2x Vinyl LP,,//mandolinorange.bandcamp.com/album/austin-city-limits-live-at-the-moody-theater-3,40.0,,Mandolin Orange,USD,Austin City Limits Live at The Moody Theater,40.0,21565153.0,,,
1599689233.13933&//mandolinorange.bandcamp.com/album/austin-city-limits-live-at-the-moody-theater-3,https://f4.bcbits.com/img/0021565153_37.jpg,p,1599689233.13933,us,,United States,a,$40,40.0,Second pressing - Clear 2x Vinyl LP,,//mandolinorange.bandcamp.com/album/austin-city-limits-live-at-the-moody-theater-3,40.0,,Mandolin Orange,USD,Austin City Limits Live at The Moody Theater,40.0,21565153.0,,,
1599689239.01064&//naturalelectronicsystem.bandcamp.com/album/mantis-02,https://f4.bcbits.com/img/a0703170083_7.jpg,a,1599689239.01064,gb,,United Kingdom,a,€4,4.0,Mantis 02,703170083.0,//naturalelectronicsystem.bandcamp.com/album/mantis-02,4.0,,natural/electronic.system.,EUR,,4.72,,,,
1599689242.10315&//eluize.bandcamp.com/track/suspended,https://f4.bcbits.com/img/a3935999492_7.jpg,t,1599689242.10315,cz,,Czech Republic,t,€1.60,1.60000002384186,Suspended,3935999492.0,//eluize.bandcamp.com/track/suspended,1.6,,"Eluize (Night Tide, Bermuda Series)",EUR,Drama Suspended,1.89,,,,
1599689245.8833&//invt.bandcamp.com/track/l-o,https://f4.bcbits.com/img/a2203172789_7.jpg,t,1599689245.8833,gb,,United Kingdom,t,$3.05,3.04999995231628,LÍO,2203172789.0,//invt.bandcamp.com/track/l-o,3.05,,INVT & Nick León,USD,PASEO,3.05,,,,
1599689246.04034&//amandapalmer.bandcamp.com/track/its-a-fire,https://f4.bcbits.com/img/a2371143964_7.jpg,t,1599689246.04034,au,,Australia,t,$1,1.0,It's A Fire,2371143964.0,//amandapalmer.bandcamp.com/track/its-a-fire,1.0,,Amanda Palmer & Rhiannon Giddens,USD,,1.0,,,,
1599689246.22081&//mandolinorange.bandcamp.com/album/austin-city-limits-live-at-the-moody-theater-3,https://f4.bcbits.com/img/0021565153_37.jpg,p,1599689246.22081,gb,,United Kingdom,a,$40,40.0,Second pressing - Clear 2x Vinyl LP,,//mandolinorange.bandcamp.com/album/austin-city-limits-live-at-the-moody-theater-3,40.0,,Mandolin Orange,USD,Austin City Limits Live at The Moody Theater,40.0,21565153.0,,,
1599689247.61083&//soma-records.bandcamp.com/track/capture,https://f4.bcbits.com/img/a3277874898_7.jpg,t,1599689247.61083,fr,,France,t,£1.50,1.5,Capture,3277874898.0,//soma-records.bandcamp.com/track/capture,1.5,,Slam,GBP,Sense of Purpose EP,1.95,,,,
1599689248.68632&//clubjoya.bandcamp.com/track/moloch,https://f4.bcbits.com/img/a2819937402_7.jpg,t,1599689248.6863198,us,,United States,t,$1,1.0,Moloch,2819937402.0,//clubjoya.bandcamp.com/track/moloch,1.0,,club joya,USD,,1.0,,,,
1599689249.34138&//visionrecordings.bandcamp.com/track/nagow-with-buunshin,https://f4.bcbits.com/img/a3135696816_7.jpg,t,1599689249.34138,us,,United States,t,€2,2.0,Nagow (with Buunshin),3135696816.0,//visionrecordings.bandcamp.com/track/nagow-with-buunshin,2.0,,IMANU,EUR,Cheren,2.36,,,,
1599689250.82517&//hakunakulala.bandcamp.com/album/walah,https://f4.bcbits.com/img/a0735806549_7.jpg,a,1599689250.82517,gb,,United Kingdom,a,€2,2.0,Walah,735806549.0,//hakunakulala.bandcamp.com/album/walah,2.0,,Biga Yut,EUR,,2.36,,,,
1599689250.96711&//throughloverec.bandcamp.com/album/eremit,https://f4.bcbits.com/img/0021207510_37.jpg,p,1599689250.96711,de,,Germany,a,€18,18.0,"Limited Coloured Vinyl Edition 12""",,//throughloverec.bandcamp.com/album/eremit,18.0,,Neànder,EUR,Eremit,21.25,21207510.0,,,
1599689251.09228&//badtimerecords.bandcamp.com/album/ska-against-racism,https://f4.bcbits.com/img/a0405232752_7.jpg,a,1599689251.09228,au,,Australia,a,$4,1.0,Ska Against Racism,405232752.0,//badtimerecords.bandcamp.com/album/ska-against-racism,4.0,,Bad Time Records,USD,,4.0,,$3,,
1599689255.1378&//digitalizedplanetb.bandcamp.com/track/spaceship-solaris-xb3-e-gzr-progressive-909-dub,https://f4.bcbits.com/img/a3802654435_7.jpg,t,1599689255.1378,gb,,United Kingdom,t,€2,2.0,SPACESHIP SOLARIS XB3 (E-GZR Progressive 909 Dub),3802654435.0,//digitalizedplanetb.bandcamp.com/track/spaceship-solaris-xb3-e-gzr-progressive-909-dub,2.0,,DJ DOG,EUR,SPACESHIP SOLARIS XB3,2.36,,,,
1599689257.28759&//crobotmuzik.bandcamp.com/album/robodroid-the-darkness-is-coming-ep,https://f4.bcbits.com/img/a0542654186_7.jpg,a,1599689257.28759,ge,,Georgia,a,£0.50,0.0,Robodroid - The Darkness Is Coming EP,542654186.0,//crobotmuzik.bandcamp.com/album/robodroid-the-darkness-is-coming-ep,0.5,,Robodroid,GBP,,0.65,,,,
1599689257.55556&//mindspringmusic.bandcamp.com/track/highland-valley,https://f4.bcbits.com/img/a1738250683_7.jpg,t,1599689257.55556,gb,,United Kingdom,t,$1.50,1.5,Highland Valley,1738250683.0,//mindspringmusic.bandcamp.com/track/highland-valley,1.5,,Deepness Dawn,USD,Bordersun,1.5,,,,
1599689258.79509&//capitalkaos.bandcamp.com/track/talk-about-our-love-capital-kaos-get-me-up-vogue-mix,https://f4.bcbits.com/img/a1291201917_7.jpg,t,1599689258.79509,us,,United States,t,$3,2.0,Talk About Our Love (Capital Kaos Get Me Up Vogue Mix),1291201917.0,//capitalkaos.bandcamp.com/track/talk-about-our-love-capital-kaos-get-me-up-vogue-mix,3.0,,Brandy,USD,,3.0,,,,
1599689260.07895&//moanrec.bandcamp.com/album/moan-pres-milan-minimal-deep-tech-sample-pack,https://f4.bcbits.com/img/a2125065341_7.jpg,a,1599689260.07895,it,,Italy,a,€16.50,16.5,Moan Pres. Milan Minimal Deep Tech Sample Pack,2125065341.0,//moanrec.bandcamp.com/album/moan-pres-milan-minimal-deep-tech-sample-pack,16.5,,Moan,EUR,,19.48,,,,
1599689262.64609&//radicaldreamland.bandcamp.com/album/celeste-original-soundtrack,https://f4.bcbits.com/img/0015551366_37.jpg,p,1599689262.64609,us,,United States,a,$12,12.0,Limited Edition Cassette,,//radicaldreamland.bandcamp.com/album/celeste-original-soundtrack,12.0,,Lena Raine,USD,Celeste Original Soundtrack,12.0,15551366.0,,,
1599689264.38933&//prieurlandry.bandcamp.com/album/prieur-landry-2,https://f4.bcbits.com/img/a2419861563_7.jpg,a,1599689264.38933,ca,,Canada,a,$10 CAD,10.0,Prieur&Landry,2419861563.0,//prieurlandry.bandcamp.com/album/prieur-landry-2,10.0,,Prieur&Landry,CAD,,7.6,,,,
1599689266.06736&//howielee.bandcamp.com/album/socialism-core-value-ii,https://f4.bcbits.com/img/a0196542839_7.jpg,a,1599689266.06736,ge,,Georgia,a,$1,0.0,Socialism Core Value II,196542839.0,//howielee.bandcamp.com/album/socialism-core-value-ii,1.0,,Howie Lee,USD,,1.0,,,,
1599689266.23161&//d-styles.bandcamp.com/album/noises-in-the-right-order,https://f4.bcbits.com/img/a3487151573_7.jpg,a,1599689266.23161,nl,,Netherlands,a,$10,10.0,Noises In The Right Order,3487151573.0,//d-styles.bandcamp.com/album/noises-in-the-right-order,10.0,,D-STYLES,USD,,10.0,,,,
1599689266.77593&//mikrokosmos.bandcamp.com/album/in-the-heart-of-the-home,https://f4.bcbits.com/img/a1177542361_7.jpg,a,1599689266.7759302,gb,,United Kingdom,a,£0.75,0.0,In The Heart Of The Home,1177542361.0,//mikrokosmos.bandcamp.com/album/in-the-heart-of-the-home,0.75,,mikrokosmos,GBP,,0.97,,,,
1599689269.59373&//jackievenson.bandcamp.com/merch/modern-earrings-made-from-jackies-used-guitar-strings,https://f4.bcbits.com/img/0019758124_37.jpg,p,1599689269.59373,us,,United States,p,$29,29.0,Modern earrings made from Jackie's used guitar strings,,//jackievenson.bandcamp.com/merch/modern-earrings-made-from-jackies-used-guitar-strings,29.0,,Jackie Venson,USD,,29.0,19758124.0,,,
1599689271.07767&//kikagakumoyo.bandcamp.com/album/forest-of-lost-children,https://f4.bcbits.com/img/0021295234_37.jpg,p,1599689271.07767,us,,United States,a,$20,20.0,(PRE-ORDER) Limited Edition Transparent Gold Vinyl,,//kikagakumoyo.bandcamp.com/album/forest-of-lost-children,20.0,,Kikagaku Moyo,USD,Forest of Lost Children,20.0,21295234.0,,,
1599689271.44871&//tvgirl.bandcamp.com/album/french-exit,https://f4.bcbits.com/img/0021557934_37.jpg,p,1599689271.44871,us,,United States,a,$25,20.0,French Exit Repress,,//tvgirl.bandcamp.com/album/french-exit,25.0,,TV Girl,USD,French Exit,25.0,21557934.0,$5,,
1599689272.38057&//archivio01.bandcamp.com/track/connection,https://f4.bcbits.com/img/a1306340549_7.jpg,t,1599689272.38057,fr,,France,t,€1.20,1.20000004768372,Connection,1306340549.0,//archivio01.bandcamp.com/track/connection,1.2,,ArchivOne,EUR,Raw Samba EP,1.42,,,,
1599689274.51811&//cremagames.bandcamp.com/album/temtem-up,https://f4.bcbits.com/img/a2412483667_7.jpg,a,1599689274.51811,us,,United States,a,€1,1.0,Temtem Up!,2412483667.0,//cremagames.bandcamp.com/album/temtem-up,1.0,,Damian Sanchez,EUR,,1.18,,,,
1599689277.02171&//ripplemusic.bandcamp.com/album/mental-nudge,https://f4.bcbits.com/img/0021193204_37.jpg,p,1599689277.02171,us,,United States,a,$10,10.0,PREORDER:  KIND - Mental Nudge Limited Digipak CD,,//ripplemusic.bandcamp.com/album/mental-nudge,10.0,,KIND,USD,Mental Nudge,10.0,21193204.0,,,
1599689277.57243&//cmpbld.bandcamp.com/merch/camp-blood-logo-t-shirt,https://f4.bcbits.com/img/0021553168_37.jpg,p,1599689277.57243,us,,United States,p,$15.69,15.0,CAMP BLOOD Logo T-Shirt,,//cmpbld.bandcamp.com/merch/camp-blood-logo-t-shirt,15.69,,Camp Blood,USD,,15.69,21553168.0,,,
1599689277.88788&//samshackleton.bandcamp.com/album/primal-forms,https://f4.bcbits.com/img/a2519594284_7.jpg,a,1599689277.88788,nl,,Netherlands,a,€6,6.0,Primal Forms,2519594284.0,//samshackleton.bandcamp.com/album/primal-forms,6.0,,Shackleton/Zimpel,EUR,,7.08,,,,
1599689290.47371&//felipefelino.bandcamp.com/track/sim,https://f4.bcbits.com/img/a4259327596_7.jpg,t,1599689290.47371,us,,United States,t,$2,0.0,Sim,4259327596.0,//felipefelino.bandcamp.com/track/sim,2.0,,"Felipe Felino, Rimon Guimarães",USD,,2.0,,,,
1599689290.90809&//picazhoven.bandcamp.com/album/doom-na-kraji-lesa,https://f4.bcbits.com/img/a0704049887_7.jpg,a,1599689290.90809,cz,,Czech Republic,a,20 CZK,0.0,Doom na kraji lesa,704049887.0,//picazhoven.bandcamp.com/album/doom-na-kraji-lesa,20.0,,◊►≈,CZK,,0.89,,,,
1599689294.80985&//peterwalkeerecords.bandcamp.com/album/simon-lebron-monster-manual,https://f4.bcbits.com/img/a2876603922_7.jpg,a,1599689294.80985,us,,United States,a,$5,5.0,SIMON LEBRON-MONSTER MANUAL,2876603922.0,//peterwalkeerecords.bandcamp.com/album/simon-lebron-monster-manual,5.0,,SIMON LEBRON-MONSTER MANUAL LP,USD,,5.0,,,,
1599689295.30825&//fieldmedic.bandcamp.com/album/fade-into-the-dawn,https://f4.bcbits.com/img/0015391248_37.jpg,p,1599689295.30825,us,,United States,a,$20,18.0,limited edition lp - electric blue with black smoke vinyl,,//fieldmedic.bandcamp.com/album/fade-into-the-dawn,20.0,,Field Medic,USD,fade into the dawn,20.0,15391248.0,,,
1599689297.47378&//fidde.bandcamp.com/track/fidde-i-wonder-if-you-know-dreams,https://f4.bcbits.com/img/a2729409544_7.jpg,t,1599689297.4737802,gb,,United Kingdom,t,€1.20,1.20000004768372,Fidde - I Wonder If You Know (Dreams),2729409544.0,//fidde.bandcamp.com/track/fidde-i-wonder-if-you-know-dreams,1.2,,Fidde,EUR,,1.42,,,,
1599689299.75698&//point7.bandcamp.com/track/space-formula,https://f4.bcbits.com/img/a0656297532_7.jpg,t,1599689299.7569802,gb,,United Kingdom,t,£1,1.0,Space Formula,656297532.0,//point7.bandcamp.com/track/space-formula,1.0,,Point 7,GBP,What?,1.3,,,,
1599689303.84248&//mandolinorange.bandcamp.com/album/austin-city-limits-live-at-the-moody-theater-3,https://f4.bcbits.com/img/0021565153_37.jpg,p,1599689303.8424802,us,,United States,a,$40,40.0,Second pressing - Clear 2x Vinyl LP,,//mandolinorange.bandcamp.com/album/austin-city-limits-live-at-the-moody-theater-3,40.0,,Mandolin Orange,USD,Austin City Limits Live at The Moody Theater,40.0,21565153.0,,,
1599689306.81966&//pictureplane.bandcamp.com/album/slit-red-bird-throat,https://f4.bcbits.com/img/a0657795883_7.jpg,a,1599689306.81966,us,,United States,a,$5,5.0,SLIT RED BIRD THROAT,657795883.0,//pictureplane.bandcamp.com/album/slit-red-bird-throat,5.0,,PICTUREPLANE,USD,,5.0,,,,
1599689307.7065&//betinaquest.bandcamp.com/track/ikangure,https://f4.bcbits.com/img/a0521375630_7.jpg,t,1599689307.7065,de,,Germany,t,€1,1.0,ikangure,521375630.0,//betinaquest.bandcamp.com/track/ikangure,1.0,,betina quest ft Andrew Asare,EUR,,1.18,,,,
1599689308.74854&//hospitalrecords.bandcamp.com/track/two-mics-feat-missing,https://f4.bcbits.com/img/a2518280276_7.jpg,t,1599689308.74854,it,,Italy,t,£1,1.0,Two Mics (feat. Missing),2518280276.0,//hospitalrecords.bandcamp.com/track/two-mics-feat-missing,1.0,,DRS & Dynamite MC,GBP,Playing In The Dark,1.3,,,,
1599689313.73916&//singwithmi.bandcamp.com/album/stay-tuned,https://f4.bcbits.com/img/a0901519967_7.jpg,a,1599689313.73916,ca,,Canada,a,$10 CAD,10.0,Stay Tuned!,901519967.0,//singwithmi.bandcamp.com/album/stay-tuned,10.0,,Dominique Fils-Aimé,CAD,,7.6,,,,
1599689313.75726&//jtholen.bandcamp.com/album/hypnospace-outlaw-ost-vol-1,https://f4.bcbits.com/img/a1444719293_7.jpg,a,1599689313.7572598,us,,United States,a,$6,5.9899997711181605,Hypnospace Outlaw OST Vol. 1,1444719293.0,//jtholen.bandcamp.com/album/hypnospace-outlaw-ost-vol-1,6.0,,Jay Tholen,USD,,6.0,,,,
1599689313.76627&//meadowargus.bandcamp.com/album/phosphenes-vol-1-re-structure,https://f4.bcbits.com/img/a1730747868_7.jpg,a,1599689313.76627,au,,Australia,a,$7 AUD,7.0,Phosphenes Vol.1 - Re/Structure,1730747868.0,//meadowargus.bandcamp.com/album/phosphenes-vol-1-re-structure,7.0,,Small Engine Chorus,AUD,,5.09,,,,
1599689314.72696&//jeremiahcymerman.bandcamp.com/track/transmigration-from-soil-to-soil,https://f4.bcbits.com/img/a1734175537_7.jpg,t,1599689314.72696,au,,Australia,t,$10,0.0,Transmigration : From Soil to Soil,1734175537.0,//jeremiahcymerman.bandcamp.com/track/transmigration-from-soil-to-soil,10.0,,Jeremiah Cymerman,USD,,10.0,,$10,,
1599689314.92574&//bluetech.bandcamp.com/album/underwater-cities,https://f4.bcbits.com/img/a4202320076_7.jpg,a,1599689314.92574,fr,,France,a,$6,6.0,Underwater Cities,4202320076.0,//bluetech.bandcamp.com/album/underwater-cities,6.0,,Bluetech,USD,,6.0,,,,
1599689314.99856&//selfcutbangs.bandcamp.com/album/self-cut-bangs,https://f4.bcbits.com/img/a0453195100_7.jpg,a,1599689314.99856,ca,,Canada,a,$1 CAD,1.0,Self-Cut Bangs,453195100.0,//selfcutbangs.bandcamp.com/album/self-cut-bangs,1.0,,Self-Cut Bangs,CAD,,0.76,,,,
1599689315.33626&//cults.bandcamp.com/album/offering,https://f4.bcbits.com/img/0011477453_37.jpg,p,1599689315.3362598,us,,United States,a,$6.50,6.5,Offering Cassette,,//cults.bandcamp.com/album/offering,6.5,,Cults,USD,Offering,6.5,11477453.0,,,
1599689315.80654&//sebamanos.bandcamp.com/track/reflect,https://f4.bcbits.com/img/a1044141350_7.jpg,t,1599689315.80654,it,,Italy,t,€2,1.78999996185303,Reflect,1044141350.0,//sebamanos.bandcamp.com/track/reflect,2.0,,Seba & Manos,EUR,SECOPS032 - Reflect,2.36,,,,
1599689317.46477&//pusher-indicate.bandcamp.com/track/triple-vision,https://f4.bcbits.com/img/a3511847007_7.jpg,t,1599689317.4647698,ie,,Ireland,t,€1.75,1.75,Triple Vision,3511847007.0,//pusher-indicate.bandcamp.com/track/triple-vision,1.75,,Pusher,EUR,Clear State EP,2.07,,,,
1599689321.00751&//domandroland.bandcamp.com/track/tundra,https://f4.bcbits.com/img/a0215458216_7.jpg,t,1599689321.00751,it,,Italy,t,£2,2.0,Tundra,215458216.0,//domandroland.bandcamp.com/track/tundra,2.0,,Dom & Adred,GBP,Limelight / Wireline / Tundra,2.6,,,,
1599689321.94178&https://music.dandywarhols.com/album/warhol-wednesday-endless-live-album,https://f4.bcbits.com/img/a2385632826_7.jpg,a,1599689321.94178,us,,United States,a,$15,10.0,Warhol Wednesday: Endless Live Album,2385632826.0,https://music.dandywarhols.com/album/warhol-wednesday-endless-live-album,15.0,,The Dandy Warhols,USD,,15.0,,$5,,
1599689324.50205&//vocallective.bandcamp.com,https://f4.bcbits.com/img/a2375033965_7.jpg,b,1599689324.50205,us,,United States,,$0.50,0.5,full digital discography (124 releases),2375033965.0,//vocallective.bandcamp.com,0.5,124.0,Vocallective Records,USD,,0.5,,,,
1599689325.10565&//tvgirl.bandcamp.com/album/french-exit,https://f4.bcbits.com/img/0021557934_37.jpg,p,1599689325.10565,us,,United States,a,$20,20.0,French Exit Repress,,//tvgirl.bandcamp.com/album/french-exit,20.0,,TV Girl,USD,French Exit,20.0,21557934.0,,,
1599689326.30611&//precipices.bandcamp.com/album/lent-l-chie-du-malheur,https://f4.bcbits.com/img/0021566899_37.jpg,p,1599689326.30611,ca,,Canada,a,$5 CAD,5.0,Standar Edition,,//precipices.bandcamp.com/album/lent-l-chie-du-malheur,5.0,,Précipices,CAD,L'entéléchie du malheur,3.8,21566899.0,,,
1599689326.91894&//2020ldnrecordings.bandcamp.com/track/rickety-cricket-mad-zach-remix,https://f4.bcbits.com/img/a3252286263_7.jpg,t,1599689326.91894,it,,Italy,t,£1,0.0,Rickety Cricket [Mad Zach Remix],3252286263.0,//2020ldnrecordings.bandcamp.com/track/rickety-cricket-mad-zach-remix,1.0,,Fixate,GBP,,1.3,,,,
1599689327.69191&//cormorant.bandcamp.com/album/dwellings,https://f4.bcbits.com/img/0000110400_37.jpg,p,1599689327.69191,us,,United States,a,$9,8.0,Dwellings Digipak + download,,//cormorant.bandcamp.com/album/dwellings,9.0,,Cormorant,USD,Dwellings,9.0,110400.0,,,
1599689329.17877&//katavasia.bandcamp.com/album/magnus-venator,https://f4.bcbits.com/img/a2501067675_7.jpg,a,1599689329.1787698,us,,United States,a,€7,7.0,Magnus Venator,2501067675.0,//katavasia.bandcamp.com/album/magnus-venator,7.0,,Katavasia,EUR,,8.26,,,,
1599689330.70654&//metalheadz.bandcamp.com/track/outer-origins,https://f4.bcbits.com/img/a0076880711_7.jpg,t,1599689330.70654,it,,Italy,t,£1,3.0,Outer Origins,76880711.0,//metalheadz.bandcamp.com/track/outer-origins,3.0,,Artificial Intelligence,GBP,META085 - Signs EP,3.9,,,/album/,2.0
1599689332.13615&//mandolinorange.bandcamp.com/album/austin-city-limits-live-at-the-moody-theater-3,https://f4.bcbits.com/img/0021565153_37.jpg,p,1599689332.13615,us,,United States,a,$40,40.0,Second pressing - Clear 2x Vinyl LP,,//mandolinorange.bandcamp.com/album/austin-city-limits-live-at-the-moody-theater-3,40.0,,Mandolin Orange,USD,Austin City Limits Live at The Moody Theater,40.0,21565153.0,,,
1599689332.81342&//badtimerecords.bandcamp.com/album/ska-against-racism,https://f4.bcbits.com/img/a0405232752_7.jpg,a,1599689332.8134198,us,,United States,a,$3,1.0,Ska Against Racism,405232752.0,//badtimerecords.bandcamp.com/album/ska-against-racism,3.0,,Bad Time Records,USD,,3.0,,,,
1599689334.22243&//octave1.bandcamp.com/track/telepopmusik-dont-look-back-octave-edit,https://f4.bcbits.com/img/a1270836065_7.jpg,t,1599689334.22243,hu,,Hungary,t,€0.25,0.0,Telepopmusik - Don't look back ( Octave edit ),1270836065.0,//octave1.bandcamp.com/track/telepopmusik-dont-look-back-octave-edit,0.25,,Octave,EUR,Mind over body,0.3,,,,
1599689337.4886&//sofasoundbristol.bandcamp.com/track/thematic-mutation-2,https://f4.bcbits.com/img/a0864819745_7.jpg,t,1599689337.4886,it,,Italy,t,£2,1.5,Thematic- Mutation,864819745.0,//sofasoundbristol.bandcamp.com/track/thematic-mutation-2,2.0,,Sofa Sound Bristol,GBP,SSDIGI015: Thematic- Squabble EP,2.6,,,,
1599689337.77548&//dumdumgirls.bandcamp.com/track/red-sun,https://f4.bcbits.com/img/a3376915289_7.jpg,t,1599689337.77548,de,pachuco,Germany,t,$1,1.0,Red Sun,3376915289.0,//dumdumgirls.bandcamp.com/track/red-sun,1.0,,Merchandise feat. Dum Dum Girls,USD,Red Sun,1.0,,,,
1599689337.87557&//dumdumgirls.bandcamp.com/album/coming-down,https://f4.bcbits.com/img/a0645647509_7.jpg,a,1599689337.8755698,de,,Germany,a,$2,2.0,Coming Down,645647509.0,//dumdumgirls.bandcamp.com/album/coming-down,2.0,,Dum Dum Girls,USD,,2.0,,,,
1599689349.68138&//interceptingpattern.bandcamp.com/album/the-encounter-morphed,https://f4.bcbits.com/img/a2366647751_7.jpg,a,1599689349.68138,us,,United States,a,€7,7.0,The Encounter (Morphed),2366647751.0,//interceptingpattern.bandcamp.com/album/the-encounter-morphed,7.0,,Intercepting Pattern,EUR,,8.26,,,,
1599689351.21734&//washedout.bandcamp.com/merch/paracosm-cream-t-shirt,https://f4.bcbits.com/img/0007036573_37.jpg,p,1599689351.21734,us,,United States,p,$15,10.0,Paracosm Cream T-shirt,,//washedout.bandcamp.com/merch/paracosm-cream-t-shirt,15.0,,Washed Out,USD,,15.0,7036573.0,$5,,
1599689354.56625&//mandolinorange.bandcamp.com/album/austin-city-limits-live-at-the-moody-theater-3,https://f4.bcbits.com/img/0021565153_37.jpg,p,1599689354.56625,us,,United States,a,$40,40.0,Second pressing - Clear 2x Vinyl LP,,//mandolinorange.bandcamp.com/album/austin-city-limits-live-at-the-moody-theater-3,40.0,,Mandolin Orange,USD,Austin City Limits Live at The Moody Theater,40.0,21565153.0,,,
1599689361.70524&//spiraltrax.bandcamp.com/album/nerso-middle-mode-deep-blue-hippy-cat-remix-spit219-spiral-trax,https://f4.bcbits.com/img/a0119211842_7.jpg,a,1599689361.70524,au,,Australia,a,€1,1.0,"Nerso, Middle Mode - Deep Blue (Hippy Cat Remix) (​​SPIT219 - Spiral Trax)",119211842.0,//spiraltrax.bandcamp.com/album/nerso-middle-mode-deep-blue-hippy-cat-remix-spit219-spiral-trax,1.0,,Spiral Trax,EUR,,1.18,,,,
1599689364.71928&//harpsona.bandcamp.com/track/breathe,https://f4.bcbits.com/img/a2363365253_7.jpg,t,1599689364.71928,se,,Sweden,t,$2,2.0,Breathe,2363365253.0,//harpsona.bandcamp.com/track/breathe,2.0,,Harpsona,USD,,2.0,,,,
1599689368.0495&//lukeabbottmusic.bandcamp.com/album/translate,https://f4.bcbits.com/img/a0920713318_7.jpg,a,1599689368.0495,us,,United States,a,£8,7.0,Translate,920713318.0,//lukeabbottmusic.bandcamp.com/album/translate,8.0,,Luke Abbott,GBP,,10.39,,,,
1599689371.51994&//manticora.bandcamp.com/album/to-live-to-kill-to-live,https://f4.bcbits.com/img/a1806793131_7.jpg,a,1599689371.51994,us,,United States,a,€10,10.0,To Live to Kill to Live,1806793131.0,//manticora.bandcamp.com/album/to-live-to-kill-to-live,10.0,,Manticora,EUR,,11.8,,,,
1599689371.70909&//jenswartout.bandcamp.com/album/again,https://f4.bcbits.com/img/a1018748995_7.jpg,a,1599689371.70909,us,,United States,a,$20,10.0,Again,1018748995.0,//jenswartout.bandcamp.com/album/again,20.0,,Jen Swartout,USD,,20.0,,$10,,
1599689377.28613&//humanbydefault.bandcamp.com/track/fairouz-li-beirut-bedouin-2020-tribute-rework,https://f4.bcbits.com/img/a2155703769_7.jpg,t,1599689377.2861302,ar,,Argentina,t,£2,2.0,Fairouz - Li Beirut (Bedouin 2020 Tribute Rework),2155703769.0,//humanbydefault.bandcamp.com/track/fairouz-li-beirut-bedouin-2020-tribute-rework,2.0,,Bedouin,GBP,,2.6,,,,
1599689377.29925&//sichtexot.bandcamp.com/track/kauf,https://f4.bcbits.com/img/a4204114534_7.jpg,t,1599689377.29925,de,,Germany,t,€1,1.0,Kauf,4204114534.0,//sichtexot.bandcamp.com/track/kauf,1.0,,Nepumuk,EUR,Füreinbreiterespublikum,1.18,,,,
1599689378.68729&//lobec.bandcamp.com/track/5am-nostalgia,https://f4.bcbits.com/img/a3063094923_7.jpg,t,1599689378.68729,se,,Sweden,t,£1.50,1.5,5am Nostalgia,3063094923.0,//lobec.bandcamp.com/track/5am-nostalgia,1.5,,Lobec,GBP,5am Nostalgia,1.95,,,,
1599689382.65534&//battlelore.bandcamp.com/album/doombound,https://f4.bcbits.com/img/0013101428_37.jpg,p,1599689382.65534,us,,United States,a,€10,10.0,Doombound,,//battlelore.bandcamp.com/album/doombound,10.0,,Battlelore,EUR,Doombound,11.8,13101428.0,,,
1599689385.55698&//georgianettleton.bandcamp.com/album/danny-boy-instrumental-harmony-sheet-music-for-fiddle-duet-or-trio,https://f4.bcbits.com/img/a3408152479_7.jpg,a,1599689385.55698,us,,United States,a,£1.50,1.5,Danny Boy Instrumental Harmony Sheet Music for Fiddle Duet or Trio,3408152479.0,//georgianettleton.bandcamp.com/album/danny-boy-instrumental-harmony-sheet-music-for-fiddle-duet-or-trio,1.5,,Celtic Fiddle Music | Georgia Nettleton,GBP,,1.95,,,,
1599689385.88882&//mandolinorange.bandcamp.com/album/austin-city-limits-live-at-the-moody-theater-3,https://f4.bcbits.com/img/0021565153_37.jpg,p,1599689385.88882,us,,United States,a,$40,40.0,Second pressing - Clear 2x Vinyl LP,,//mandolinorange.bandcamp.com/album/austin-city-limits-live-at-the-moody-theater-3,40.0,,Mandolin Orange,USD,Austin City Limits Live at The Moody Theater,40.0,21565153.0,,,
1599689393.49685&//seventhsounds.bandcamp.com,https://f4.bcbits.com/img/a3282482069_7.jpg,b,1599689393.49685,gb,,United Kingdom,,$34.50,34.5,full digital discography (9 releases),3282482069.0,//seventhsounds.bandcamp.com,34.5,9.0,Seven,USD,,34.5,,,,
1599689396.40578&//aesoprock.bandcamp.com/album/spirit-world-field-guide,https://f4.bcbits.com/img/a4186608441_7.jpg,a,1599689396.40578,us,,United States,a,$10,10.0,Spirit World Field Guide,4186608441.0,//aesoprock.bandcamp.com/album/spirit-world-field-guide,10.0,,Aesop Rock,USD,,10.0,,,,
1599689396.56923&//djudju2.bandcamp.com/track/wurk,https://f4.bcbits.com/img/a4197371732_7.jpg,t,1599689396.56923,ca,,Canada,t,$1,1.0,Wurk,4197371732.0,//djudju2.bandcamp.com/track/wurk,1.0,,DJU DJU,USD,,1.0,,,,
1599689398.68366&//blackbirdraum.bandcamp.com/merch/dill-witch-shirt,https://f4.bcbits.com/img/0020633111_37.jpg,p,1599689398.68366,us,,United States,p,$15,15.0,dill witch shirt,,//blackbirdraum.bandcamp.com/merch/dill-witch-shirt,15.0,,Blackbird Raum,USD,,15.0,20633111.0,,,
1599689401.16271&//jennylapp.bandcamp.com/album/lake-demos,https://f4.bcbits.com/img/a0498354263_7.jpg,a,1599689401.16271,us,,United States,a,$25 CAD,0.0,Lake Demos,498354263.0,//jennylapp.bandcamp.com/album/lake-demos,25.0,,Jenny Lapp,CAD,,19.0,,$25,,
1599689402.77114&//lomelda.bandcamp.com/album/hannah,https://f4.bcbits.com/img/0020798470_37.jpg,p,1599689402.77114,us,,United States,a,$20,19.0,Pink Vinyl,,//lomelda.bandcamp.com/album/hannah,20.0,,Lomelda,USD,Hannah,20.0,20798470.0,,,
1599689404.25306&//aqeelaadam.bandcamp.com/album/hollow-moon,https://f4.bcbits.com/img/0019470288_37.jpg,p,1599689404.25306,us,,United States,a,$1,1.0,Limited Edition Cassette,,//aqeelaadam.bandcamp.com/album/hollow-moon,1.0,,Aqeel Aadam,USD,Hollow Moon,1.0,19470288.0,,,
1599689412.81443&//trepanationrecordings.bandcamp.com/album/trepanned-volume-one,https://f4.bcbits.com/img/0021552646_37.jpg,p,1599689412.81443,us,,United States,a,£20,20.0,Limited Edition Double CD and Black Long Sleeved Trepanation Shirt,,//trepanationrecordings.bandcamp.com/album/trepanned-volume-one,20.0,,Various Artists,GBP,Trepanned - Volume One,25.98,21552646.0,,,
1599689412.82562&//panosigma.bandcamp.com/track/fox-the-fox-precious-little-diamond-panosigma-edit,https://f4.bcbits.com/img/a0884965186_7.jpg,t,1599689412.82562,gb,,United Kingdom,t,€1.20,1.20000004768372,Fox The Fox - Precious Little Diamond (PanoSigma Edit),884965186.0,//panosigma.bandcamp.com/track/fox-the-fox-precious-little-diamond-panosigma-edit,1.2,,PanoSigma,EUR,PanoSigma 80s - 90s Reworks (Collection Of Memories),1.42,,,,
1599689413.6571&//necrot.bandcamp.com/album/mortal,https://f4.bcbits.com/img/a3627892011_7.jpg,a,1599689413.6571,ca,,Canada,a,$6.99,6.9899997711181605,Mortal,3627892011.0,//necrot.bandcamp.com/album/mortal,6.99,,Necrot,USD,,6.99,,,,
1599689417.4399&//against-all-logic.bandcamp.com/track/now-u-got-me-hooked,https://f4.bcbits.com/img/a1598643454_7.jpg,t,1599689417.4399,de,,Germany,t,$1,1.0,Now U Got Me Hooked,1598643454.0,//against-all-logic.bandcamp.com/track/now-u-got-me-hooked,1.0,,Against All Logic,USD,2012 - 2017,1.0,,,,
1599689419.28014&//icube.bandcamp.com/track/gastro-funk,https://f4.bcbits.com/img/a2335390630_7.jpg,t,1599689419.28014,it,,Italy,t,€1.50,1.5,Gastro Funk,2335390630.0,//icube.bandcamp.com/track/gastro-funk,1.5,,I:Cube,EUR,I:Cube - Adore - VERCD003,1.77,,,,
1599689420.02582&//badtimerecords.bandcamp.com/album/ska-against-racism,https://f4.bcbits.com/img/a0405232752_7.jpg,a,1599689420.02582,us,,United States,a,$1,1.0,Ska Against Racism,405232752.0,//badtimerecords.bandcamp.com/album/ska-against-racism,1.0,,Bad Time Records,USD,,1.0,,,,
1599689422.21014&//officialastarinite.bandcamp.com/album/stereo-waltz,https://f4.bcbits.com/img/a2379820185_7.jpg,a,1599689422.21014,es,,Spain,a,$7,7.0,Stereo Waltz,2379820185.0,//officialastarinite.bandcamp.com/album/stereo-waltz,7.0,,Astari Nite,USD,,7.0,,,,
1599689424.44711&//bienvenuerecordings.bandcamp.com/album/city-of-dreams,https://f4.bcbits.com/img/a0654549511_7.jpg,a,1599689424.44711,ca,,Canada,a,$8 CAD,8.0,City Of Dreams,654549511.0,//bienvenuerecordings.bandcamp.com/album/city-of-dreams,8.0,,Gabriel Rei,CAD,,6.08,,,,
1599689428.49323&//joeyweisenberg.bandcamp.com/album/nigunim-vol-vii-songs-of-ascent,https://f4.bcbits.com/img/a0087329083_7.jpg,a,1599689428.49323,us,,United States,a,$10,10.0,"Nigunim, Vol. VII: Songs of Ascent",87329083.0,//joeyweisenberg.bandcamp.com/album/nigunim-vol-vii-songs-of-ascent,10.0,,Joey Weisenberg & The Hadar Ensemble,USD,,10.0,,,,
1599689430.17932&//smartsworld.bandcamp.com/album/who-needs-smarts-anyway,https://f4.bcbits.com/img/0021560069_37.jpg,p,1599689430.17932,au,,Australia,a,$28 AUD,28.0,Smarts LP - White Vinyl,,//smartsworld.bandcamp.com/album/who-needs-smarts-anyway,28.0,,Smarts,AUD,"Who Needs Smarts, Anyway?",20.36,21560069.0,,,
1599689431.67637&//denguedenguedengue.bandcamp.com/album/fiebre,https://f4.bcbits.com/img/a4094568923_7.jpg,a,1599689431.67637,us,,United States,a,$7.01,7.0,Fiebre,4094568923.0,//denguedenguedengue.bandcamp.com/album/fiebre,7.01,,Dengue Dengue Dengue,USD,,7.01,,,,
1599689436.13067&//mandolinorange.bandcamp.com/album/austin-city-limits-live-at-the-moody-theater-3,https://f4.bcbits.com/img/0021565153_37.jpg,p,1599689436.1306698,us,,United States,a,$40,40.0,Second pressing - Clear 2x Vinyl LP,,//mandolinorange.bandcamp.com/album/austin-city-limits-live-at-the-moody-theater-3,40.0,,Mandolin Orange,USD,Austin City Limits Live at The Moody Theater,40.0,21565153.0,,,
1599689436.67323&//mandolinorange.bandcamp.com/album/austin-city-limits-live-at-the-moody-theater-3,https://f4.bcbits.com/img/0021565153_37.jpg,p,1599689436.6732302,us,,United States,a,$40,40.0,Second pressing - Clear 2x Vinyl LP,,//mandolinorange.bandcamp.com/album/austin-city-limits-live-at-the-moody-theater-3,40.0,,Mandolin Orange,USD,Austin City Limits Live at The Moody Theater,40.0,21565153.0,,,
1599689436.67812&//opolopo.bandcamp.com/album/the-grit,https://f4.bcbits.com/img/a1992161983_7.jpg,a,1599689436.67812,us,,United States,a,£5,5.0,The Grit,1992161983.0,//opolopo.bandcamp.com/album/the-grit,5.0,,OPOLOPO,GBP,,6.5,,,,
1599689439.12652&//kaizengameworks.bandcamp.com/album/paradise-killer-original-soundtrack,https://f4.bcbits.com/img/a1556974217_7.jpg,a,1599689439.12652,us,,United States,a,£9,8.98999977111816,Paradise Killer Original Soundtrack,1556974217.0,//kaizengameworks.bandcamp.com/album/paradise-killer-original-soundtrack,9.0,,"Barry ""Epoch"" Topping",GBP,,11.69,,,,
1599689440.16727&//marcelosahea.bandcamp.com/album/plet-rax,https://f4.bcbits.com/img/a2344032144_7.jpg,a,1599689440.16727,pt,,Portugal,a,€15,0.0,PLETÓRAX,2344032144.0,//marcelosahea.bandcamp.com/album/plet-rax,15.0,,marcello sahea,EUR,,17.71,,€15,,
1599689442.59536&//wldv.bandcamp.com/track/the-residents-diskomo-wldv-edit,https://f4.bcbits.com/img/a1262655071_7.jpg,t,1599689442.59536,us,,United States,t,€1,0.0,The Residents - Diskomo (WLDV Edit),1262655071.0,//wldv.bandcamp.com/track/the-residents-diskomo-wldv-edit,1.0,,WLDV,EUR,,1.18,,,,
1599689446.02337&//nyp-records.bandcamp.com/album/global-riddims-volume-3,https://f4.bcbits.com/img/a3878433910_7.jpg,a,1599689446.02337,gb,,United Kingdom,a,€1,0.0,Global Riddims Volume 3,3878433910.0,//nyp-records.bandcamp.com/album/global-riddims-volume-3,1.0,,NYP Records,EUR,,1.18,,,,
1599689446.14577&//actress.bandcamp.com/album/karma-desire,https://f4.bcbits.com/img/0021443711_37.jpg,p,1599689446.1457698,us,,United States,a,£24,24.0,Actress - 'Karma & Desire' Crystal Clear 2LPX [ZEN271X],,//actress.bandcamp.com/album/karma-desire,24.0,,Actress,GBP,Karma & Desire,31.18,21443711.0,,,
1599689447.82598&//summerlesskeep.bandcamp.com/album/the-illithid-demo,https://f4.bcbits.com/img/a1390777747_7.jpg,a,1599689447.8259802,us,,United States,a,$3,0.0,The Illithid - Demo,1390777747.0,//summerlesskeep.bandcamp.com/album/the-illithid-demo,3.0,,Summerless,USD,,3.0,,$3,,
1599689447.82985&//seanschafianski.bandcamp.com/album/breath-of-fire-iii-remastered-tracks,https://f4.bcbits.com/img/a1664662939_7.jpg,a,1599689447.82985,us,,United States,a,$10,10.0,Breath of Fire III (Remastered Tracks),1664662939.0,//seanschafianski.bandcamp.com/album/breath-of-fire-iii-remastered-tracks,10.0,,Sean Schafianski,USD,,10.0,,,,
1599689448.15451&//ufohawaii.bandcamp.com/album/the-residents-resifted,https://f4.bcbits.com/img/a1517653894_7.jpg,a,1599689448.15451,us,,United States,a,€1,1.0,The Residents Resifted,1517653894.0,//ufohawaii.bandcamp.com/album/the-residents-resifted,1.0,,UFO Hawaii,EUR,,1.18,,,,
1599689452.24103&//kaizengameworks.bandcamp.com/album/paradise-killer-original-soundtrack,https://f4.bcbits.com/img/a1556974217_7.jpg,a,1599689452.24103,gb,,United Kingdom,a,£10,8.98999977111816,Paradise Killer Original Soundtrack,1556974217.0,//kaizengameworks.bandcamp.com/album/paradise-killer-original-soundtrack,10.0,,"Barry ""Epoch"" Topping",GBP,,12.99,,£1.01,,
1599689452.84851&//secretrecords.bandcamp.com/album/new-bobuck-hardy-fox-nineteen-sixty-seven-2017-solo-residents-sr24,https://f4.bcbits.com/img/a0802844120_7.jpg,a,1599689452.84851,us,,United States,a,$8,8.0,NEW!!!! Bobuck / Hardy Fox - Nineteen Sixty Seven (2017 solo Residents) SR24,802844120.0,//secretrecords.bandcamp.com/album/new-bobuck-hardy-fox-nineteen-sixty-seven-2017-solo-residents-sr24,8.0,,Hardy Fox,USD,,8.0,,,,
1599689452.89285&//rankatan.bandcamp.com/track/billie-eilish-ilomilo-ran-katan-remix,https://f4.bcbits.com/img/a0547016523_7.jpg,t,1599689452.89285,gb,,United Kingdom,t,$1.45,1.45000004768372,Billie Eilish - ilomilo (Ran Katan Remix),547016523.0,//rankatan.bandcamp.com/track/billie-eilish-ilomilo-ran-katan-remix,1.45,,Ran Katan,USD,,1.45,,,,
1599689453.38891&//graz.bandcamp.com/merch/partyline-tee,https://f4.bcbits.com/img/0020861011_37.jpg,p,1599689453.38891,us,,United States,p,$30,30.0,Partyline Tee,,//graz.bandcamp.com/merch/partyline-tee,30.0,,Graz,USD,,30.0,20861011.0,,,
1599689453.52673&//graz.bandcamp.com/merch/plz-rave-from-home-tee-pre-order,https://f4.bcbits.com/img/0021543557_37.jpg,p,1599689453.52673,us,,United States,p,$30,30.0,PLZ Rave From Home Tee (Pre-Order),,//graz.bandcamp.com/merch/plz-rave-from-home-tee-pre-order,30.0,,Graz,USD,,30.0,21543557.0,,,
1599689453.68843&//graz.bandcamp.com/merch/plz-rave-from-home-swag-bag,https://f4.bcbits.com/img/0021467501_37.jpg,p,1599689453.68843,us,,United States,p,$25,25.0,PLZ Rave From Home Swag Bag,,//graz.bandcamp.com/merch/plz-rave-from-home-swag-bag,25.0,,Graz,USD,,25.0,21467501.0,,,
1599689455.15705&//badtimerecords.bandcamp.com/album/ska-against-racism,https://f4.bcbits.com/img/a0405232752_7.jpg,a,1599689455.15705,us,,United States,a,$10,1.0,Ska Against Racism,405232752.0,//badtimerecords.bandcamp.com/album/ska-against-racism,10.0,,Bad Time Records,USD,,10.0,,$9,,
1599689458.39188&//mandolinorange.bandcamp.com/album/austin-city-limits-live-at-the-moody-theater-3,https://f4.bcbits.com/img/0021565153_37.jpg,p,1599689458.39188,us,,United States,a,$40,40.0,Second pressing - Clear 2x Vinyl LP,,//mandolinorange.bandcamp.com/album/austin-city-limits-live-at-the-moody-theater-3,40.0,,Mandolin Orange,USD,Austin City Limits Live at The Moody Theater,40.0,21565153.0,,,
1599689459.73061&//mixcult.bandcamp.com/album/a-cosmic-dreams,https://f4.bcbits.com/img/a3712725662_7.jpg,a,1599689459.73061,us,,United States,a,€4,4.0,A Cosmic Dreams,3712725662.0,//mixcult.bandcamp.com/album/a-cosmic-dreams,4.0,,Cheise,EUR,,4.72,,,,
1599689459.92406&//tsuioku-circuit.bandcamp.com/album/scarlet-system,https://f4.bcbits.com/img/a2589449800_7.jpg,a,1599689459.92406,fr,,France,a,¥200,200.0,Scarlet System,2589449800.0,//tsuioku-circuit.bandcamp.com/album/scarlet-system,200.0,,追憶サーキット,JPY,,1.88,,,,
1599689461.87535&//nostoppingepoch.bandcamp.com/album/encounters,https://f4.bcbits.com/img/a3231361084_7.jpg,a,1599689461.87535,us,,United States,a,£3,0.0,Encounters,3231361084.0,//nostoppingepoch.bandcamp.com/album/encounters,3.0,,Epoch,GBP,,3.9,,£3,,
1599689463.16579&//blackbirdraum.bandcamp.com/album/swidden,https://f4.bcbits.com/img/0021565868_37.jpg,p,1599689463.16579,us,,United States,a,$8,8.0,Swidden Tape,,//blackbirdraum.bandcamp.com/album/swidden,8.0,,Blackbird Raum,USD,Swidden,8.0,21565868.0,,,
1599689469.03199&//flexxseal.bandcamp.com/track/leaving-ringworld,https://f4.bcbits.com/img/a3596318810_7.jpg,t,1599689469.03199,hk,,Hong Kong,t,€1.50,1.5,Leaving Ringworld,3596318810.0,//flexxseal.bandcamp.com/track/leaving-ringworld,1.5,,Christopher Joseph,EUR,Christopher Joseph - Eye in the Sky (010),1.77,,,,
1599689470.19877&//sweettime.bandcamp.com/merch/sweet-time-vinyl-bundle,https://f4.bcbits.com/img/0019758945_37.jpg,p,1599689470.1987698,us,,United States,p,$20,20.0,Sweet Time Vinyl Bundle!,,//sweettime.bandcamp.com/merch/sweet-time-vinyl-bundle,20.0,,Sweet Time,USD,,20.0,19758945.0,,,
1599689470.64402&//sweettime.bandcamp.com/album/sweet-time-rnr-comp,https://f4.bcbits.com/img/0021417339_37.jpg,p,1599689470.6440198,us,,United States,a,$20,20.0,Limited Edition Double Yellow Vinyl,,//sweettime.bandcamp.com/album/sweet-time-rnr-comp,20.0,,Sweet Time,USD,Sweet Time RNR Comp!,20.0,21417339.0,,,
1599689475.45516&//bluehour909.bandcamp.com/track/front-d-dan-remix-2,https://f4.bcbits.com/img/a1501358524_7.jpg,t,1599689475.45516,hk,,Hong Kong,t,€1.50,1.5,Front (D.Dan Remix),1501358524.0,//bluehour909.bandcamp.com/track/front-d-dan-remix-2,1.5,,Blue Hour,EUR,Remixed [04],1.77,,,,
1599689477.76496&//elpeche.bandcamp.com,https://f4.bcbits.com/img/a4169447661_7.jpg,b,1599689477.76496,br,,Brazil,,$9,8.050000190734862,full digital discography (14 releases),4169447661.0,//elpeche.bandcamp.com,9.0,14.0,ElPeche,USD,,9.0,,,,
1599689479.06784&//smooveturrell.bandcamp.com/album/it-aint-working-remixes,https://f4.bcbits.com/img/a1930885845_7.jpg,a,1599689479.06784,de,,Germany,a,£1.50,1.5,It Ain't Working (Remixes),1930885845.0,//smooveturrell.bandcamp.com/album/it-aint-working-remixes,1.5,,Smoove & Turrell,GBP,,1.95,,,,
1599689479.13413&//smooveturrell.bandcamp.com/album/elgin-towers-remixes,https://f4.bcbits.com/img/a2674685696_7.jpg,a,1599689479.13413,de,,Germany,a,£1.50,1.5,Elgin Towers (Remixes),2674685696.0,//smooveturrell.bandcamp.com/album/elgin-towers-remixes,1.5,,Smoove & Turrell,GBP,,1.95,,,,
1599689479.34237&//eisel.bandcamp.com/album/take-care,https://f4.bcbits.com/img/a2803730515_7.jpg,a,1599689479.34237,us,,United States,a,$100,5.0,Take Care,2803730515.0,//eisel.bandcamp.com/album/take-care,100.0,,Eisel,USD,,100.0,,$95,,
1599689481.61133&//mandolinorange.bandcamp.com/album/austin-city-limits-live-at-the-moody-theater-3,https://f4.bcbits.com/img/0021565153_37.jpg,p,1599689481.61133,us,,United States,a,$40,40.0,Second pressing - Clear 2x Vinyl LP,,//mandolinorange.bandcamp.com/album/austin-city-limits-live-at-the-moody-theater-3,40.0,,Mandolin Orange,USD,Austin City Limits Live at The Moody Theater,40.0,21565153.0,,,
1599689484.36049&//bedouine.bandcamp.com/track/thirteen,https://f4.bcbits.com/img/a2674244168_7.jpg,t,1599689484.36049,us,,United States,t,$1,1.0,Thirteen,2674244168.0,//bedouine.bandcamp.com/track/thirteen,1.0,,"Bedouine, Waxahatchee, Hurray for the Riff Raff",USD,,1.0,,,,
1599689484.68714&//allthemwitches.bandcamp.com/album/nothing-as-the-ideal,https://f4.bcbits.com/img/a1047266642_7.jpg,a,1599689484.68714,us,,United States,a,$10,10.0,Nothing as the Ideal,1047266642.0,//allthemwitches.bandcamp.com/album/nothing-as-the-ideal,10.0,,All Them Witches,USD,,10.0,,,,
1599689485.54488&//goatprayerrecords.bandcamp.com/album/seven-inches-of-hell-the-complete-collection,https://f4.bcbits.com/img/0021488447_37.jpg,p,1599689485.5448802,gb,,United Kingdom,a,£16,16.0,Whipstriker - Seven Inches of Hell - Cassette Boxset,,//goatprayerrecords.bandcamp.com/album/seven-inches-of-hell-the-complete-collection,16.0,,Whipstriker,GBP,Seven Inches of Hell - The Complete Collection,20.79,21488447.0,,,
1599689489.53559&//ebalunga.bandcamp.com/album/dreams,https://f4.bcbits.com/img/a1678935605_7.jpg,a,1599689489.53559,se,,Sweden,a,€7,7.0,Dreams,1678935605.0,//ebalunga.bandcamp.com/album/dreams,7.0,,Gabor Szabo,EUR,,8.26,,,,
1599689490.51418&//tvgirl.bandcamp.com/album/french-exit,https://f4.bcbits.com/img/0021557934_37.jpg,p,1599689490.5141802,us,,United States,a,$20,20.0,French Exit Repress,,//tvgirl.bandcamp.com/album/french-exit,20.0,,TV Girl,USD,French Exit,20.0,21557934.0,,,
1599689491.86108&//totalementsublime.bandcamp.com/album/totalement-sublime,https://f4.bcbits.com/img/0021553764_37.jpg,p,1599689491.8610802,ca,,Canada,a,$19.99 CAD,19.9899997711182,"Vinyle 12"" - Livraison gratuite Montréal (voir codes postaux)",,//totalementsublime.bandcamp.com/album/totalement-sublime,19.99,,Totalement Sublime,CAD,Totalement Sublime,15.19,21553764.0,,,
1599689493.39404&//gaborszabo.bandcamp.com/album/1969,https://f4.bcbits.com/img/a1583290280_7.jpg,a,1599689493.39404,se,,Sweden,a,$10,9.98999977111816,1969,1583290280.0,//gaborszabo.bandcamp.com/album/1969,10.0,,Gabor Szabo,USD,,10.0,,,,
1599689497.11598&//coastalhaze.bandcamp.com/album/international-wafter,https://f4.bcbits.com/img/a0552579594_7.jpg,a,1599689497.11598,us,,United States,a,£4,4.0,International Wafter,552579594.0,//coastalhaze.bandcamp.com/album/international-wafter,4.0,,Adam Pits,GBP,,5.2,,,,
1599689499.64127&//astarinitengp.bandcamp.com/album/here-lies,https://f4.bcbits.com/img/a1536883824_7.jpg,a,1599689499.64127,es,,Spain,a,$8,8.0,Here Lies,1536883824.0,//astarinitengp.bandcamp.com/album/here-lies,8.0,,Astari Nite,USD,,8.0,,,,
1599689500.25632&//dillydally.bandcamp.com/track/gender-role,https://f4.bcbits.com/img/a1675507296_7.jpg,t,1599689500.25632,us,,United States,t,$2 CAD,2.0,Gender Role,1675507296.0,//dillydally.bandcamp.com/track/gender-role,2.0,,Dilly Dally,CAD,,1.52,,,,
1599689501.81891&https://music.dandywarhols.com/album/warhol-wednesday-endless-live-album,https://f4.bcbits.com/img/a2385632826_7.jpg,a,1599689501.81891,au,,Australia,a,$10,10.0,Warhol Wednesday: Endless Live Album,2385632826.0,https://music.dandywarhols.com/album/warhol-wednesday-endless-live-album,10.0,,The Dandy Warhols,USD,,10.0,,,,
1599689501.87879&//keller-label.bandcamp.com/album/metalacid,https://f4.bcbits.com/img/a3642208889_7.jpg,a,1599689501.87879,de,,Germany,a,€6,5.800000190734861,Metalacid,3642208889.0,//keller-label.bandcamp.com/album/metalacid,6.0,,"Arutani, Acud, Brigade",EUR,,7.08,,,,
1599689503.58957&//zealandardor.bandcamp.com/album/wake-of-a-nation-ep,https://f4.bcbits.com/img/0021461171_37.jpg,p,1599689503.5895698,us,,United States,a,£15,15.0,"12"" 140g Crystal Clear Vinyl",,//zealandardor.bandcamp.com/album/wake-of-a-nation-ep,15.0,,Zeal and Ardor,GBP,Wake of a Nation (EP),19.49,21461171.0,,,
1599689506.11547&//blastrecords.bandcamp.com/album/25-7,https://f4.bcbits.com/img/a1785993564_7.jpg,a,1599689506.11547,us,,United States,a,€15,15.0,25/7,1785993564.0,//blastrecords.bandcamp.com/album/25-7,15.0,,Highko,EUR,,17.71,,,,
1599689506.17009&//blastrecords.bandcamp.com/album/daily-dose,https://f4.bcbits.com/img/a2759506024_7.jpg,a,1599689506.17009,us,,United States,a,€15,15.0,Daily Dose,2759506024.0,//blastrecords.bandcamp.com/album/daily-dose,15.0,,Blast Records,EUR,,17.71,,,,
1599689506.30001&//blastrecords.bandcamp.com/album/highko-selective-mood,https://f4.bcbits.com/img/a2616968670_7.jpg,a,1599689506.30001,us,,United States,a,€4,4.0,Highko & Selective Mood,2616968670.0,//blastrecords.bandcamp.com/album/highko-selective-mood,4.0,,"Highko, Selective MooD",EUR,,4.72,,,,
1599689506.73195&//wettuna.bandcamp.com/album/eaud-to-a-fake-bookie-vol-2,https://f4.bcbits.com/img/a3185873914_7.jpg,a,1599689506.73195,us,,United States,a,$11,11.0,EAU'D TO A FAKE BOOKIE VOL 2,3185873914.0,//wettuna.bandcamp.com/album/eaud-to-a-fake-bookie-vol-2,11.0,,WET TUNA,USD,,11.0,,,,
1599689506.74432&//blastrecords.bandcamp.com/album/highko-2nd-dose,https://f4.bcbits.com/img/a4201919971_7.jpg,a,1599689506.74432,us,,United States,a,€15,15.0,Highko - 2nd Dose,4201919971.0,//blastrecords.bandcamp.com/album/highko-2nd-dose,15.0,,Blast Records,EUR,,17.71,,,,
1599689508.00021&//leonvynehall.bandcamp.com/album/nothing-is-still,https://f4.bcbits.com/img/0013111085_37.jpg,p,1599689508.00021,gb,,United Kingdom,a,£17,17.0,Leon Vynehall - 'Nothing Is Still' LP,,//leonvynehall.bandcamp.com/album/nothing-is-still,17.0,,LEON VYNEHALL,GBP,Nothing Is Still,22.09,13111085.0,,,
1599689508.10583&//laptitefumee.bandcamp.com/album/la-ptite-fum-e-thunderbird,https://f4.bcbits.com/img/a2396057275_7.jpg,a,1599689508.1058302,fr,,France,a,€11,10.0,La P'tite Fumée - Thunderbird,2396057275.0,//laptitefumee.bandcamp.com/album/la-ptite-fum-e-thunderbird,11.0,,La P'tite Fumée,EUR,,12.98,,,,
1599689508.36825&//lascafeteras.bandcamp.com/merch/no-fronteras-tee-black,https://f4.bcbits.com/img/0011915398_37.jpg,p,1599689508.36825,us,,United States,p,$30,30.0,No Fronteras Tee BLACK,,//lascafeteras.bandcamp.com/merch/no-fronteras-tee-black,30.0,,Las Cafeteras,USD,,30.0,11915398.0,,,
1599689517.07574&//themissionuk.bandcamp.com/album/resurrection-best-of,https://f4.bcbits.com/img/a2201728236_7.jpg,a,1599689517.07574,be,,Belgium,a,$7,7.0,Resurrection - Best Of,2201728236.0,//themissionuk.bandcamp.com/album/resurrection-best-of,7.0,,The Mission,USD,,7.0,,,,
1599689517.46026&//40ozrecords.bandcamp.com/album/swopom-ep,https://f4.bcbits.com/img/a3095276332_7.jpg,a,1599689517.46026,us,,United States,a,$5,5.0,Swopom EP,3095276332.0,//40ozrecords.bandcamp.com/album/swopom-ep,5.0,,Persus Nine,USD,,5.0,,,,
1599689518.70236&//jaydiggs.bandcamp.com/track/w-a-p-funk,https://f4.bcbits.com/img/a0522407827_7.jpg,t,1599689518.70236,us,,United States,t,$2,0.0,W.A.P. (Funk),522407827.0,//jaydiggs.bandcamp.com/track/w-a-p-funk,2.0,,Jay Diggs,USD,,2.0,,,,
1599689521.81642&//dappytkeys.bandcamp.com/track/rest-3,https://f4.bcbits.com/img/a4204564727_7.jpg,t,1599689521.8164198,us,,United States,t,$2.29,2.2899999618530296,Rest,4204564727.0,//dappytkeys.bandcamp.com/track/rest-3,2.29,,DappyTKeys,USD,Rest,2.29,,,,
1599689523.49616&//rupertoxlade.bandcamp.com/album/in-return-2,https://f4.bcbits.com/img/a3257598572_7.jpg,a,1599689523.49616,gb,,United Kingdom,a,£7,7.0,In Return,3257598572.0,//rupertoxlade.bandcamp.com/album/in-return-2,7.0,,Rupert Oxlade,GBP,,9.09,,,,
1599689524.04575&//xozmusic.bandcamp.com/album/xoz004-fifth-force,https://f4.bcbits.com/img/a1360184629_7.jpg,a,1599689524.04575,it,,Italy,a,€5,5.0,XOZ004: Fifth Force,1360184629.0,//xozmusic.bandcamp.com/album/xoz004-fifth-force,5.0,,Yagya,EUR,,5.9,,,,
1599689524.05773&//xozmusic.bandcamp.com/track/h-ggur,https://f4.bcbits.com/img/a4036884890_7.jpg,t,1599689524.05773,it,,Italy,t,€1.50,1.5,Höggur,4036884890.0,//xozmusic.bandcamp.com/track/h-ggur,1.5,,Exos & Ohm,EUR,XOZ002: Fróðari,1.77,,,,
1599689524.23059&//tallblackguy.bandcamp.com/album/tall-black-guy-x-craig-mack-flavor-in-ya-ear-remix,https://f4.bcbits.com/img/a3875648080_7.jpg,a,1599689524.23059,de,,Germany,a,£2,2.0,Tall Black Guy X Craig Mack - Flavor In Ya Ear Remix,3875648080.0,//tallblackguy.bandcamp.com/album/tall-black-guy-x-craig-mack-flavor-in-ya-ear-remix,2.0,,Tall Black Guy,GBP,,2.6,,,,
1599689524.27879&//xozmusic.bandcamp.com/track/slurp-gurken-marinn,https://f4.bcbits.com/img/a0708125860_7.jpg,t,1599689524.27879,it,,Italy,t,€1.50,4.5,Slurp Gurken - Marinn,708125860.0,//xozmusic.bandcamp.com/track/slurp-gurken-marinn,4.5,,V/A,EUR,XOZ008 - Invisible Limits III,5.31,,,/album/,2.0
1599689524.69084&//xozmusic.bandcamp.com/track/confusion,https://f4.bcbits.com/img/a3835294606_7.jpg,t,1599689524.69084,it,,Italy,t,€1.50,1.5,Confusion,3835294606.0,//xozmusic.bandcamp.com/track/confusion,1.5,,Nikita Zabelin,EUR,XOZ003: Trans Siberian Express,1.77,,,,
1599689526.14523&//sonormusiceditions.bandcamp.com/album/il-dio-sotto-la-pelle-ost,https://f4.bcbits.com/img/0018517364_37.jpg,p,1599689526.14523,it,,Italy,a,€30,30.0,Limited Edition D.LP,,//sonormusiceditions.bandcamp.com/album/il-dio-sotto-la-pelle-ost,30.0,,Piero Piccioni,EUR,IL DIO SOTTO LA PELLE OST,35.41,18517364.0,,,
1599689526.39627&//bslade.bandcamp.com/album/the-london-letters,https://f4.bcbits.com/img/a1798908174_7.jpg,a,1599689526.39627,us,,United States,a,$20,20.0,The London Letters,1798908174.0,//bslade.bandcamp.com/album/the-london-letters,20.0,,B.Slade,USD,,20.0,,,,
1599689526.55218&//death.bandcamp.com/merch/halloween-classic-logo-pullover-hoodie,https://f4.bcbits.com/img/0017218632_37.jpg,p,1599689526.55218,us,,United States,p,$37,37.0,Halloween Classic Logo Pullover Hoodie,,//death.bandcamp.com/merch/halloween-classic-logo-pullover-hoodie,37.0,,Death,USD,,37.0,17218632.0,,,
1599689526.75428&//sonormusiceditions.bandcamp.com/album/lingua-dargento-original-soundtrack,https://f4.bcbits.com/img/0014672295_37.jpg,p,1599689526.75428,it,,Italy,a,€25,25.0,Limited Edition LP,,//sonormusiceditions.bandcamp.com/album/lingua-dargento-original-soundtrack,25.0,,Alberto Baldan Bembo,EUR,LINGUA D'ARGENTO (Original Soundtrack),29.51,14672295.0,,,
1599689526.97485&//sonormusiceditions.bandcamp.com/album/alessandro-alessandroni,https://f4.bcbits.com/img/0019737425_37.jpg,p,1599689526.97485,it,,Italy,a,€30,30.0,Limited Edition LP,,//sonormusiceditions.bandcamp.com/album/alessandro-alessandroni,30.0,,Alessandro Alessandroni,EUR,ALESSANDRO ALESSANDRONI,35.41,19737425.0,,,
1599689529.73623&//krsmix.bandcamp.com/track/fallen,https://f4.bcbits.com/img/a2621135622_7.jpg,t,1599689529.73623,gb,,United Kingdom,t,$0.50,0.0,Fallen,2621135622.0,//krsmix.bandcamp.com/track/fallen,0.5,,Krs.,USD,krs.mix compilation tape.,0.5,,,,
1599689532.3013&//werendia.bandcamp.com,https://f4.bcbits.com/img/a4133853216_7.jpg,b,1599689532.3013,it,,Italy,,$1,1.0,full digital discography (4 releases),4133853216.0,//werendia.bandcamp.com,1.0,4.0,Werendia,USD,,1.0,,,,
1599689532.86327&//highriseukg.bandcamp.com/album/flattrax-flat1-highrise-ollie-rant,https://f4.bcbits.com/img/a1519299192_7.jpg,a,1599689532.8632698,gb,,United Kingdom,a,£3,3.0,Flattrax : FLAT1 : Highrise / Ollie Rant,1519299192.0,//highriseukg.bandcamp.com/album/flattrax-flat1-highrise-ollie-rant,3.0,,Highrise,GBP,,3.9,,,,
1599689534.9489&//e-mantra-altar.bandcamp.com/album/raining-lights-24bits,https://f4.bcbits.com/img/0006143049_37.jpg,p,1599689534.9489,us,,United States,a,$10,10.0,Buy CD (16Bits) and get immediate 9-tracks download (24Bits),,//e-mantra-altar.bandcamp.com/album/raining-lights-24bits,10.0,,E-MANTRA (old account),USD,Raining Lights [24Bits],10.0,6143049.0,,,
1599689536.77116&//dillydally.bandcamp.com/album/candy-mountain,https://f4.bcbits.com/img/a2052327627_7.jpg,a,1599689536.77116,us,,United States,a,$2 CAD,2.0,Candy Mountain,2052327627.0,//dillydally.bandcamp.com/album/candy-mountain,2.0,,Dilly Dally,CAD,,1.52,,,,
1599689539.66735&//nicklurwick.bandcamp.com/album/clandestine-tramp,https://f4.bcbits.com/img/a4109454363_7.jpg,a,1599689539.66735,us,,United States,a,$30,0.0,Clandestine Tramp,4109454363.0,//nicklurwick.bandcamp.com/album/clandestine-tramp,30.0,,Nick Lurwick,USD,,30.0,,$30,,
1599689546.73575&//desolatorblacklion.bandcamp.com/album/sermon-of-apathy,https://f4.bcbits.com/img/0021361367_37.jpg,p,1599689546.73575,au,,Australia,a,€13,13.0,Digipak CD Sermon Of Apathy,,//desolatorblacklion.bandcamp.com/album/sermon-of-apathy,13.0,,Desolator,EUR,Sermon Of Apathy,15.34,21361367.0,,,
1599689548.96829&//tallblackguy.bandcamp.com/album/we-rollin-for-you-main-remixes,https://f4.bcbits.com/img/a3369372077_7.jpg,a,1599689548.96829,de,,Germany,a,$3,3.0,We Rollin' for You (Main/Remixes),3369372077.0,//tallblackguy.bandcamp.com/album/we-rollin-for-you-main-remixes,3.0,,Tall Black Guy,USD,,3.0,,,,
1599689551.70475&//mogwai.bandcamp.com/album/2018,https://f4.bcbits.com/img/a1397909724_7.jpg,a,1599689551.70475,gb,,United Kingdom,a,£20,0.0,2018,1397909724.0,//mogwai.bandcamp.com/album/2018,20.0,,Mogwai,GBP,,25.98,,£20,,
1599689553.30143&//tvgirl.bandcamp.com/album/french-exit,https://f4.bcbits.com/img/0021557934_37.jpg,p,1599689553.30143,us,,United States,a,$20,20.0,French Exit Repress,,//tvgirl.bandcamp.com/album/french-exit,20.0,,TV Girl,USD,French Exit,20.0,21557934.0,,,
1599689556.18552&//greenbaywax.bandcamp.com/album/gbw-010-equinox-the-theme-ep-12-vinyl-limited-pre-order,https://f4.bcbits.com/img/0021478379_37.jpg,p,1599689556.18552,gb,,United Kingdom,a,£11,11.0,"GBW 010 (Standard Black 12"" Vinyl)",,//greenbaywax.bandcamp.com/album/gbw-010-equinox-the-theme-ep-12-vinyl-limited-pre-order,11.0,,Green Bay Wax,GBP,"GBW 010 - Equinox - The Theme EP (12"" Vinyl - Limited) PRE-ORDER",14.29,21478379.0,,,
1599689556.19228&//greenbaywax.bandcamp.com/album/3agic-02-dwarde-x-tim-reaper-12-vinyl-limited-pre-order,https://f4.bcbits.com/img/0021478542_37.jpg,p,1599689556.19228,gb,,United Kingdom,a,£11,11.0,"3AGIC 02 (Standard Black 12"" Vinyl)",,//greenbaywax.bandcamp.com/album/3agic-02-dwarde-x-tim-reaper-12-vinyl-limited-pre-order,11.0,,Green Bay Wax,GBP,"3AGIC 02 - Dwarde X Tim Reaper (12"" Vinyl - Limited) PRE-ORDER",14.29,21478542.0,,,
1599689556.56167&//greenbaywax.bandcamp.com/album/3agic-03-kid-lib-x-mr-sensi-12-vinyl-limited-pre-order,https://f4.bcbits.com/img/0021478559_37.jpg,p,1599689556.5616698,gb,,United Kingdom,a,£11,11.0,"3AGIC 03 (Standard Black 12"" Vinyl)",,//greenbaywax.bandcamp.com/album/3agic-03-kid-lib-x-mr-sensi-12-vinyl-limited-pre-order,11.0,,Green Bay Wax,GBP,"3AGIC 03 - Kid Lib X Mr Sensi (12"" Vinyl - Limited) PRE-ORDER",14.29,21478559.0,,,
1599689559.37084&//amandapalmer.bandcamp.com/track/its-a-fire,https://f4.bcbits.com/img/a2371143964_7.jpg,t,1599689559.37084,us,,United States,t,$5,1.0,It's A Fire,2371143964.0,//amandapalmer.bandcamp.com/track/its-a-fire,5.0,,Amanda Palmer & Rhiannon Giddens,USD,,5.0,,$4,,
1599689563.05911&//klassewrecks.bandcamp.com/track/conquest,https://f4.bcbits.com/img/a0318542797_7.jpg,t,1599689563.05911,it,,Italy,t,€2,2.0,Conquest,318542797.0,//klassewrecks.bandcamp.com/track/conquest,2.0,,Mr. Ho + Mogwaa,EUR,‘義理’ EP,2.36,,,,
1599689565.24106&//regainrecords.bandcamp.com/album/det-besegrade-lifvet,https://f4.bcbits.com/img/0020498182_37.jpg,p,1599689565.24106,se,,Sweden,a,199 SEK,199.0,"12"" LP (gatefold)",,//regainrecords.bandcamp.com/album/det-besegrade-lifvet,199.0,,Lifvsleda,SEK,Det Besegrade Lifvet,22.71,20498182.0,,,
1599689565.4177&//teenagemenopause.bandcamp.com/album/iii,https://f4.bcbits.com/img/0017849570_37.jpg,p,1599689565.4177,fr,,France,a,€16,16.0,"Ventre De Biche's Third Album : ""III"" + Digital Download",,//teenagemenopause.bandcamp.com/album/iii,16.0,,Ventre De Biche,EUR,III,18.89,17849570.0,,,
1599689565.76434&//teenagemenopause.bandcamp.com/album/victoire-chose,https://f4.bcbits.com/img/0015508221_37.jpg,p,1599689565.76434,fr,,France,a,€20,20.0,"""Victoire Chose"" Lim. Ed. LP + Digital Download",,//teenagemenopause.bandcamp.com/album/victoire-chose,20.0,,Tsirihaka Harrivel & Vimala Pons,EUR,Victoire Chose,23.61,15508221.0,,,
1599689569.10034&//laptitefumee.bandcamp.com/album/la-ptite-fum-e-owl-rising,https://f4.bcbits.com/img/a2107596792_7.jpg,a,1599689569.10034,fr,,France,a,€11,0.0,La P'tite Fumée - Owl Rising,2107596792.0,//laptitefumee.bandcamp.com/album/la-ptite-fum-e-owl-rising,11.0,,La P'tite Fumée,EUR,,12.98,,€11,,
1599689569.27205&//scentedpoultice.bandcamp.com/album/water-shots,https://f4.bcbits.com/img/a0720137751_7.jpg,a,1599689569.27205,us,,United States,a,$1,0.0,Water Shots,720137751.0,//scentedpoultice.bandcamp.com/album/water-shots,1.0,,Scented Poultice,USD,,1.0,,,,
1599689570.88788&//mandolinorange.bandcamp.com/album/austin-city-limits-live-at-the-moody-theater-3,https://f4.bcbits.com/img/0021565153_37.jpg,p,1599689570.88788,us,,United States,a,$40,40.0,Second pressing - Clear 2x Vinyl LP,,//mandolinorange.bandcamp.com/album/austin-city-limits-live-at-the-moody-theater-3,40.0,,Mandolin Orange,USD,Austin City Limits Live at The Moody Theater,40.0,21565153.0,,,
1599689571.04568&//noage.bandcamp.com/album/goons-be-gone,https://f4.bcbits.com/img/a3642046566_7.jpg,a,1599689571.04568,us,,United States,a,$9,9.0,Goons Be Gone,3642046566.0,//noage.bandcamp.com/album/goons-be-gone,9.0,,No Age,USD,,9.0,,,,
1599689572.07819&//soulsupremerecords.bandcamp.com/album/check-the-rhime-lyrics-to-go-2,https://f4.bcbits.com/img/a3709308769_7.jpg,a,1599689572.07819,de,,Germany,a,€2,2.0,Check the Rhime / Lyrics to Go,3709308769.0,//soulsupremerecords.bandcamp.com/album/check-the-rhime-lyrics-to-go-2,2.0,,Soul Supreme,EUR,,2.36,,,,
1599689572.55549&//yeskabeatzcrew.bandcamp.com,https://f4.bcbits.com/img/a1997747508_7.jpg,b,1599689572.55549,us,,United States,,$40,27.649999618530305,full digital discography (21 releases),1997747508.0,//yeskabeatzcrew.bandcamp.com,40.0,21.0,YESKA Beatz Unltd,USD,,40.0,,$12.35,,
1599689572.95687&//gusandiggy.bandcamp.com/merch/nothing-conquers-t-shirt,https://f4.bcbits.com/img/0018161556_37.jpg,p,1599689572.9568698,au,,Australia,p,$35 AUD,35.0,Nothing Conquers T-Shirt,,//gusandiggy.bandcamp.com/merch/nothing-conquers-t-shirt,35.0,,Gus & Iggy,AUD,,25.45,18161556.0,,,
1599689574.36336&//itsyourunhappybirthday.bandcamp.com/album/mondchateau,https://f4.bcbits.com/img/a4263970324_7.jpg,a,1599689574.36336,it,,Italy,a,€10,8.98999977111816,Mondchateau,4263970324.0,//itsyourunhappybirthday.bandcamp.com/album/mondchateau,10.0,,unhappybirthday,EUR,,11.8,,€1.01,,
1599689575.50377&//ninjasexparty.bandcamp.com/album/under-the-covers-volume-ii,https://f4.bcbits.com/img/a1794867297_7.jpg,a,1599689575.50377,no,,Norway,a,$10,9.98999977111816,Under the Covers Volume II,1794867297.0,//ninjasexparty.bandcamp.com/album/under-the-covers-volume-ii,10.0,,Ninja Sex Party,USD,,10.0,,,,
1599689575.58839&//ninjasexparty.bandcamp.com/album/under-the-covers,https://f4.bcbits.com/img/a0194977068_7.jpg,a,1599689575.58839,no,,Norway,a,$10,9.98999977111816,Under The Covers,194977068.0,//ninjasexparty.bandcamp.com/album/under-the-covers,10.0,,Ninja Sex Party,USD,,10.0,,,,
1599689575.81632&//ninjasexparty.bandcamp.com/album/under-the-covers-vol-iii,https://f4.bcbits.com/img/a3042632009_7.jpg,a,1599689575.81632,no,,Norway,a,$10,9.98999977111816,"Under the Covers, Vol. III",3042632009.0,//ninjasexparty.bandcamp.com/album/under-the-covers-vol-iii,10.0,,Ninja Sex Party,USD,,10.0,,,,
1599689575.94138&//maral.bandcamp.com/album/push,https://f4.bcbits.com/img/0021561141_37.jpg,p,1599689575.94138,us,,United States,a,$20,18.0,MARAL PUSH VINYL,,//maral.bandcamp.com/album/push,20.0,,Maral,USD,Push,20.0,21561141.0,,,
1599689579.19224&//mandolinorange.bandcamp.com/album/austin-city-limits-live-at-the-moody-theater-3,https://f4.bcbits.com/img/0021565153_37.jpg,p,1599689579.19224,us,,United States,a,$40,40.0,Second pressing - Clear 2x Vinyl LP,,//mandolinorange.bandcamp.com/album/austin-city-limits-live-at-the-moody-theater-3,40.0,,Mandolin Orange,USD,Austin City Limits Live at The Moody Theater,40.0,21565153.0,,,
1599689585.17906&//mtrproject.bandcamp.com/album/mtr-project-ep,https://f4.bcbits.com/img/a3559347897_7.jpg,a,1599689585.17906,us,,United States,a,$6,6.0,MTR Project EP,3559347897.0,//mtrproject.bandcamp.com/album/mtr-project-ep,6.0,,MTR Project,USD,,6.0,,,,
1599689587.79917&//dillydally.bandcamp.com/album/alexander,https://f4.bcbits.com/img/a1436935009_7.jpg,a,1599689587.79917,us,,United States,a,$2 CAD,2.0,Alexander,1436935009.0,//dillydally.bandcamp.com/album/alexander,2.0,,Dilly Dally,CAD,,1.52,,,,
1599689595.65652&//equipment.bandcamp.com/album/madrigal,https://f4.bcbits.com/img/0019914133_37.jpg,p,1599689595.65652,us,,United States,a,$15,15.0,"Madrigal / Chump 12"" (SECOND PRESS)",,//equipment.bandcamp.com/album/madrigal,15.0,,Equipment,USD,Madrigal,15.0,19914133.0,,,
1599689601.47816&//vjsilver1.bandcamp.com/track/silver-pozzoli-around-my-dream-rmx,https://f4.bcbits.com/img/a0552206037_7.jpg,t,1599689601.47816,gb,,United Kingdom,t,€2,2.0,Silver Pozzoli - Around My Dream (rmx),552206037.0,//vjsilver1.bandcamp.com/track/silver-pozzoli-around-my-dream-rmx,2.0,,Vj Silver,EUR,,2.36,,,,
1599689602.13363&//basementtapesmaine.bandcamp.com/album/apis-mailfiore-mokujikigyo,https://f4.bcbits.com/img/0020205973_37.jpg,p,1599689602.13363,us,,United States,a,$7,7.0,Apis Malfiore:  Mokujikigyo C31,,//basementtapesmaine.bandcamp.com/album/apis-mailfiore-mokujikigyo,7.0,,Apis Malfiore,USD,Apis Mailfiore:  Mokujikigyo,7.0,20205973.0,,,
1599689602.20934&//basementtapesmaine.bandcamp.com/album/basement-tapes-volume-two,https://f4.bcbits.com/img/0017826433_37.jpg,p,1599689602.20934,us,,United States,a,$5,5.0,Basement Tapes Volume 2,,//basementtapesmaine.bandcamp.com/album/basement-tapes-volume-two,5.0,,Concrete Moon Andrea Pensado Fake Trade Remnants Glass Path Magnetic Coroner,USD,Basement Tapes Volume Two,5.0,17826433.0,,,
1599689604.85899&//worldofpaint.bandcamp.com/track/cousins-birthday-party,https://f4.bcbits.com/img/a2947794722_7.jpg,t,1599689604.85899,gb,,United Kingdom,t,€1,1.0,Cousin's Birthday Party,2947794722.0,//worldofpaint.bandcamp.com/track/cousins-birthday-party,1.0,,Cindy,EUR,I'm Cindy,1.18,,,,
1599689609.47602&//fortunecookieclub.bandcamp.com/album/les-chansons-de-la-gloire,https://f4.bcbits.com/img/a3411849274_7.jpg,a,1599689609.47602,ca,,Canada,a,$5 CAD,1.0,Les chansons de la gloire,3411849274.0,//fortunecookieclub.bandcamp.com/album/les-chansons-de-la-gloire,5.0,,Fortune Cookie Club,CAD,,3.8,,$4,,
1599689609.50784&//stroomtv.bandcamp.com/track/lidojums-uz-sauli,https://f4.bcbits.com/img/a2725426440_7.jpg,t,1599689609.5078402,gb,,United Kingdom,t,€1,1.0,Lidojums Uz Sauli,2725426440.0,//stroomtv.bandcamp.com/track/lidojums-uz-sauli,1.0,,Ingus Baušķenieks,EUR,Spoki,1.18,,,,
1599689614.71968&//isolar.bandcamp.com/track/born-of-the-jackal,https://f4.bcbits.com/img/a0081556747_7.jpg,t,1599689614.71968,gb,,United Kingdom,t,£1,1.0,Born Of The Jackal,81556747.0,//isolar.bandcamp.com/track/born-of-the-jackal,1.0,,I Solar,GBP,Born Of The Jackal EP,1.3,,,,
1599689616.66676&//newretrowave.bandcamp.com/track/avenger,https://f4.bcbits.com/img/a2903850395_7.jpg,t,1599689616.66676,us,,United States,t,$1.29,1.28999996185303,Avenger,2903850395.0,//newretrowave.bandcamp.com/track/avenger,1.29,,ALEX & Megan McDuffee,USD,Hero,1.29,,,,
1599689618.46805&//badtimerecords.bandcamp.com/album/ska-against-racism,https://f4.bcbits.com/img/a0405232752_7.jpg,a,1599689618.46805,us,,United States,a,$1,1.0,Ska Against Racism,405232752.0,//badtimerecords.bandcamp.com/album/ska-against-racism,1.0,,Bad Time Records,USD,,1.0,,,,
1599689619.18226&//garlabanklubmuzikk.bandcamp.com/album/dj-zvonimir-true-garlabian-klub-muzikk,https://f4.bcbits.com/img/a2699608713_7.jpg,a,1599689619.18226,de,,Germany,a,€0.50,0.0,DJ ZVONIMIR - TRUE GARLABIAN KLUB MUZiKK,2699608713.0,//garlabanklubmuzikk.bandcamp.com/album/dj-zvonimir-true-garlabian-klub-muzikk,0.5,,DJ ZVONIMIR,EUR,,0.59,,,,
1599689620.54644&//bellerophonrecords.bandcamp.com/track/ride-to-paradise-vintage-version,https://f4.bcbits.com/img/a0246003039_7.jpg,t,1599689620.54644,gb,,United Kingdom,t,€1,1.0,Ride to Paradise (Vintage Version),246003039.0,//bellerophonrecords.bandcamp.com/track/ride-to-paradise-vintage-version,1.0,,The Boy Called Hedge,EUR,Ride to Paradise,1.18,,,,
1599689622.36126&//tvgirl.bandcamp.com/album/french-exit,https://f4.bcbits.com/img/0021557934_37.jpg,p,1599689622.36126,us,,United States,a,$20,20.0,French Exit Repress,,//tvgirl.bandcamp.com/album/french-exit,20.0,,TV Girl,USD,French Exit,20.0,21557934.0,,,
1599689622.44589&https://music.badelephant.co.uk/merch/shineback-t-shirt,https://f4.bcbits.com/img/0007182757_37.jpg,p,1599689622.44589,gb,,United Kingdom,p,£10,10.0,Shineback T-shirt,,https://music.badelephant.co.uk/merch/shineback-t-shirt,10.0,,Bad Elephant Music,GBP,,12.99,7182757.0,,,
1599689625.1229&//emrecords.bandcamp.com/track/summer-jam,https://f4.bcbits.com/img/a3526175767_7.jpg,t,1599689625.1229,gb,,United Kingdom,t,¥400,400.0,Summer Jam,3526175767.0,//emrecords.bandcamp.com/track/summer-jam,400.0,,Tapes,JPY,Summer Jam c/w Salavere,3.77,,,,
1599689625.52672&//cheekymusicgroup.bandcamp.com/album/breaks-n-pieces-vol-2,https://f4.bcbits.com/img/a0284666217_7.jpg,a,1599689625.5267198,us,,United States,a,£6,6.0,Breaks 'N' Pieces Vol.2,284666217.0,//cheekymusicgroup.bandcamp.com/album/breaks-n-pieces-vol-2,6.0,,Various Artists,GBP,,7.8,,,,
1599689625.60821&//cheekymusicgroup.bandcamp.com/album/breaks-n-pieces-vol-1,https://f4.bcbits.com/img/a3393742919_7.jpg,a,1599689625.6082098,us,,United States,a,£6,6.0,Breaks 'N' Pieces Vol.1,3393742919.0,//cheekymusicgroup.bandcamp.com/album/breaks-n-pieces-vol-1,6.0,,Various Artists,GBP,,7.8,,,,
1599689626.12676&//m-r-m.bandcamp.com/album/the-visionary,https://f4.bcbits.com/img/a1194035447_7.jpg,a,1599689626.12676,it,,Italy,a,€10,9.89999961853027,The Visionary,1194035447.0,//m-r-m.bandcamp.com/album/the-visionary,10.0,,M!R!M,EUR,,11.8,,,,
1599689639.95908&//wiaiwya.bandcamp.com/album/european-sun,https://f4.bcbits.com/img/a4122780334_7.jpg,a,1599689639.95908,gb,,United Kingdom,a,£7,7.0,European Sun,4122780334.0,//wiaiwya.bandcamp.com/album/european-sun,7.0,,European Sun,GBP,,9.09,,,,
1599689643.46435&//griffinmcelroy.bandcamp.com/album/the-adventure-zone-the-crystal-kingdom-ost,https://f4.bcbits.com/img/a2419875665_7.jpg,a,1599689643.46435,us,,United States,a,$1,0.0,The Adventure Zone: The Crystal Kingdom OST,2419875665.0,//griffinmcelroy.bandcamp.com/album/the-adventure-zone-the-crystal-kingdom-ost,1.0,,Griffin McElroy,USD,,1.0,,,,
1599689647.9446&//anopendoor.bandcamp.com/album/memory-loss,https://f4.bcbits.com/img/a2137958002_7.jpg,a,1599689647.9446,it,,Italy,a,$2,2.0,Memory Loss,2137958002.0,//anopendoor.bandcamp.com/album/memory-loss,2.0,,Soft Kill,USD,,2.0,,,,
1599689650.05135&//astral-travel-agency.bandcamp.com/track/more-beautiful-astral-travel-agency-remix,https://f4.bcbits.com/img/a1360043718_7.jpg,t,1599689650.05135,au,,Australia,t,€0.50,0.0,More Beautiful (Astral Travel Agency Remix),1360043718.0,//astral-travel-agency.bandcamp.com/track/more-beautiful-astral-travel-agency-remix,0.5,,Dublicator,EUR,,0.59,,,,
1599689650.90565&//harpsona.bandcamp.com/track/breathe,https://f4.bcbits.com/img/a2363365253_7.jpg,t,1599689650.90565,us,,United States,t,$10,2.0,Breathe,2363365253.0,//harpsona.bandcamp.com/track/breathe,10.0,,Harpsona,USD,,10.0,,$8,,
1599689671.99483&//vindsvept.bandcamp.com/track/sleeper,https://f4.bcbits.com/img/a0885949215_7.jpg,t,1599689671.99483,us,,United States,t,$1,1.0,Sleeper,885949215.0,//vindsvept.bandcamp.com/track/sleeper,1.0,,Vindsvept,USD,The Youtube Collection,1.0,,,,
1599689675.03127&//krysalisound.bandcamp.com/album/ammil,https://f4.bcbits.com/img/a0984662948_7.jpg,a,1599689675.03127,jp,,Japan,a,€1,0.0,Ammil,984662948.0,//krysalisound.bandcamp.com/album/ammil,1.0,,Ishmael Cormack,EUR,,1.18,,,,
1599689678.00778&//klassewrecks.bandcamp.com/track/stonks-go-up,https://f4.bcbits.com/img/a2484756332_7.jpg,t,1599689678.00778,de,,Germany,t,€2,2.0,Stonks Go Up,2484756332.0,//klassewrecks.bandcamp.com/track/stonks-go-up,2.0,,Mr. Ho,EUR,Fast & Furious,2.36,,,,
1599689678.46156&//klassewrecks.bandcamp.com/track/i-sol-8,https://f4.bcbits.com/img/a0348633205_7.jpg,t,1599689678.46156,de,,Germany,t,€2,2.0,I-SOL-8,348633205.0,//klassewrecks.bandcamp.com/track/i-sol-8,2.0,,Luca Lozano,EUR,"""HOMEBOYS"" EP",2.36,,,,
1599689681.13759&//droidbishop.bandcamp.com/track/super-nova,https://f4.bcbits.com/img/a3302093322_7.jpg,t,1599689681.13759,gb,,United Kingdom,t,$1,1.0,Super Nova,3302093322.0,//droidbishop.bandcamp.com/track/super-nova,1.0,,Magic Sword & Droid Bishop,USD,,1.0,,,,
1599689681.54136&//droidbishop.bandcamp.com/album/music,https://f4.bcbits.com/img/a4092065535_7.jpg,a,1599689681.54136,gb,,United Kingdom,a,$11,9.98999977111816,Music,4092065535.0,//droidbishop.bandcamp.com/album/music,11.0,,Droid Bishop,USD,,11.0,,,,
1599689686.43511&//bruce-brubaker.bandcamp.com/album/glassforms,https://f4.bcbits.com/img/a1266376010_7.jpg,a,1599689686.43511,fr,,France,a,€9,9.0,Glassforms,1266376010.0,//bruce-brubaker.bandcamp.com/album/glassforms,9.0,,Bruce Brubaker & Max Cooper,EUR,,10.62,,,,
1599689687.88324&//heavypsychsoundsrecords.bandcamp.com/album/acid-mammoth-under-acid-hoof,https://f4.bcbits.com/img/0017551497_37.jpg,p,1599689687.88324,gb,,United Kingdom,a,€13,12.5,DIGIPAK,,//heavypsychsoundsrecords.bandcamp.com/album/acid-mammoth-under-acid-hoof,13.0,,HEAVY PSYCH SOUNDS Records,EUR,ACID MAMMOTH - Under Acid Hoof,15.34,17551497.0,,,
1599689693.21818&//synthesizer.bandcamp.com/album/323-tekc-909-heart-compressor,https://f4.bcbits.com/img/a2820480694_7.jpg,a,1599689693.2181802,il,,Israel,a,€3,3.0,323. TEKC 909 - Heart Compressor,2820480694.0,//synthesizer.bandcamp.com/album/323-tekc-909-heart-compressor,3.0,,Werkstatt Recordings,EUR,,3.54,,,,
1599689698.22074&//huntleyspalmers.bandcamp.com/track/wraetlic-bumfluff-smagghe-cross-remix,https://f4.bcbits.com/img/a0354835740_7.jpg,t,1599689698.22074,il,,Israel,t,£1.50,3.0,Wraetlic - Bumfluff (Smagghe & Cross Remix),354835740.0,//huntleyspalmers.bandcamp.com/track/wraetlic-bumfluff-smagghe-cross-remix,3.0,,Huntleys + Palmers,GBP,BLTRSX ~ The Wraetlic Remixes (Compilation),3.9,,,/album/,1.0
1599689698.98321&//amandapalmer.bandcamp.com/track/its-a-fire,https://f4.bcbits.com/img/a2371143964_7.jpg,t,1599689698.9832098,de,,Germany,t,$5,1.0,It's A Fire,2371143964.0,//amandapalmer.bandcamp.com/track/its-a-fire,5.0,,Amanda Palmer & Rhiannon Giddens,USD,,5.0,,$4,,
1599689704.31075&//tsbox.bandcamp.com/track/coming-to-you-house-n-hd-terry-hunter-mike-dunn-soulfrica-mix,https://f4.bcbits.com/img/a2839405259_7.jpg,t,1599689704.31075,us,,United States,t,$2,1.5,Coming To You (House N' HD Terry Hunter & Mike Dunn Soulfrica Mix),2839405259.0,//tsbox.bandcamp.com/track/coming-to-you-house-n-hd-terry-hunter-mike-dunn-soulfrica-mix,2.0,,Jill Scott,USD,The Remixes,2.0,,,,
1599689705.92859&//roamrecordings.bandcamp.com/track/sextant-original,https://f4.bcbits.com/img/a0896183308_7.jpg,t,1599689705.92859,il,,Israel,t,$1,1.0,Sextant (Original),896183308.0,//roamrecordings.bandcamp.com/track/sextant-original,1.0,,K-Effect,USD,Sextant,1.0,,,,
1599689709.24146&//girlspissingongirlspissing.bandcamp.com/album/tangiwai,https://f4.bcbits.com/img/a3351149869_7.jpg,a,1599689709.2414598,us,,United States,a,$5 NZD,5.0,Tangiwai,3351149869.0,//girlspissingongirlspissing.bandcamp.com/album/tangiwai,5.0,,girls pissing on girls pissing,NZD,,3.34,,,,
1599689709.46244&//hauntologists.bandcamp.com/album/hauntologists,https://f4.bcbits.com/img/a1653910274_7.jpg,a,1599689709.46244,de,,Germany,a,$7,7.0,Hauntologists,1653910274.0,//hauntologists.bandcamp.com/album/hauntologists,7.0,,Hauntologists,USD,,7.0,,,,
1599689710.15096&//richarddorfmeister.bandcamp.com/track/lovers-riddim-feat-og,https://f4.bcbits.com/img/a0065441824_7.jpg,t,1599689710.15096,us,,United States,t,€1,1.0,LOVERS RIDDIM  feat. OG,65441824.0,//richarddorfmeister.bandcamp.com/track/lovers-riddim-feat-og,1.0,,DORFMEISTER/MEGABLAST/OBERMAIER,EUR,THE EXCHANGE,1.18,,,,
1599689713.33224&//snuffedonsight7k.bandcamp.com/album/promo-2020-ncs,https://f4.bcbits.com/img/a1175841446_7.jpg,a,1599689713.33224,us,,United States,a,$2,0.0,PROMO 2020 NCS,1175841446.0,//snuffedonsight7k.bandcamp.com/album/promo-2020-ncs,2.0,,Snuffed On Sight,USD,,2.0,,,,
1599689714.91594&//incidentp.bandcamp.com/track/incident-prism-sonar-discipline,https://f4.bcbits.com/img/a0670933912_7.jpg,t,1599689714.91594,de,,Germany,t,€0.99,0.9900000095367428,Incident Prism - Sonar Discipline,670933912.0,//incidentp.bandcamp.com/track/incident-prism-sonar-discipline,0.99,,Incident Prism,EUR,,1.17,,,,
1599689716.71853&//trevorhallmusic.bandcamp.com/album/in-and-through-the-body,https://f4.bcbits.com/img/a2982849150_7.jpg,a,1599689716.7185302,us,,United States,a,$11,11.0,IN AND THROUGH THE BODY,2982849150.0,//trevorhallmusic.bandcamp.com/album/in-and-through-the-body,11.0,,Trevor Hall,USD,,11.0,,,,
1599689717.47484&//smartsworld.bandcamp.com/album/who-needs-smarts-anyway,https://f4.bcbits.com/img/0021560068_37.jpg,p,1599689717.47484,au,,Australia,a,$50 AUD,50.0,Smarts Bundle: LP & Tee!,,//smartsworld.bandcamp.com/album/who-needs-smarts-anyway,50.0,,Smarts,AUD,"Who Needs Smarts, Anyway?",36.36,21560068.0,,,
1599689717.94377&//jeancroche.bandcamp.com/album/birds-of-venezuela,https://f4.bcbits.com/img/0020414748_37.jpg,p,1599689717.94377,ee,,Estonia,a,€20,20.0,LP,,//jeancroche.bandcamp.com/album/birds-of-venezuela,20.0,,Jean C. Roché,EUR,Birds of Venezuela,23.61,20414748.0,,,
1599689718.4058&//tempers.bandcamp.com/track/the-use-of-my-belonging,https://f4.bcbits.com/img/a2685740743_7.jpg,t,1599689718.4058,it,,Italy,t,$1,1.0,The Use of My Belonging,2685740743.0,//tempers.bandcamp.com/track/the-use-of-my-belonging,1.0,,TEMPERS,USD,,1.0,,,,
1599689718.47755&//gila-00.bandcamp.com/track/death-slump-2,https://f4.bcbits.com/img/a2591250248_7.jpg,t,1599689718.47755,il,,Israel,t,£1,1.0,Death Slump,2591250248.0,//gila-00.bandcamp.com/track/death-slump-2,1.0,,GILA,GBP,,1.3,,,,
1599689718.72262&//saluteaut.bandcamp.com/track/skepta-dub,https://f4.bcbits.com/img/a3777889095_7.jpg,t,1599689718.72262,us,,United States,t,£1,1.0,Skepta Dub,3777889095.0,//saluteaut.bandcamp.com/track/skepta-dub,1.0,,salute,GBP,,1.3,,,,
1599689718.78766&https://brainoil.com/album/singularity-to-extinction,https://f4.bcbits.com/img/0019718325_37.jpg,p,1599689718.78766,us,,United States,a,$12,12.0,CD version of Singularity to Extinction,,https://brainoil.com/album/singularity-to-extinction,12.0,,Brainoil,USD,Singularity to Extinction,12.0,19718325.0,,,
1599689721.38497&//bedouine.bandcamp.com/track/thirteen,https://f4.bcbits.com/img/a2674244168_7.jpg,t,1599689721.38497,us,,United States,t,$1,1.0,Thirteen,2674244168.0,//bedouine.bandcamp.com/track/thirteen,1.0,,"Bedouine, Waxahatchee, Hurray for the Riff Raff",USD,,1.0,,,,
1599689721.9887&//defected.bandcamp.com/album/born-to-love-extended-mix,https://f4.bcbits.com/img/a4227520196_7.jpg,a,1599689721.9887,us,,United States,a,£1.50,1.5,Born To Love (Extended Mix),4227520196.0,//defected.bandcamp.com/album/born-to-love-extended-mix,1.5,,Meduza featuring SHELLS,GBP,,1.95,,,,
1599689724.61436&//moustacherecords1.bandcamp.com/album/martin-matiske-robotic-theatre-moustache-records-044,https://f4.bcbits.com/img/a0491572282_7.jpg,a,1599689724.61436,il,,Israel,a,€6.50,6.5,Martin Matiske - Robotic Theatre [Moustache Records 044],491572282.0,//moustacherecords1.bandcamp.com/album/martin-matiske-robotic-theatre-moustache-records-044,6.5,,Moustache Records,EUR,,7.67,,,,
1599689725.43552&//dubmission.bandcamp.com/album/pangolin,https://f4.bcbits.com/img/a3757930809_7.jpg,a,1599689725.43552,us,,United States,a,£3.33,3.32999992370605,Pangolin,3757930809.0,//dubmission.bandcamp.com/album/pangolin,3.33,,International Observer,GBP,,4.33,,,,
1599689732.03226&//tcfsr.bandcamp.com/album/berg-7,https://f4.bcbits.com/img/a2957748557_7.jpg,a,1599689732.03226,de,,Germany,a,£1,0.0,BERG 7,2957748557.0,//tcfsr.bandcamp.com/album/berg-7,1.0,,British Experimental Rocket Group (BERG),GBP,,1.3,,,,
1599689732.29715&//mandolinorange.bandcamp.com/album/austin-city-limits-live-at-the-moody-theater-3,https://f4.bcbits.com/img/0021565153_37.jpg,p,1599689732.29715,us,,United States,a,$40,40.0,Second pressing - Clear 2x Vinyl LP,,//mandolinorange.bandcamp.com/album/austin-city-limits-live-at-the-moody-theater-3,40.0,,Mandolin Orange,USD,Austin City Limits Live at The Moody Theater,40.0,21565153.0,,,
1599689732.51456&//themidnight.bandcamp.com/album/monsters,https://f4.bcbits.com/img/a2291078903_7.jpg,a,1599689732.51456,gb,,United Kingdom,a,£10,8.0,Monsters,2291078903.0,//themidnight.bandcamp.com/album/monsters,10.0,,The Midnight,GBP,,12.99,,£2,,
1599689732.69598&//darkdescentrecords.bandcamp.com/album/decomposed-sacramentum,https://f4.bcbits.com/img/a1289844682_7.jpg,a,1599689732.69598,us,,United States,a,$7,7.0,Decomposed Sacramentum,1289844682.0,//darkdescentrecords.bandcamp.com/album/decomposed-sacramentum,7.0,,Invincible Force,USD,,7.0,,,,
1599689735.64163&//navybluethetruest.bandcamp.com/track/lifes-riddle,https://f4.bcbits.com/img/a3552492813_7.jpg,t,1599689735.6416302,us,,United States,t,$1,2.0,Life's Riddle,3552492813.0,//navybluethetruest.bandcamp.com/track/lifes-riddle,2.0,,Navy Blue,USD,Àdá Irin,2.0,,,/album/,1.0
1599689737.47147&//strut.bandcamp.com/track/maritime-tatami,https://f4.bcbits.com/img/a3041953426_7.jpg,t,1599689737.47147,gb,,United Kingdom,t,€0.79,0.790000021457672,Maritime Tatami,3041953426.0,//strut.bandcamp.com/track/maritime-tatami,0.79,,Victrola,EUR,Mutazione - Italian Electronic & New Wave Underground 1980 - 1988 compiled by Walls,0.93,,,,
1599689740.6092&//cloudkicker.bandcamp.com/album/solitude,https://f4.bcbits.com/img/a3216428789_7.jpg,a,1599689740.6092,us,,United States,a,$5,0.0,Solitude,3216428789.0,//cloudkicker.bandcamp.com/album/solitude,5.0,,Cloudkicker,USD,,5.0,,$5,,
1599689741.43896&//mokaonly.bandcamp.com/track/decemberized,https://f4.bcbits.com/img/a1223205726_7.jpg,t,1599689741.43896,us,,United States,t,$1,1.0,Decemberized,1223205726.0,//mokaonly.bandcamp.com/track/decemberized,1.0,,Moka Only,USD,Martian 2019,1.0,,,,
1599689741.7278&//mrc0s1d0.bandcamp.com/track/redman-lets-get-dirty-i-cant-get-in-da-club-is-it-dirty-enuff-remix,https://f4.bcbits.com/img/a1495594810_7.jpg,t,1599689741.7278,us,,United States,t,11 SEK,0.0,Redman - Let`s Get Dirty (I Can`t Get in da Club) (Is it dirty enuff?) remix),1495594810.0,//mrc0s1d0.bandcamp.com/track/redman-lets-get-dirty-i-cant-get-in-da-club-is-it-dirty-enuff-remix,11.0,,M/\rc0s1d0,SEK,RƎtrịx,1.26,,,,
1599689742.97986&//raverraver.bandcamp.com/album/srilantrax,https://f4.bcbits.com/img/0021310001_37.jpg,p,1599689742.97986,fr,,France,a,€10,10.0,Srilantrax,,//raverraver.bandcamp.com/album/srilantrax,10.0,,Raver Raver,EUR,Srilantrax,11.8,21310001.0,,,
1599689744.12516&//allthemwitches.bandcamp.com/album/nothing-as-the-ideal,https://f4.bcbits.com/img/0020208844_37.jpg,p,1599689744.12516,us,,United States,a,$12,12.0,All Them Witches - Nothing as the Ideal [CD],,//allthemwitches.bandcamp.com/album/nothing-as-the-ideal,12.0,,All Them Witches,USD,Nothing as the Ideal,12.0,20208844.0,,,
1599689746.31093&//abdominal.bandcamp.com/track/head-games-ii,https://f4.bcbits.com/img/a1864421166_7.jpg,t,1599689746.31093,us,,United States,t,£1,2.0,Head Games II,1864421166.0,//abdominal.bandcamp.com/track/head-games-ii,2.0,,Abdominal,GBP,Ab Flex,2.6,,,/album/,1.0
1599689746.51894&//swissdarknights.bandcamp.com/album/abrahadabra,https://f4.bcbits.com/img/a0051019206_7.jpg,a,1599689746.51894,it,,Italy,a,€10,8.0,Abrahadabra,51019206.0,//swissdarknights.bandcamp.com/album/abrahadabra,10.0,,Hada,EUR,,11.8,,€2,,
1599689751.14899&//scuderia.bandcamp.com/album/hard-techno-maniacs,https://f4.bcbits.com/img/a1722542187_7.jpg,a,1599689751.1489902,us,,United States,a,€12,12.0,Hard Techno Maniacs,1722542187.0,//scuderia.bandcamp.com/album/hard-techno-maniacs,12.0,,Scuderia,EUR,,14.16,,,,
1599689751.39378&//blisspointsound.bandcamp.com/album/max-in-the-world-radiant-city,https://f4.bcbits.com/img/a2548207090_7.jpg,a,1599689751.39378,gb,,United Kingdom,a,$5,5.0,Max In The World - Radiant City,2548207090.0,//blisspointsound.bandcamp.com/album/max-in-the-world-radiant-city,5.0,,Bliss Point,USD,,5.0,,,,
1599689753.28734&//newcoolcollective.bandcamp.com/track/snowball,https://f4.bcbits.com/img/a0652921419_7.jpg,t,1599689753.28734,gb,,United Kingdom,t,€0.99,0.9900000095367428,Snowball,652921419.0,//newcoolcollective.bandcamp.com/track/snowball,0.99,,New Cool Collective,EUR,Dansé Dansé,1.17,,,,
1599689754.65969&//forestdrivewest.bandcamp.com/album/terminus-ep,https://f4.bcbits.com/img/a3636491375_7.jpg,a,1599689754.65969,de,,Germany,a,£4,4.0,Terminus EP,3636491375.0,//forestdrivewest.bandcamp.com/album/terminus-ep,4.0,,Forest Drive West,GBP,,5.2,,,,
1599689757.34581&//nahawadoumbia.bandcamp.com/track/blonda-yirini,https://f4.bcbits.com/img/a1338771709_7.jpg,t,1599689757.34581,us,,United States,t,$1,1.0,Blonda Yirini,1338771709.0,//nahawadoumbia.bandcamp.com/track/blonda-yirini,1.0,,Nahawa Doumbia,USD,Kanawa,1.0,,,,
1599689761.42924&https://music.dandywarhols.com/album/warhol-wednesday-endless-live-album,https://f4.bcbits.com/img/a2385632826_7.jpg,a,1599689761.42924,au,,Australia,a,$10,10.0,Warhol Wednesday: Endless Live Album,2385632826.0,https://music.dandywarhols.com/album/warhol-wednesday-endless-live-album,10.0,,The Dandy Warhols,USD,,10.0,,,,
1599689761.5477&//djswisha.bandcamp.com/album/nothing-but-net,https://f4.bcbits.com/img/a0457373089_7.jpg,a,1599689761.5477,us,,United States,a,$8,5.0,Nothing But Net,457373089.0,//djswisha.bandcamp.com/album/nothing-but-net,8.0,,DJ SWISHA,USD,,8.0,,$3,,
1599689761.80382&//justinjaymusic.bandcamp.com/track/travis-scott-antidote-justin-jays-party-on-a-sunday-edit,https://f4.bcbits.com/img/a3493309235_7.jpg,t,1599689761.80382,gb,,United Kingdom,t,$1.50,1.5,Travis Scott - Antidote (Justin Jay's Party on a Sunday Edit),3493309235.0,//justinjaymusic.bandcamp.com/track/travis-scott-antidote-justin-jays-party-on-a-sunday-edit,1.5,,Justin Jay,USD,Justin Jay's Fantastic Edits EP,1.5,,,,
1599689762.17598&//nadejda.bandcamp.com/album/lng,https://f4.bcbits.com/img/0012358616_37.jpg,p,1599689762.17598,fr,,France,a,€6,5.0,Digipack,,//nadejda.bandcamp.com/album/lng,6.0,,Nadejda,EUR,L'n'G,7.08,12358616.0,,,
1599689762.26351&//nadejda.bandcamp.com/album/1312,https://f4.bcbits.com/img/0012357997_37.jpg,p,1599689762.26351,fr,,France,a,€6,5.0,Digipack 1.3.1.2,,//nadejda.bandcamp.com/album/1312,6.0,,Nadejda,EUR,1.3.1.2,7.08,12357997.0,,,
1599689762.67626&//nadejda.bandcamp.com/merch/1312-t-shirt-homme,https://f4.bcbits.com/img/0020600790_37.jpg,p,1599689762.67626,fr,,France,p,€20,18.0,1.3.1.2. T-Shirt Homme,,//nadejda.bandcamp.com/merch/1312-t-shirt-homme,20.0,,Nadejda,EUR,,23.61,20600790.0,€2,,
1599689762.71382&//geneonearth.bandcamp.com/track/turbo-island,https://f4.bcbits.com/img/a4062976514_7.jpg,t,1599689762.71382,ie,,Ireland,t,€2.50,2.5,Turbo Island,4062976514.0,//geneonearth.bandcamp.com/track/turbo-island,2.5,,Gene On Earth,EUR,Local Fuzz,2.95,,,,
1599689764.23588&//iamlouislaroche.bandcamp.com/album/saturday-night-griever,https://f4.bcbits.com/img/a0653756949_7.jpg,a,1599689764.23588,gb,,United Kingdom,a,£9,8.0,Saturday Night Griever,653756949.0,//iamlouislaroche.bandcamp.com/album/saturday-night-griever,9.0,,Louis La Roche,GBP,,11.69,,,,
1599689764.25008&//urbanstghetto.bandcamp.com/track/find-yall,https://f4.bcbits.com/img/a1676689802_7.jpg,t,1599689764.25008,de,,Germany,t,$1,1.0,FIND Y'ALL,1676689802.0,//urbanstghetto.bandcamp.com/track/find-yall,1.0,,CLUB CAB,USD,WorldWideJuke vol.2,1.0,,,,
1599689766.0899&//mord.bandcamp.com/album/word-ep,https://f4.bcbits.com/img/0015078448_37.jpg,p,1599689766.0899,gb,,United Kingdom,a,€8.50,10.0,"12"" vinyl",,//mord.bandcamp.com/album/word-ep,8.5,,SHXCXCHCXSH,EUR,WORD EP,10.03,15078448.0,,,
1599689766.12178&//mord.bandcamp.com/album/inverse-theory-ep,https://f4.bcbits.com/img/0017358539_37.jpg,p,1599689766.1217802,gb,,United Kingdom,a,€8.50,10.0,"12"" vinyl",,//mord.bandcamp.com/album/inverse-theory-ep,8.5,,Dimi Angélis,EUR,Inverse Theory EP,10.03,17358539.0,,,
1599689766.21972&//mord.bandcamp.com/album/life-of-pleasures-ep,https://f4.bcbits.com/img/0016256801_37.jpg,p,1599689766.21972,gb,,United Kingdom,a,€8.50,10.0,"12"" vinyl",,//mord.bandcamp.com/album/life-of-pleasures-ep,8.5,,P.E.A.R.L.,EUR,Life of Pleasures EP,10.03,16256801.0,,,
1599689766.26933&//mord.bandcamp.com/album/till-love-do-us-part-ep,https://f4.bcbits.com/img/0015301557_37.jpg,p,1599689766.26933,gb,,United Kingdom,a,€8.50,10.0,"12"" vinyl",,//mord.bandcamp.com/album/till-love-do-us-part-ep,8.5,,Charlton,EUR,Till Love Do Us Part EP,10.03,15301557.0,,,
1599689766.2808&//mord.bandcamp.com/album/oracle-ep,https://f4.bcbits.com/img/0008680736_37.jpg,p,1599689766.2808,gb,,United Kingdom,a,€8.50,10.0,"12"" vinyl",,//mord.bandcamp.com/album/oracle-ep,8.5,,Haeken,EUR,Oracle EP,10.03,8680736.0,,,
1599689766.32889&//mord.bandcamp.com/album/further-too-far-ep,https://f4.bcbits.com/img/0014264614_37.jpg,p,1599689766.32889,gb,,United Kingdom,a,€8.50,10.0,"12"" vinyl",,//mord.bandcamp.com/album/further-too-far-ep,8.5,,Forward Strategy Group,EUR,"Further, Too Far EP",10.03,14264614.0,,,
1599689766.3463&//mord.bandcamp.com/album/tyranny-ep,https://f4.bcbits.com/img/0020901232_37.jpg,p,1599689766.3463,gb,,United Kingdom,a,€8.50,10.0,"12"" vinyl",,//mord.bandcamp.com/album/tyranny-ep,8.5,,Tensal,EUR,Tyranny EP,10.03,20901232.0,,,
1599689766.42445&//mord.bandcamp.com/album/tympana-ep,https://f4.bcbits.com/img/0014401047_37.jpg,p,1599689766.42445,gb,,United Kingdom,a,€17,20.0,"2 x 12"" vinyl",,//mord.bandcamp.com/album/tympana-ep,17.0,,Radial,EUR,Tympana EP,20.07,14401047.0,,,
1599689766.43952&//mord.bandcamp.com/album/grida-e-caos-ep,https://f4.bcbits.com/img/0017274597_37.jpg,p,1599689766.43952,gb,,United Kingdom,a,€8.50,10.0,"12"" vinyl",,//mord.bandcamp.com/album/grida-e-caos-ep,8.5,,VSK,EUR,Grida e Caos EP,10.03,17274597.0,,,
1599689766.60191&//mord.bandcamp.com/album/in-transit-ep,https://f4.bcbits.com/img/0013412412_37.jpg,p,1599689766.60191,gb,,United Kingdom,a,€8.50,10.0,"12"" vinyl",,//mord.bandcamp.com/album/in-transit-ep,8.5,,Echologist,EUR,In Transit EP,10.03,13412412.0,,,
1599689766.68278&//mord.bandcamp.com/album/interlock-one-ep,https://f4.bcbits.com/img/0011922455_37.jpg,p,1599689766.68278,gb,,United Kingdom,a,€8.50,10.0,"12"" vinyl",,//mord.bandcamp.com/album/interlock-one-ep,8.5,,Lockertmatik,EUR,Interlock One EP,10.03,11922455.0,,,
1599689766.7647&//mord.bandcamp.com/album/unequal-struggle-ep,https://f4.bcbits.com/img/0015387886_37.jpg,p,1599689766.7647,gb,,United Kingdom,a,€8.50,10.0,"12"" vinyl",,//mord.bandcamp.com/album/unequal-struggle-ep,8.5,,Tensal,EUR,Unequal Struggle EP,10.03,15387886.0,,,
1599689766.93901&//mord.bandcamp.com/album/all-the-children-are-insane-ep-2,https://f4.bcbits.com/img/0011922361_37.jpg,p,1599689766.93901,gb,,United Kingdom,a,€8.50,10.0,"12"" vinyl",,//mord.bandcamp.com/album/all-the-children-are-insane-ep-2,8.5,,Lag,EUR,All The Children Are Insane EP,10.03,11922361.0,,,
1599689766.94139&//mord.bandcamp.com/album/killed-soil-sinking-ep,https://f4.bcbits.com/img/0019914633_37.jpg,p,1599689766.94139,gb,,United Kingdom,a,€8.50,10.0,"12"" vinyl",,//mord.bandcamp.com/album/killed-soil-sinking-ep,8.5,,Bas Mooy,EUR,Killed Soil Sinking EP,10.03,19914633.0,,,
1599689767.00568&//volur.bandcamp.com/album/death-cult,https://f4.bcbits.com/img/a3019769115_7.jpg,a,1599689767.00568,nz,,New Zealand,a,$7,6.9899997711181605,Death Cult,3019769115.0,//volur.bandcamp.com/album/death-cult,7.0,,Völur,USD,,7.0,,,,
1599689767.04496&//billpohl.bandcamp.com/album/let-it-burn,https://f4.bcbits.com/img/a0152670776_7.jpg,a,1599689767.04496,us,,United States,a,$10,8.0,Let It Burn,152670776.0,//billpohl.bandcamp.com/album/let-it-burn,10.0,,Bill Pohl,USD,,10.0,,,,
1599689770.40055&//drewmcdowall.bandcamp.com/album/agalma,https://f4.bcbits.com/img/0020990905_37.jpg,p,1599689770.40055,us,,United States,a,$20.99,20.9899997711182,Smoke Vinyl,,//drewmcdowall.bandcamp.com/album/agalma,20.99,,Drew McDowall,USD,Agalma,20.99,20990905.0,,,
1599689771.41706&//besvendsen.bandcamp.com/album/man-on-the-run-remixes,https://f4.bcbits.com/img/a4016510090_7.jpg,a,1599689771.41706,us,,United States,a,20 DKK,20.0,Man on the Run (Remixes),4016510090.0,//besvendsen.bandcamp.com/album/man-on-the-run-remixes,20.0,,Be Svendsen,DKK,,3.17,,,,
1599689771.57082&//lineaaspera.bandcamp.com/album/linea-aspera-lp-ii,https://f4.bcbits.com/img/a2581863514_7.jpg,a,1599689771.57082,it,,Italy,a,€10,10.0,Linea Aspera LP II,2581863514.0,//lineaaspera.bandcamp.com/album/linea-aspera-lp-ii,10.0,,Linea Aspera,EUR,,11.8,,,,
1599689773.68071&//unptitcaf.bandcamp.com,https://f4.bcbits.com/img/a2422141057_7.jpg,b,1599689773.68071,il,,Israel,,24.90 CHF,24.899999618530305,full digital discography (7 releases),2422141057.0,//unptitcaf.bandcamp.com,24.9,7.0,CAF?,CHF,,27.27,,,,
1599689774.35983&//wayfarercolorado.bandcamp.com/album/a-romance-with-violence,https://f4.bcbits.com/img/a1332545515_7.jpg,a,1599689774.35983,nz,,New Zealand,a,$9 CAD,8.98999977111816,A Romance With Violence,1332545515.0,//wayfarercolorado.bandcamp.com/album/a-romance-with-violence,9.0,,Wayfarer,CAD,,6.84,,,,
1599689777.30495&//whossusan.bandcamp.com/album/asquith-temple-runner,https://f4.bcbits.com/img/a2044492050_7.jpg,a,1599689777.30495,gb,,United Kingdom,a,€5,5.0,Asquith - Temple Runner,2044492050.0,//whossusan.bandcamp.com/album/asquith-temple-runner,5.0,,Asquith,EUR,,5.9,,,,
1599689777.61295&//whossusan.bandcamp.com/album/axefield-keep-talking,https://f4.bcbits.com/img/a2215554372_7.jpg,a,1599689777.61295,gb,,United Kingdom,a,€5,5.0,Axefield - Keep Talking,2215554372.0,//whossusan.bandcamp.com/album/axefield-keep-talking,5.0,,Axefield,EUR,,5.9,,,,
1599689778.68959&//carnivorousbells.bandcamp.com/album/the-upturned-stone,https://f4.bcbits.com/img/a0326857677_7.jpg,a,1599689778.68959,jp,,Japan,a,$8,8.0,The Upturned Stone,326857677.0,//carnivorousbells.bandcamp.com/album/the-upturned-stone,8.0,,Carnivorous Bells,USD,,8.0,,,,
1599689778.93175&//clppng.bandcamp.com/album/chapter-319,https://f4.bcbits.com/img/a3907069071_7.jpg,a,1599689778.93175,us,,United States,a,$5,0.0,Chapter 319,3907069071.0,//clppng.bandcamp.com/album/chapter-319,5.0,,clipping.,USD,,5.0,,$5,,
1599689778.94836&//pyecorneraudio.bandcamp.com/album/magnetic-acid-ep,https://f4.bcbits.com/img/a2436946803_7.jpg,a,1599689778.94836,de,,Germany,a,£0.50,0.0,Magnetic Acid EP,2436946803.0,//pyecorneraudio.bandcamp.com/album/magnetic-acid-ep,0.5,,Pye Corner Audio,GBP,,0.65,,,,
1599689782.93103&//rilokileyrkives.bandcamp.com/album/rilo-kiley,https://f4.bcbits.com/img/0020707578_37.jpg,p,1599689782.93103,us,,United States,a,$20,20.0,"Limited Edition 12"" Vinyl",,//rilokileyrkives.bandcamp.com/album/rilo-kiley,20.0,,Rilo Kiley,USD,Rilo Kiley,20.0,20707578.0,,,
1599689788.65908&//brookpridemore.bandcamp.com/album/the-book-of-pridemore,https://f4.bcbits.com/img/0021155188_37.jpg,p,1599689788.65908,us,,United States,a,$30,30.0,One of a Kind Paintings,,//brookpridemore.bandcamp.com/album/the-book-of-pridemore,30.0,,Brook Pridemore,USD,The Book of Pridemore,30.0,21155188.0,,,
1599689789.05595&//volur.bandcamp.com/album/psychopomp,https://f4.bcbits.com/img/a1913731985_7.jpg,a,1599689789.05595,us,,United States,a,$5,1.99000000953674,Psychopomp,1913731985.0,//volur.bandcamp.com/album/psychopomp,5.0,,Völur,USD,,5.0,,$3.01,,
1599689791.35083&//indianwells.bandcamp.com/album/new-ruins,https://f4.bcbits.com/img/0021216756_37.jpg,p,1599689791.35083,gb,,United Kingdom,a,£12,12.0,"12"" Heavyweight EP Vinyl - with Special Art Print Insert",,//indianwells.bandcamp.com/album/new-ruins,12.0,,Indian Wells,GBP,New Ruins,15.59,21216756.0,,,
1599689794.3871&//mandolinorange.bandcamp.com/album/austin-city-limits-live-at-the-moody-theater-3,https://f4.bcbits.com/img/0021565153_37.jpg,p,1599689794.3871,us,,United States,a,$40,40.0,Second pressing - Clear 2x Vinyl LP,,//mandolinorange.bandcamp.com/album/austin-city-limits-live-at-the-moody-theater-3,40.0,,Mandolin Orange,USD,Austin City Limits Live at The Moody Theater,40.0,21565153.0,,,
1599689795.05599&//sheofficial.bandcamp.com/album/harvest,https://f4.bcbits.com/img/a2002750417_7.jpg,a,1599689795.05599,us,,United States,a,$4,0.0,Harvest,2002750417.0,//sheofficial.bandcamp.com/album/harvest,4.0,,she,USD,,4.0,,$4,,
1599689795.21225&//sheofficial.bandcamp.com/album/aspire,https://f4.bcbits.com/img/a1626590631_7.jpg,a,1599689795.21225,us,,United States,a,$9,9.0,Aspire,1626590631.0,//sheofficial.bandcamp.com/album/aspire,9.0,,she,USD,,9.0,,,,
1599689796.73701&//babanaga.bandcamp.com/merch/baba-naga-robe,https://f4.bcbits.com/img/0006005564_37.jpg,p,1599689796.73701,fr,,France,p,£10,10.0,Baba Naga Robe,,//babanaga.bandcamp.com/merch/baba-naga-robe,10.0,,Baba Naga,GBP,,12.99,6005564.0,,,
1599689797.13581&//art-e-fax.bandcamp.com/album/downfall-of-the-nemesis,https://f4.bcbits.com/img/a2175770510_7.jpg,a,1599689797.13581,gb,,United Kingdom,a,£5,5.0,Downfall of the Nemesis,2175770510.0,//art-e-fax.bandcamp.com/album/downfall-of-the-nemesis,5.0,,Trinity Carbon,GBP,,6.5,,,,
1599689800.81161&//tennisdj.bandcamp.com/album/dj-kicks-dj-tennis,https://f4.bcbits.com/img/a3423092264_7.jpg,a,1599689800.81161,de,,Germany,a,€10,10.0,DJ-Kicks (DJ Tennis),3423092264.0,//tennisdj.bandcamp.com/album/dj-kicks-dj-tennis,10.0,,DJ Tennis,EUR,,11.8,,,,
1599689803.50941&//footprint-project.bandcamp.com/album/leggi-leggi,https://f4.bcbits.com/img/0011952606_37.jpg,p,1599689803.50941,de,,Germany,a,€19,19.0,Limited Edition 12'' Vinyl (180 g),,//footprint-project.bandcamp.com/album/leggi-leggi,19.0,,Footprint Project,EUR,Leggi Leggi!,22.43,11952606.0,,,
1599689803.87739&//omunit.bandcamp.com/album/ambient-breakbeat-sample-pack,https://f4.bcbits.com/img/a3583880235_7.jpg,a,1599689803.87739,pt,,Portugal,a,£16,16.0,Ambient Breakbeat Sample Pack,3583880235.0,//omunit.bandcamp.com/album/ambient-breakbeat-sample-pack,16.0,,Om Unit,GBP,,20.79,,,,
1599689804.69018&//bokitproduction.bandcamp.com/merch/t-shirt-white-rum-the-bolokos,https://f4.bcbits.com/img/0021404201_37.jpg,p,1599689804.69018,fr,,France,p,€15,15.0,"T-shirt ""White Rum"" The Bolokos",,//bokitproduction.bandcamp.com/merch/t-shirt-white-rum-the-bolokos,15.0,,Bokit Production,EUR,,17.71,21404201.0,,,
1599689804.70775&//thebeverlycrushers.bandcamp.com/merch/vinyl-sick-bay-t-shirt-combo,https://f4.bcbits.com/img/0020713475_37.jpg,p,1599689804.70775,us,,United States,p,$35,35.0,Vinyl + Sick Bay T-shirt combo,,//thebeverlycrushers.bandcamp.com/merch/vinyl-sick-bay-t-shirt-combo,35.0,,The Beverly Crushers,USD,,35.0,20713475.0,,,
1599689806.10775&//wristroll.bandcamp.com/album/immaculate-inadequacy,https://f4.bcbits.com/img/a4029355302_7.jpg,a,1599689806.10775,us,,United States,a,$10,7.0,Immaculate Inadequacy,4029355302.0,//wristroll.bandcamp.com/album/immaculate-inadequacy,10.0,,wristroll,USD,,10.0,,$3,,
1599689811.75698&//bloodshotrecords.bandcamp.com/album/pandemophenia,https://f4.bcbits.com/img/a0678581517_7.jpg,a,1599689811.7569802,us,,United States,a,$10,10.0,Pandemophenia,678581517.0,//bloodshotrecords.bandcamp.com/album/pandemophenia,10.0,,Bloodshot Records,USD,,10.0,,,,
1599689812.38839&//molekul.bandcamp.com/album/lets-dance-ep-mlkl021,https://f4.bcbits.com/img/0021541123_37.jpg,p,1599689812.38839,nl,,Netherlands,a,€11,11.0,VINYL PRE ORDER,,//molekul.bandcamp.com/album/lets-dance-ep-mlkl021,11.0,,Incident Prism,EUR,Let's Dance EP [MLKL021],12.98,21541123.0,,,
1599689814.24929&//mandolinorange.bandcamp.com/album/austin-city-limits-live-at-the-moody-theater-3,https://f4.bcbits.com/img/0021565153_37.jpg,p,1599689814.24929,us,,United States,a,$40,40.0,Second pressing - Clear 2x Vinyl LP,,//mandolinorange.bandcamp.com/album/austin-city-limits-live-at-the-moody-theater-3,40.0,,Mandolin Orange,USD,Austin City Limits Live at The Moody Theater,40.0,21565153.0,,,
1599689816.09009&//michaelnau.bandcamp.com/album/so-on-so-on,https://f4.bcbits.com/img/a2114508800_7.jpg,a,1599689816.09009,us,,United States,a,$12,9.98999977111816,So On So On,2114508800.0,//michaelnau.bandcamp.com/album/so-on-so-on,12.0,,Michael Nau,USD,,12.0,,$2.01,,
1599689816.53886&//fatherdaughterrecords.bandcamp.com/album/saving-for-a-custom-van,https://f4.bcbits.com/img/a3577457485_7.jpg,a,1599689816.5388598,us,,United States,a,$10,10.0,Saving for a Custom Van,3577457485.0,//fatherdaughterrecords.bandcamp.com/album/saving-for-a-custom-van,10.0,,Various Artists,USD,,10.0,,,,
1599689821.67136&//aesoprock.bandcamp.com/album/spirit-world-field-guide,https://f4.bcbits.com/img/a4186608441_7.jpg,a,1599689821.67136,us,,United States,a,$10,10.0,Spirit World Field Guide,4186608441.0,//aesoprock.bandcamp.com/album/spirit-world-field-guide,10.0,,Aesop Rock,USD,,10.0,,,,
1599689822.05605&//feelingsldn.bandcamp.com/track/casualty,https://f4.bcbits.com/img/a2868951306_7.jpg,t,1599689822.05605,gb,,United Kingdom,t,£1.50,1.5,Casualty,2868951306.0,//feelingsldn.bandcamp.com/track/casualty,1.5,,1-800 GIRLS,GBP,Something To Hold EP,1.95,,,,
1599689822.46157&//chunklet.bandcamp.com/track/rock-n-roll-dreamsll-come-through,https://f4.bcbits.com/img/a0136192134_7.jpg,t,1599689822.46157,us,,United States,t,$1,0.0,Rock N Roll Dreams'll Come Through,136192134.0,//chunklet.bandcamp.com/track/rock-n-roll-dreamsll-come-through,1.0,,Ted Leo & Pharmacists,USD,"Chunklet 20 Bonus 7""",1.0,,,,
1599689822.60633&//feelingsldn.bandcamp.com/album/along-the-river-ep,https://f4.bcbits.com/img/a2123419150_7.jpg,a,1599689822.6063302,gb,,United Kingdom,a,£5,5.0,Along The River EP,2123419150.0,//feelingsldn.bandcamp.com/album/along-the-river-ep,5.0,,Baby Rollén & Gallegos,GBP,,6.5,,,,
1599689823.21797&//keithfullertonwhitman.bandcamp.com/album/late-monoliths-2011-2013,https://f4.bcbits.com/img/a1375574384_7.jpg,a,1599689823.21797,us,,United States,a,$15,15.0,"Late Monoliths, 2011-2013",1375574384.0,//keithfullertonwhitman.bandcamp.com/album/late-monoliths-2011-2013,15.0,,Keith Fullerton Whitman,USD,,15.0,,,,
1599689823.61087&https://shallnotfade.co.uk/album/blocked-ep,https://f4.bcbits.com/img/0021562564_37.jpg,p,1599689823.61087,gb,,United Kingdom,a,£10,9.98999977111816,"12"" Vinyl - TIN009",,https://shallnotfade.co.uk/album/blocked-ep,10.0,,Soul Mass Transit System & Killa P,GBP,Blocked EP,12.99,21562564.0,,,
1599689824.7974&//deepmedimusik.bandcamp.com/album/elephant-dub-heavy-as-stone,https://f4.bcbits.com/img/a0459159454_7.jpg,a,1599689824.7974,de,,Germany,a,£2,2.0,Elephant Dub / Heavy as Stone,459159454.0,//deepmedimusik.bandcamp.com/album/elephant-dub-heavy-as-stone,2.0,,Mark Pritchard,GBP,,2.6,,,,
1599689827.32772&//slingerland.bandcamp.com/album/pail-fire,https://f4.bcbits.com/img/a3715106823_7.jpg,a,1599689827.32772,us,,United States,a,$1 CAD,0.0,Pail Fire,3715106823.0,//slingerland.bandcamp.com/album/pail-fire,1.0,,Slingerland,CAD,,0.76,,,,
1599689831.94565&//plushorganics.bandcamp.com/album/material-hangover,https://f4.bcbits.com/img/a3205387959_7.jpg,a,1599689831.94565,gb,,United Kingdom,a,$4,4.0,Material Hangover,3205387959.0,//plushorganics.bandcamp.com/album/material-hangover,4.0,,Gloga,USD,,4.0,,,,
1599689832.78511&//exoticfever.bandcamp.com/album/dont-know-when-ill-be-back-again-a-compilation-benefiting-american-veterans-of-the-vietnam-war,https://f4.bcbits.com/img/a0743208095_7.jpg,a,1599689832.78511,us,,United States,a,$7,7.0,Don't Know When I'll Be Back Again: A Compilation Benefiting American Veterans of the Vietnam War,743208095.0,//exoticfever.bandcamp.com/album/dont-know-when-ill-be-back-again-a-compilation-benefiting-american-veterans-of-the-vietnam-war,7.0,,Various Artists,USD,,7.0,,,,
1599689834.86397&//mandolinorange.bandcamp.com/album/austin-city-limits-live-at-the-moody-theater-3,https://f4.bcbits.com/img/0021565153_37.jpg,p,1599689834.8639698,us,,United States,a,$40,40.0,Second pressing - Clear 2x Vinyl LP,,//mandolinorange.bandcamp.com/album/austin-city-limits-live-at-the-moody-theater-3,40.0,,Mandolin Orange,USD,Austin City Limits Live at The Moody Theater,40.0,21565153.0,,,
1599689836.85831&https://dangerfive.com/track/hey-ted-leo,https://f4.bcbits.com/img/a3908528631_7.jpg,t,1599689836.85831,us,,United States,t,$1,1.0,Hey! Ted Leo,3908528631.0,https://dangerfive.com/track/hey-ted-leo,1.0,,Colin Clary,USD,Rock N' Roll Haikus - Live at Squrrrl's,1.0,,,,
1599689840.2832&//fusq.bandcamp.com/track/yeah,https://f4.bcbits.com/img/a2567421461_7.jpg,t,1599689840.2832,gb,,United Kingdom,t,$1.50,1.0,Yeah!,2567421461.0,//fusq.bandcamp.com/track/yeah,1.5,,fusq,USD,,1.5,,,,
1599689840.84572&//fusq.bandcamp.com/track/like-you,https://f4.bcbits.com/img/a4246352865_7.jpg,t,1599689840.8457198,gb,,United Kingdom,t,$1,1.0,Like You!,4246352865.0,//fusq.bandcamp.com/track/like-you,1.0,,fusq,USD,,1.0,,,,
1599689843.23372&//tvgirl.bandcamp.com/album/french-exit,https://f4.bcbits.com/img/0021557934_37.jpg,p,1599689843.2337198,us,,United States,a,$20,20.0,French Exit Repress,,//tvgirl.bandcamp.com/album/french-exit,20.0,,TV Girl,USD,French Exit,20.0,21557934.0,,,
1599689843.42724&//shed030.bandcamp.com/album/shedding-the-past,https://f4.bcbits.com/img/a3204321423_7.jpg,a,1599689843.42724,us,,United States,a,€10,10.0,Shedding The Past,3204321423.0,//shed030.bandcamp.com/album/shedding-the-past,10.0,,Shed,EUR,,11.8,,,,
1599689843.92444&//andrewlowden.bandcamp.com/album/2014-04-12-bluefields-cafe-oneonta-ny,https://f4.bcbits.com/img/a0132278795_7.jpg,a,1599689843.92444,us,,United States,a,$1,0.0,"2014-04-12: Bluefields Cafe (Oneonta, NY)",132278795.0,//andrewlowden.bandcamp.com/album/2014-04-12-bluefields-cafe-oneonta-ny,1.0,,Andrew Lowden,USD,,1.0,,,,
1599689844.56419&//fkymusic.bandcamp.com/album/offroad-02,https://f4.bcbits.com/img/a2002087560_7.jpg,a,1599689844.56419,fr,,France,a,€3,3.0,Offroad 02,2002087560.0,//fkymusic.bandcamp.com/album/offroad-02,3.0,,Fky,EUR,,3.54,,,,
1599689846.3206&//thomasknak.bandcamp.com/album/opto-files-opiate-parts,https://f4.bcbits.com/img/a1120795254_7.jpg,a,1599689846.3206,de,,Germany,a,€2.50,2.5,Opto Files (Opiate parts).,1120795254.0,//thomasknak.bandcamp.com/album/opto-files-opiate-parts,2.5,,Opto = Opiate + Alva Noto,EUR,,2.95,,,,
1599689847.28964&//mmdiscos.bandcamp.com/track/tropic-quarentino,https://f4.bcbits.com/img/a2050387604_7.jpg,t,1599689847.28964,es,,Spain,t,€1.50,1.5,Tropic Quarentino,2050387604.0,//mmdiscos.bandcamp.com/track/tropic-quarentino,1.5,,Rompante,EUR,"Palm Trees, Tequila and other Lockdown stories",1.77,,,,
1599689847.68777&//e-v-o-l.bandcamp.com/album/diag909,https://f4.bcbits.com/img/a0129394437_7.jpg,a,1599689847.68777,us,,United States,a,£1,0.0,[DIAG909],129394437.0,//e-v-o-l.bandcamp.com/album/diag909,1.0,,EVOL,GBP,,1.3,,,,
1599689848.10034&//rosaanschuetz.bandcamp.com/track/rigid,https://f4.bcbits.com/img/a3045107512_7.jpg,t,1599689848.10034,it,,Italy,t,2 CHF,1.0,Rigid,3045107512.0,//rosaanschuetz.bandcamp.com/track/rigid,2.0,,Rosa Anschütz,CHF,Rigid,2.19,,,,
1599689848.85928&//rosaanschuetz.bandcamp.com/track/opacity-2,https://f4.bcbits.com/img/a4076741541_7.jpg,t,1599689848.85928,it,,Italy,t,2 CHF,1.0,Opacity,4076741541.0,//rosaanschuetz.bandcamp.com/track/opacity-2,2.0,,Rosa Anschütz,CHF,,2.19,,,,
1599689850.01731&//cookinsoul.bandcamp.com/track/pick-up,https://f4.bcbits.com/img/a3638519818_7.jpg,t,1599689850.01731,us,,United States,t,€1.50,1.5,PICK UP,3638519818.0,//cookinsoul.bandcamp.com/track/pick-up,1.5,,Cookin Soul,EUR,,1.77,,,,
1599689857.39886&//nbdknw.bandcamp.com/album/re-flex-ion,https://f4.bcbits.com/img/0017677581_37.jpg,p,1599689857.39886,fr,,France,a,$13,13.0,re:FLEX*ion (Deluxe),,//nbdknw.bandcamp.com/album/re-flex-ion,13.0,,NET GALA,USD,re:FLEX*ion,13.0,17677581.0,,,
1599689861.66789&https://music.dandywarhols.com/album/warhol-wednesday-endless-live-album,https://f4.bcbits.com/img/a2385632826_7.jpg,a,1599689861.66789,us,,United States,a,$10,10.0,Warhol Wednesday: Endless Live Album,2385632826.0,https://music.dandywarhols.com/album/warhol-wednesday-endless-live-album,10.0,,The Dandy Warhols,USD,,10.0,,,,
1599689862.8073&//mossferatu.bandcamp.com/album/nature-family,https://f4.bcbits.com/img/a2983602461_7.jpg,a,1599689862.8073,us,,United States,a,$7,7.0,Nature Family,2983602461.0,//mossferatu.bandcamp.com/album/nature-family,7.0,,Mossferatu,USD,,7.0,,,,
1599689863.20532&//radiantlove.bandcamp.com/album/bliss-inc-hacking-the-planet,https://f4.bcbits.com/img/a2259903145_7.jpg,a,1599689863.20532,us,,United States,a,€6,6.0,Bliss Inc. - Hacking The Planet,2259903145.0,//radiantlove.bandcamp.com/album/bliss-inc-hacking-the-planet,6.0,,Bliss Inc.,EUR,,7.08,,,,
1599689863.72885&//belltowers.bandcamp.com/track/another-lonely-night-in-berlin,https://f4.bcbits.com/img/a4079844739_7.jpg,t,1599689863.72885,nl,,Netherlands,t,€1,1.0,Another Lonely Night In Berlin,4079844739.0,//belltowers.bandcamp.com/track/another-lonely-night-in-berlin,1.0,,Bell Towers,EUR,,1.18,,,,
1599689867.88508&//jake-walker.bandcamp.com/track/thinkin-jakes-2002-groove-version,https://f4.bcbits.com/img/a2101311124_7.jpg,t,1599689867.88508,ie,,Ireland,t,£1,0.0,Thinkin (Jake's 2002 Groove Version),2101311124.0,//jake-walker.bandcamp.com/track/thinkin-jakes-2002-groove-version,1.0,,Jake Walker,GBP,,1.3,,,,
1599689869.29148&//dlvmusic.bandcamp.com/track/rave-instructor-original-mix,https://f4.bcbits.com/img/a3600352200_7.jpg,t,1599689869.29148,fr,,France,t,€2,2.0,Rave Instructor (Original Mix),3600352200.0,//dlvmusic.bandcamp.com/track/rave-instructor-original-mix,2.0,,DLV,EUR,Rave Instructor EP,2.36,,,,
1599689872.93396&//cmpbld.bandcamp.com/merch/camp-blood-logo-t-shirt,https://f4.bcbits.com/img/0021553168_37.jpg,p,1599689872.93396,us,,United States,p,$15,15.0,CAMP BLOOD Logo T-Shirt,,//cmpbld.bandcamp.com/merch/camp-blood-logo-t-shirt,15.0,,Camp Blood,USD,,15.0,21553168.0,,,
1599689874.79119&//spindarecords.bandcamp.com/album/la-tumba,https://f4.bcbits.com/img/a0821599843_7.jpg,a,1599689874.79119,es,,Spain,a,€5,5.0,La Tumba,821599843.0,//spindarecords.bandcamp.com/album/la-tumba,5.0,,De La Cuna A La Tumba,EUR,,5.9,,,,
1599689875.37703&//modern-technology.bandcamp.com/album/service-provider-2,https://f4.bcbits.com/img/a3582137363_7.jpg,a,1599689875.37703,ie,,Ireland,a,£5,5.0,Service Provider,3582137363.0,//modern-technology.bandcamp.com/album/service-provider-2,5.0,,Modern Technology,GBP,,6.5,,,,
1599689875.94834&https://music.midwestcollective.us/album/odyssey,https://f4.bcbits.com/img/a3321951232_7.jpg,a,1599689875.94834,us,,United States,a,$5,2.0,Odyssey,3321951232.0,https://music.midwestcollective.us/album/odyssey,5.0,,HOME,USD,,5.0,,$3,,
1599689878.57347&//noaloharecords.bandcamp.com/album/we-are-never-alone-songs-of-vic-chesnutt,https://f4.bcbits.com/img/0021078900_37.jpg,p,1599689878.57347,gb,,United Kingdom,a,€15,15.0,"We Are Never Alone. Songs of Vic Chesnutt. Limited edition 12"" Black Vinyl",,//noaloharecords.bandcamp.com/album/we-are-never-alone-songs-of-vic-chesnutt,15.0,,No Aloha Records,EUR,We Are Never Alone. Songs of Vic Chesnutt,17.71,21078900.0,,,
1599689879.71461&//gloga.bandcamp.com/album/erotic-salts,https://f4.bcbits.com/img/a2021224893_7.jpg,a,1599689879.71461,gb,,United Kingdom,a,$1,1.0,Erotic Salts,2021224893.0,//gloga.bandcamp.com/album/erotic-salts,1.0,,Gloga,USD,,1.0,,,,
1599689884.78276&//lightningdust.bandcamp.com/album/material-life,https://f4.bcbits.com/img/a1285972181_7.jpg,a,1599689884.78276,us,,United States,a,$2,2.0,Material Life,1285972181.0,//lightningdust.bandcamp.com/album/material-life,2.0,,Lightning Dust,USD,,2.0,,,,
1599689885.2225&//chuwanaga.bandcamp.com/track/try-it-out,https://f4.bcbits.com/img/a4241200089_7.jpg,t,1599689885.2225,fr,,France,t,€1.50,1.5,Try It Out,4241200089.0,//chuwanaga.bandcamp.com/track/try-it-out,1.5,,World Series,EUR,Try It Out / Head Over Heels,1.77,,,,
1599689886.49987&//konx-om-pax.bandcamp.com/track/rez-skee-mask-remix,https://f4.bcbits.com/img/a2696498236_7.jpg,t,1599689886.4998698,ch,,Switzerland,t,£1,1.0,Rez (Skee Mask Remix),2696498236.0,//konx-om-pax.bandcamp.com/track/rez-skee-mask-remix,1.0,,Konx-om-Pax,GBP,Return To Cascada,1.3,,,,
1599689886.65561&//julianlynch.bandcamp.com/album/terra,//s4.bcbits.com/img/blank.gif,p,1599689886.6556098,us,,United States,a,$12,12.0,Terra,,//julianlynch.bandcamp.com/album/terra,12.0,,Julian Lynch,USD,Terra,12.0,,,,
1599689887.45122&//mattmays.bandcamp.com/album/dog-city,https://f4.bcbits.com/img/0021386219_37.jpg,p,1599689887.45122,us,,United States,a,$35 CAD,20.0,Dog City (vinyl pre-order),,//mattmays.bandcamp.com/album/dog-city,35.0,,Matt Mays,CAD,Dog City,26.6,21386219.0,$15,,
1599689888.90457&//jmmstr.bandcamp.com/track/in-the-stone-jam-masters-remix-rework,https://f4.bcbits.com/img/a0928686130_7.jpg,t,1599689888.90457,jp,,Japan,t,€2,2.0,In The Stone (Jam Master's remix rework),928686130.0,//jmmstr.bandcamp.com/track/in-the-stone-jam-masters-remix-rework,2.0,,Jam Master,EUR,,2.36,,,,
1599689890.11265&//middlemanrecords.bandcamp.com/album/piri-reis-coma-regalia-split-10,https://f4.bcbits.com/img/0021195890_37.jpg,p,1599689890.11265,us,,United States,a,$10,10.0,"limited edition 10""",,//middlemanrecords.bandcamp.com/album/piri-reis-coma-regalia-split-10,10.0,,Middle-Man Records,USD,"Piri Reis/Coma Regalia split 10""",10.0,21195890.0,,,
1599689890.20364&//middlemanrecords.bandcamp.com/album/death-of-spring,https://f4.bcbits.com/img/0017712007_37.jpg,p,1599689890.20364,us,,United States,a,$14,14.0,death of spring vinyl,,//middlemanrecords.bandcamp.com/album/death-of-spring,14.0,,Middle-Man Records,USD,Death of Spring,14.0,17712007.0,,,
1599689890.69432&//middlemanrecords.bandcamp.com/album/treading-water,https://f4.bcbits.com/img/0015989486_37.jpg,p,1599689890.69432,us,,United States,a,$15,15.0,blue vinyl,,//middlemanrecords.bandcamp.com/album/treading-water,15.0,,Lifes,USD,Treading Water,15.0,15989486.0,,,
1599689890.95069&//middlemanrecords.bandcamp.com/album/s-t-6,https://f4.bcbits.com/img/0013368734_37.jpg,p,1599689890.95069,us,,United States,a,$13,13.0,"Euth LP 12"" edition",,//middlemanrecords.bandcamp.com/album/s-t-6,13.0,,Euth,USD,s/t,13.0,13368734.0,,,
1599689892.18033&//breathing-rainbow.bandcamp.com/track/toxic-ocean-nuclear-sea,https://f4.bcbits.com/img/a2735402619_7.jpg,t,1599689892.18033,us,,United States,t,$1,1.0,Toxic Ocean // Nuclear Sea,2735402619.0,//breathing-rainbow.bandcamp.com/track/toxic-ocean-nuclear-sea,1.0,,Breathing Rainbow,USD,,1.0,,,,
1599689896.56437&//detritirecords.bandcamp.com/album/the-populists-aka-yan-wagner-belgian-trip,https://f4.bcbits.com/img/a1012855547_7.jpg,a,1599689896.56437,fr,,France,a,€3,3.0,The Populists AKA Yan Wagner - Belgian Trip,1012855547.0,//detritirecords.bandcamp.com/album/the-populists-aka-yan-wagner-belgian-trip,3.0,,Detriti Records,EUR,,3.54,,,,
1599689899.18539&//kutiman.bandcamp.com/album/kutiman-feat-melike-ahin-elimi-tut-ep,https://f4.bcbits.com/img/0021549854_37.jpg,p,1599689899.18539,au,,Australia,a,$7,7.0,"Kutiman feat. Melike Şahin - Elimi Tut (45rpm 7"" vinyl)",,//kutiman.bandcamp.com/album/kutiman-feat-melike-ahin-elimi-tut-ep,7.0,,Kutiman,USD,Kutiman feat. Melike Şahin - Elimi Tut EP,7.0,21549854.0,,,
1599689899.56771&//evitceles.bandcamp.com/album/--2,https://f4.bcbits.com/img/0021436442_37.jpg,p,1599689899.56771,us,,United States,a,€7,6.5,Limited Edition RTM Cassette,,//evitceles.bandcamp.com/album/--2,7.0,,EVITCELES,EUR,Нелюбов,8.26,21436442.0,,,
1599689902.16689&//clubglow.bandcamp.com/track/cheatin,https://f4.bcbits.com/img/a1148646464_7.jpg,t,1599689902.16689,nl,,Netherlands,t,£1,1.0,Cheatin,1148646464.0,//clubglow.bandcamp.com/track/cheatin,1.0,,Mani Festo,GBP,All Night,1.3,,,,
1599689904.59357&//anaroxanne.bandcamp.com/album/because-of-a-flower-2,https://f4.bcbits.com/img/0021460278_37.jpg,p,1599689904.59357,au,,Australia,a,$14,14.0,LP,,//anaroxanne.bandcamp.com/album/because-of-a-flower-2,14.0,,Ana Roxanne,USD,Because of a Flower,14.0,21460278.0,,,
1599689908.03276&//joanshelley.bandcamp.com/album/live-at-the-bomhard,https://f4.bcbits.com/img/a2634413665_7.jpg,a,1599689908.03276,us,,United States,a,$10,10.0,Live at The Bomhard,2634413665.0,//joanshelley.bandcamp.com/album/live-at-the-bomhard,10.0,,Joan Shelley,USD,,10.0,,,,
1599689909.22396&//annereburn.bandcamp.com/track/you-keep-me-hangin-on-the-supremes-cover,https://f4.bcbits.com/img/a1169243554_7.jpg,t,1599689909.22396,fr,,France,t,$1.50,0.9900000095367428,You Keep Me Hangin' On - The Supremes (Cover),1169243554.0,//annereburn.bandcamp.com/track/you-keep-me-hangin-on-the-supremes-cover,1.5,,Anne Reburn,USD,,1.5,,,,
1599689909.64927&//annereburn.bandcamp.com/track/me-too-meghan-trainor-cover,https://f4.bcbits.com/img/a3794278637_7.jpg,t,1599689909.6492698,fr,,France,t,$1.50,0.9900000095367428,Me Too - Meghan Trainor (Cover),3794278637.0,//annereburn.bandcamp.com/track/me-too-meghan-trainor-cover,1.5,,Anne Reburn,USD,,1.5,,,,
1599689909.82596&//annereburn.bandcamp.com/track/addicted-to-love-cover,https://f4.bcbits.com/img/a4091864972_7.jpg,t,1599689909.82596,fr,,France,t,$1.50,0.9900000095367428,Addicted to Love (Cover),4091864972.0,//annereburn.bandcamp.com/track/addicted-to-love-cover,1.5,,Anne Reburn,USD,,1.5,,,,
1599689918.65132&//busdriver-thumbs.bandcamp.com/album/unreleased-hits-single,https://f4.bcbits.com/img/a2292851656_7.jpg,a,1599689918.65132,se,,Sweden,a,$1,0.0,Unreleased Hits - single,2292851656.0,//busdriver-thumbs.bandcamp.com/album/unreleased-hits-single,1.0,,BUSDRIVER,USD,,1.0,,,,
1599689924.61137&//bingsatellites.bandcamp.com/track/waterfall,https://f4.bcbits.com/img/a1554451614_7.jpg,t,1599689924.6113698,gb,,United Kingdom,t,£1,0.0,Waterfall,1554451614.0,//bingsatellites.bandcamp.com/track/waterfall,1.0,,Bing Satellites,GBP,The continuing adventures of Peter Jelp,1.3,,,,
1599689925.24432&//bodytheory.bandcamp.com/track/b1-a-man-of-god,https://f4.bcbits.com/img/a3841687720_7.jpg,t,1599689925.24432,fr,,France,t,€1.50,1.5,B1 - A Man Of God,3841687720.0,//bodytheory.bandcamp.com/track/b1-a-man-of-god,1.5,,UVB,EUR,Your Path To Us,1.77,,,,
1599689928.14261&//youvechangedrecords.bandcamp.com/track/it-is-what-it-is-radio-edit,https://f4.bcbits.com/img/a0296471393_7.jpg,t,1599689928.14261,ca,,Canada,t,$1 CAD,1.0,It Is What It Is (Radio Edit),296471393.0,//youvechangedrecords.bandcamp.com/track/it-is-what-it-is-radio-edit,1.0,,Fiver,CAD,You Wanted Country? Vol. 1,0.76,,,,
1599689928.17287&//toomanyzooz.bandcamp.com/track/make-room,https://f4.bcbits.com/img/a1699186468_7.jpg,t,1599689928.17287,us,,United States,t,$1,1.0,Make Room,1699186468.0,//toomanyzooz.bandcamp.com/track/make-room,1.0,,Too Many Zooz,USD,,1.0,,,,
1599689931.28348&//jacidorex.bandcamp.com/track/trave,https://f4.bcbits.com/img/a2521040125_7.jpg,t,1599689931.2834802,de,,Germany,t,€1.50,1.5,Trave,2521040125.0,//jacidorex.bandcamp.com/track/trave,1.5,,Jacidorex,EUR,,1.77,,,,
1599689932.9866&//plushorganics.bandcamp.com/album/rain-for-love,https://f4.bcbits.com/img/a1424796103_7.jpg,a,1599689932.9866,gb,,United Kingdom,a,$1,0.0,Rain For Love,1424796103.0,//plushorganics.bandcamp.com/album/rain-for-love,1.0,,Gloga,USD,,1.0,,,,
1599689935.05839&//astralwaves.bandcamp.com/album/la-danse-de-la-lune,https://f4.bcbits.com/img/a1985193350_7.jpg,a,1599689935.05839,us,,United States,a,$1,0.0,La Danse de la Lune,1985193350.0,//astralwaves.bandcamp.com/album/la-danse-de-la-lune,1.0,,ASTRAL WAVES,USD,,1.0,,,,
1599689935.53013&//auroraxmusic.bandcamp.com/track/tribe-earth-2,https://f4.bcbits.com/img/a1438374309_7.jpg,t,1599689935.53013,us,,United States,t,$1.50,1.5,Tribe Earth,1438374309.0,//auroraxmusic.bandcamp.com/track/tribe-earth-2,1.5,,AuroraX,USD,Ploration {Beta} [24​/​48khz],1.5,,,,
1599689935.63178&//cosmic-dust-music.bandcamp.com/track/sadogashima,https://f4.bcbits.com/img/a4183500629_7.jpg,t,1599689935.63178,us,,United States,t,$1.50,1.5,Sadogashima,4183500629.0,//cosmic-dust-music.bandcamp.com/track/sadogashima,1.5,,COSMIC DUST,USD,Shamanic Tales,1.5,,,,
1599689935.66539&//labscloud.bandcamp.com/track/the-friendship-of-the-lonely-chords,https://f4.bcbits.com/img/a2648510533_7.jpg,t,1599689935.66539,us,,United States,t,$1.50,4.5,The Friendship of the Lonely Chords,2648510533.0,//labscloud.bandcamp.com/track/the-friendship-of-the-lonely-chords,4.5,,LAB'S CLOUD,USD,Underwater Galaxy,4.5,,,/album/,2.0
1599689935.67997&//primabot.bandcamp.com/track/exotic-biotic,https://f4.bcbits.com/img/a0956078304_7.jpg,t,1599689935.67997,us,,United States,t,$1.50,1.5,Exotic Biotic,956078304.0,//primabot.bandcamp.com/track/exotic-biotic,1.5,,PRIMABOT,USD,Digital Manifesto EP,1.5,,,,
1599689935.69875&//lydia-music.bandcamp.com/track/levitate,https://f4.bcbits.com/img/a3671020479_7.jpg,t,1599689935.69875,us,,United States,t,$1.50,4.5,Levitate,3671020479.0,//lydia-music.bandcamp.com/track/levitate,4.5,,LYDIA,USD,Landscape,4.5,,,/album/,2.0
1599689935.74339&//imd-music.bandcamp.com/track/hertz-01,https://f4.bcbits.com/img/a2295407397_7.jpg,t,1599689935.74339,us,,United States,t,$1,0.0,Hertz | 01,2295407397.0,//imd-music.bandcamp.com/track/hertz-01,1.0,,I.M.D,USD,,1.0,,,,
1599689935.78998&//zero-theory.bandcamp.com/track/duat-land-of-the-dead,https://f4.bcbits.com/img/a3412690708_7.jpg,t,1599689935.7899802,us,,United States,t,$1.50,1.5,Duat (Land of the Dead),3412690708.0,//zero-theory.bandcamp.com/track/duat-land-of-the-dead,1.5,,ZERO THEORY,USD,Arrival,1.5,,,,
1599689939.59045&//petbrick.bandcamp.com/album/deafbrick,https://f4.bcbits.com/img/0021563510_37.jpg,p,1599689939.59045,nl,,Netherlands,a,£20,19.9899997711182,LTD DEAFBRICK Red & Black Splatter Vinyl,,//petbrick.bandcamp.com/album/deafbrick,20.0,,PETBRICK,GBP,DEAFBRICK,25.98,21563510.0,,,
1599689943.50205&//paulbabelay.bandcamp.com/album/my-vibe-the-album,https://f4.bcbits.com/img/a0839400681_7.jpg,a,1599689943.50205,us,,United States,a,$20,8.0,My Vibe (the album),839400681.0,//paulbabelay.bandcamp.com/album/my-vibe-the-album,20.0,,Paul Babelay,USD,,20.0,,$12,,
1599689943.76941&//tabbalfadi.bandcamp.com,https://f4.bcbits.com/img/a3247054693_7.jpg,b,1599689943.76941,us,,United States,,$14,14.0,full digital discography (4 releases),3247054693.0,//tabbalfadi.bandcamp.com,14.0,4.0,Fadi Tabbal,USD,,14.0,,,,
1599689945.51763&//hiraeth-records.bandcamp.com/album/--3,https://f4.bcbits.com/img/a2036178332_7.jpg,a,1599689945.51763,au,,Australia,a,€5,5.0,上海／香港,2036178332.0,//hiraeth-records.bandcamp.com/album/--3,5.0,,沙漠鱿鱼,EUR,,5.9,,,,
1599689951.09684&//mogwai.bandcamp.com/album/2018,https://f4.bcbits.com/img/a1397909724_7.jpg,a,1599689951.09684,gb,,United Kingdom,a,£10,0.0,2018,1397909724.0,//mogwai.bandcamp.com/album/2018,10.0,,Mogwai,GBP,,12.99,,£10,,
1599689952.77845&//scarletseason.bandcamp.com/track/meditation-01,https://f4.bcbits.com/img/a1622531642_7.jpg,t,1599689952.77845,us,,United States,t,$1,0.0,Meditation_01,1622531642.0,//scarletseason.bandcamp.com/track/meditation-01,1.0,,Scarlet Season,USD,,1.0,,,,
1599689953.64357&//mandolinorange.bandcamp.com/album/austin-city-limits-live-at-the-moody-theater-3,https://f4.bcbits.com/img/0021565153_37.jpg,p,1599689953.64357,us,,United States,a,$40,40.0,Second pressing - Clear 2x Vinyl LP,,//mandolinorange.bandcamp.com/album/austin-city-limits-live-at-the-moody-theater-3,40.0,,Mandolin Orange,USD,Austin City Limits Live at The Moody Theater,40.0,21565153.0,,,
1599689953.78202&//sylvanesso.bandcamp.com/album/free-love,https://f4.bcbits.com/img/0020934402_37.jpg,p,1599689953.78202,us,,United States,a,$12,12.0,Standard CD,,//sylvanesso.bandcamp.com/album/free-love,12.0,,Sylvan Esso,USD,Free Love,12.0,20934402.0,,,
1599689953.86727&//animalialabel.bandcamp.com/track/resurgence,https://f4.bcbits.com/img/a3987694682_7.jpg,t,1599689953.86727,il,,Israel,t,$3.50 AUD,3.5,Resurgence,3987694682.0,//animalialabel.bandcamp.com/track/resurgence,3.5,,Sam & Jack Brickel,AUD,Animalia One,2.55,,,,
1599689956.35568&//williammccarthy1.bandcamp.com/album/the-bloodline-e-p,https://f4.bcbits.com/img/a2880913865_7.jpg,a,1599689956.35568,gb,,United Kingdom,a,$5,5.0,the bloodline e.p.,2880913865.0,//williammccarthy1.bandcamp.com/album/the-bloodline-e-p,5.0,,William McCarthy,USD,,5.0,,,,
1599689956.87727&//denguedenguedengue.bandcamp.com/album/fiebre,https://f4.bcbits.com/img/0021558244_37.jpg,p,1599689956.87727,it,,Italy,a,€15,15.0,"Limited Edition 12"" vinyl",,//denguedenguedengue.bandcamp.com/album/fiebre,15.0,,Dengue Dengue Dengue,EUR,Fiebre,17.71,21558244.0,,,
1599689958.26941&//davidnance.bandcamp.com/album/basket-music-w-gun-outfit,https://f4.bcbits.com/img/a3127423848_7.jpg,a,1599689958.26941,us,,United States,a,$7,7.0,Basket Music w/ Gun Outfit,3127423848.0,//davidnance.bandcamp.com/album/basket-music-w-gun-outfit,7.0,,David Nance,USD,,7.0,,,,
1599689959.2299&//steveroach.bandcamp.com/album/stillpoint,https://f4.bcbits.com/img/a0129621890_7.jpg,a,1599689959.2299,us,,United States,a,$1,0.0,STILLPOINT,129621890.0,//steveroach.bandcamp.com/album/stillpoint,1.0,,Steve Roach,USD,,1.0,,,,
1599689959.36071&//steveroach.bandcamp.com/album/back-to-life,https://f4.bcbits.com/img/a0134186642_7.jpg,a,1599689959.36071,us,,United States,a,$1,0.0,Back To Life,134186642.0,//steveroach.bandcamp.com/album/back-to-life,1.0,,Steve Roach,USD,,1.0,,,,
1599689959.83735&//mandolinorange.bandcamp.com/album/austin-city-limits-live-at-the-moody-theater-3,https://f4.bcbits.com/img/0021565153_37.jpg,p,1599689959.83735,us,,United States,a,$40,40.0,Second pressing - Clear 2x Vinyl LP,,//mandolinorange.bandcamp.com/album/austin-city-limits-live-at-the-moody-theater-3,40.0,,Mandolin Orange,USD,Austin City Limits Live at The Moody Theater,40.0,21565153.0,,,
1599689959.97913&//steveroach.bandcamp.com/album/inannas-dream,https://f4.bcbits.com/img/a0055054951_7.jpg,a,1599689959.97913,us,,United States,a,$1,0.0,Inanna's Dream,55054951.0,//steveroach.bandcamp.com/album/inannas-dream,1.0,,Serena Gabriel  -  Steve Roach,USD,,1.0,,,,
1599689962.6097&//artistsfromnowhere.bandcamp.com/album/afn-004,https://f4.bcbits.com/img/a1085986213_7.jpg,a,1599689962.6097,au,,Australia,a,€9,9.0,AFN 004,1085986213.0,//artistsfromnowhere.bandcamp.com/album/afn-004,9.0,,Artists From Nowhere,EUR,,10.62,,,,
1599689963.32828&//arthurrobert.bandcamp.com/track/concentration,https://f4.bcbits.com/img/a3862651787_7.jpg,t,1599689963.32828,cz,,Czech Republic,t,€3,3.0,Concentration,3862651787.0,//arthurrobert.bandcamp.com/track/concentration,3.0,,Arthur Robert - AR,EUR,Draft I,3.54,,,,
1599689965.04457&//mutualintentions.bandcamp.com/merch/ivan-ave-x-club-121-project-cap,https://f4.bcbits.com/img/0021539938_37.jpg,p,1599689965.04457,no,,Norway,p,€39,39.0,Ivan Ave x Club 121 Project cap,,//mutualintentions.bandcamp.com/merch/ivan-ave-x-club-121-project-cap,39.0,,Mutual Intentions,EUR,,46.03,21539938.0,,,
1599689974.91439&//universaltriberecords.bandcamp.com/album/eartheogen-tweaked-tiki-free-release,https://f4.bcbits.com/img/a2920870040_7.jpg,a,1599689974.91439,gb,,United Kingdom,a,$1 AUD,0.0,Eartheogen - Tweaked Tiki (Free Release),2920870040.0,//universaltriberecords.bandcamp.com/album/eartheogen-tweaked-tiki-free-release,1.0,,Eartheogen,AUD,,0.73,,,,
1599689976.38357&//c64music.bandcamp.com/album/the-calm,https://f4.bcbits.com/img/a1410819889_7.jpg,a,1599689976.38357,gb,,United Kingdom,a,£6,6.0,The Calm,1410819889.0,//c64music.bandcamp.com/album/the-calm,6.0,,c64 (of Dual Core),GBP,,7.8,,,,
1599689976.58233&//romasa.bandcamp.com/album/insufferable-cave-of-rotting-aspiration,https://f4.bcbits.com/img/0021556648_37.jpg,p,1599689976.58233,us,,United States,a,$6.66,6.65999984741211,Cassette Tape,,//romasa.bandcamp.com/album/insufferable-cave-of-rotting-aspiration,6.66,,ROMASA,USD,Insufferable Cave of Rotting Aspiration,6.66,21556648.0,,,
1599689977.7817&//prophetrecordings.bandcamp.com/track/on-own-beach,https://f4.bcbits.com/img/a4017782090_7.jpg,t,1599689977.7817,fr,,France,t,€1.79,1.78999996185303,On Own Beach,4017782090.0,//prophetrecordings.bandcamp.com/track/on-own-beach,1.79,,Michal Jablonski,EUR,Ritual Act. II,2.11,,,,
1599689978.00521&//patjaffe.bandcamp.com/album/eldorado,https://f4.bcbits.com/img/0021177448_37.jpg,p,1599689978.00521,au,,Australia,a,$35 AUD,35.0,"Limited Edition 12"" Vinyl",,//patjaffe.bandcamp.com/album/eldorado,35.0,,Pat Jaffe,AUD,Eldorado,25.45,21177448.0,,,
1599689978.22208&//sentakumusic.bandcamp.com/album/ushi,https://f4.bcbits.com/img/a0819605779_7.jpg,a,1599689978.22208,gb,,United Kingdom,a,€5,5.0,Ushi 丑,819605779.0,//sentakumusic.bandcamp.com/album/ushi,5.0,,Dixia Sirong & O'Hana,EUR,,5.9,,,,
1599689979.92841&//wiretaprecords.bandcamp.com/album/grower,https://f4.bcbits.com/img/a4031828662_7.jpg,a,1599689979.92841,us,,United States,a,$4,4.0,Grower,4031828662.0,//wiretaprecords.bandcamp.com/album/grower,4.0,,Burnt Tapes,USD,,4.0,,,,
1599689980.47639&//chromeo.bandcamp.com/merch/solidarity-with-beirut-t-shirt,https://f4.bcbits.com/img/0021206895_37.jpg,p,1599689980.47639,us,,United States,p,$30,30.0,Solidarity With Beirut T-Shirt,,//chromeo.bandcamp.com/merch/solidarity-with-beirut-t-shirt,30.0,,Chromeo,USD,,30.0,21206895.0,,,
1599689980.88657&//fashionqueens.bandcamp.com/track/music-is-my-life-wilsons-original,https://f4.bcbits.com/img/a1081700188_7.jpg,t,1599689980.88657,il,,Israel,t,£2,2.0,Music is my Life (Wilson's Original),1081700188.0,//fashionqueens.bandcamp.com/track/music-is-my-life-wilsons-original,2.0,,Fashion Queens,GBP,,2.6,,,,
1599689981.0312&//cyberjit.bandcamp.com/track/astral,https://f4.bcbits.com/img/a3839755927_7.jpg,t,1599689981.0312,de,,Germany,t,€1.50,1.5,Astral,3839755927.0,//cyberjit.bandcamp.com/track/astral,1.5,,dpcld,EUR,Stress Test,1.77,,,,
1599689984.31763&//churchwoodatx.bandcamp.com/album/plenty-wrong-to-go-awry,https://f4.bcbits.com/img/0021423369_37.jpg,p,1599689984.31763,us,,United States,a,$22,22.0,Limited Edition LP on 180 gram opaque white vinyl,,//churchwoodatx.bandcamp.com/album/plenty-wrong-to-go-awry,22.0,,Churchwood,USD,Plenty Wrong to Go Awry,22.0,21423369.0,,,
1599689984.37476&//harveymc.bandcamp.com/album/rascality,https://f4.bcbits.com/img/0021376651_37.jpg,p,1599689984.37476,us,,United States,a,$22,22.0,Limited Edition Transparent 180 Gram Vinyl  LP,,//harveymc.bandcamp.com/album/rascality,22.0,,Harvey McLaughlin,USD,Rascality,22.0,21376651.0,,,
1599689984.74087&//digitallandscapesrec.bandcamp.com/track/key-to-insaniity-vs-tokoloshe-totem-tamers,https://f4.bcbits.com/img/a3643505467_7.jpg,t,1599689984.74087,de,,Germany,t,€1,1.0,Key to Insaniity vs Tokoloshe - Totem Tamers,3643505467.0,//digitallandscapesrec.bandcamp.com/track/key-to-insaniity-vs-tokoloshe-totem-tamers,1.0,,Digital Landscapes,EUR,VA - Android Innards - 2020,1.18,,,,
1599689985.00381&//bedouine.bandcamp.com/track/thirteen,https://f4.bcbits.com/img/a2674244168_7.jpg,t,1599689985.00381,us,,United States,t,$1,1.0,Thirteen,2674244168.0,//bedouine.bandcamp.com/track/thirteen,1.0,,"Bedouine, Waxahatchee, Hurray for the Riff Raff",USD,,1.0,,,,
1599689985.23699&//bedouine.bandcamp.com/track/the-hum,https://f4.bcbits.com/img/a2390722840_7.jpg,t,1599689985.23699,us,,United States,t,$1,1.0,The Hum,2390722840.0,//bedouine.bandcamp.com/track/the-hum,1.0,,Bedouine,USD,,1.0,,,,
1599689988.31643&//yairlevi.bandcamp.com/track/yair-levi-asaf-goren-shai-sol-ben-adam,https://f4.bcbits.com/img/a2712240274_7.jpg,t,1599689988.31643,us,,United States,t,₪10,10.0,Yair Levi & Asaf Goren & Shai Sol - BEN ADAM | יאיר לוי & אסף גורן & שי סול - בן אדם,2712240274.0,//yairlevi.bandcamp.com/track/yair-levi-asaf-goren-shai-sol-ben-adam,10.0,,Yair Levi,ILS,,2.94,,,,
1599689988.82261&//yairlevi.bandcamp.com/track/refa-na,https://f4.bcbits.com/img/a3939985749_7.jpg,t,1599689988.82261,us,,United States,t,₪5,5.0,רפא נא- Refa Na,3939985749.0,//yairlevi.bandcamp.com/track/refa-na,5.0,,Yair Levi & Shai Sol,ILS,,1.47,,,,
1599689989.8438&//vertigoaway.bandcamp.com/album/jungle-witch,https://f4.bcbits.com/img/a1743460649_7.jpg,a,1599689989.8438,us,,United States,a,$5,5.0,ДЖУНГЛЬНАЯ ВЕДЬМА /// JUNGLE WITCH,1743460649.0,//vertigoaway.bandcamp.com/album/jungle-witch,5.0,,vertigoaway,USD,,5.0,,,,
1599689990.95649&//origamiangel.bandcamp.com/album/somewhere-city,https://f4.bcbits.com/img/a1550925211_7.jpg,a,1599689990.95649,us,,United States,a,$1,0.0,Somewhere City,1550925211.0,//origamiangel.bandcamp.com/album/somewhere-city,1.0,,Origami Angel,USD,,1.0,,,,
1599689991.45645&//jeku.bandcamp.com/track/hydrostatic,https://f4.bcbits.com/img/a3885428363_7.jpg,t,1599689991.45645,fr,,France,t,€1.75,1.75,Hydrostatic,3885428363.0,//jeku.bandcamp.com/track/hydrostatic,1.75,,Jeku,EUR,Radical Error EP,2.07,,,,
1599689994.42264&//sahale.bandcamp.com/track/hell-on-earth,https://f4.bcbits.com/img/a3024559538_7.jpg,t,1599689994.42264,us,,United States,t,€1,1.0,Hell on Earth,3024559538.0,//sahale.bandcamp.com/track/hell-on-earth,1.0,,Sahalé,EUR,,1.18,,,,
1599689994.49824&//sahale.bandcamp.com/track/jaber-fayad-sufi-taksim-sahal-edit,https://f4.bcbits.com/img/a2698772268_7.jpg,t,1599689994.49824,us,,United States,t,€0.50,0.0,Jaber Fayad - Sufi Taksim (Sahalé edit),2698772268.0,//sahale.bandcamp.com/track/jaber-fayad-sufi-taksim-sahal-edit,0.5,,Sahalé,EUR,,0.59,,,,
1599689994.79566&//hypnoticdirgerecords.bandcamp.com/album/echoes,https://f4.bcbits.com/img/a1079341079_7.jpg,a,1599689994.79566,se,,Sweden,a,$5 CAD,0.0,Echoes,1079341079.0,//hypnoticdirgerecords.bandcamp.com/album/echoes,5.0,,Wills Dissolve,CAD,,3.8,,$5,,
1599689998.14666&//cellojoe.bandcamp.com/track/waltz-ala-peter-gundry,https://f4.bcbits.com/img/a2988310432_7.jpg,t,1599689998.14666,us,,United States,t,$0.50,0.0,Waltz ala Peter Gundry,2988310432.0,//cellojoe.bandcamp.com/track/waltz-ala-peter-gundry,0.5,,CelloJoe,USD,,0.5,,,,
1599690001.55778&//nebulamusicstore.bandcamp.com/album/kromestar-lost-gemz-ep,https://f4.bcbits.com/img/a2099965906_7.jpg,a,1599690001.55778,gb,,United Kingdom,a,£2.99,2.99000000953674,KROMESTAR - LOST GEMZ EP,2099965906.0,//nebulamusicstore.bandcamp.com/album/kromestar-lost-gemz-ep,2.99,,Nebula Music Group,GBP,,3.88,,,,
1599690003.46064&//moodymann.bandcamp.com/album/demos-cassettes-adats-floppies-pt-1-kdj-51,https://f4.bcbits.com/img/a1277075787_7.jpg,a,1599690003.46064,nl,,Netherlands,a,$5.67,5.67000007629395,"DEMOS, CASSETTES, ADATS & FLOPPIES PT.1 | KDJ-51",1277075787.0,//moodymann.bandcamp.com/album/demos-cassettes-adats-floppies-pt-1-kdj-51,5.67,,Moodymann,USD,,5.67,,,,
1599690004.5304&//evernewohcanada.bandcamp.com/album/ever-new,https://f4.bcbits.com/img/a3615508287_7.jpg,a,1599690004.5304,ca,,Canada,a,$35 CAD,17.0,EVER NEW,3615508287.0,//evernewohcanada.bandcamp.com/album/ever-new,35.0,,Various,CAD,,26.6,,$18,,
1599690005.08549&//vladimirgnatenko.bandcamp.com/track/stun,https://f4.bcbits.com/img/a3617021991_7.jpg,t,1599690005.08549,il,,Israel,t,€1,2.0,Stun,3617021991.0,//vladimirgnatenko.bandcamp.com/track/stun,2.0,,Vladimir Gnatenko,EUR,Skaak,2.36,,,/album/,1.0
1599690009.55804&//yearofnolight.bandcamp.com/album/split-w-bagarre-g-n-rale,https://f4.bcbits.com/img/a3737993601_7.jpg,a,1599690009.55804,de,,Germany,a,€8,7.98999977111816,Split w/ Bagarre Générale,3737993601.0,//yearofnolight.bandcamp.com/album/split-w-bagarre-g-n-rale,8.0,,YEAR OF NO LIGHT,EUR,,9.44,,,,
1599690010.02158&//amandapalmer.bandcamp.com/track/its-a-fire,https://f4.bcbits.com/img/a2371143964_7.jpg,t,1599690010.02158,au,,Australia,t,$10,1.0,It's A Fire,2371143964.0,//amandapalmer.bandcamp.com/track/its-a-fire,10.0,,Amanda Palmer & Rhiannon Giddens,USD,,10.0,,$9,,
1599690020.36999&//hieronymusbogs.bandcamp.com/album/the-mystic-way,https://f4.bcbits.com/img/a1197205281_7.jpg,a,1599690020.36999,ca,,Canada,a,$10,7.0,The Mystic Way,1197205281.0,//hieronymusbogs.bandcamp.com/album/the-mystic-way,10.0,,HIERONYMUS BOGS,USD,,10.0,,$3,,
1599690021.11315&//balintboldizsar.bandcamp.com/track/samba-de-velho,https://f4.bcbits.com/img/a2101651193_7.jpg,t,1599690021.11315,us,,United States,t,350 HUF,350.0,Samba De Velho,2101651193.0,//balintboldizsar.bandcamp.com/track/samba-de-velho,350.0,,Bálint Boldizsár,HUF,,1.16,,,,
1599690021.26649&//balintboldizsar.bandcamp.com/track/mama-africa,https://f4.bcbits.com/img/a4197205840_7.jpg,t,1599690021.26649,us,,United States,t,100 HUF,0.0,Mama Africa,4197205840.0,//balintboldizsar.bandcamp.com/track/mama-africa,100.0,,Bálint Boldizsár,HUF,,0.33,,,,
1599690021.7843&//balintboldizsar.bandcamp.com/track/sigalala,https://f4.bcbits.com/img/a1965301661_7.jpg,t,1599690021.7843,us,,United States,t,100 HUF,0.0,Sigalala,1965301661.0,//balintboldizsar.bandcamp.com/track/sigalala,100.0,,Bálint Boldizsár,HUF,,0.33,,,,
1599690027.77551&//whitechapelmetal.bandcamp.com/album/the-valley,https://f4.bcbits.com/img/a0597033487_7.jpg,a,1599690027.77551,us,,United States,a,$10,9.98999977111816,The Valley,597033487.0,//whitechapelmetal.bandcamp.com/album/the-valley,10.0,,Whitechapel,USD,,10.0,,,,
1599690030.10279&//hypnoticdirgerecords.bandcamp.com/album/the-heavens-are-not-on-fire,https://f4.bcbits.com/img/a0058254104_7.jpg,a,1599690030.10279,se,,Sweden,a,$5 CAD,0.0,The Heavens Are Not On Fire...,58254104.0,//hypnoticdirgerecords.bandcamp.com/album/the-heavens-are-not-on-fire,5.0,,Wills Dissolve,CAD,,3.8,,$5,,
1599690033.24088&//djkanednb.bandcamp.com/album/dj-kane-feat-future-forces-morpheus-2020-remaster,https://f4.bcbits.com/img/a3570253391_7.jpg,a,1599690033.24088,ca,,Canada,a,£1.50,1.5,DJ Kane feat Future Forces - Morpheus (2020 remaster),3570253391.0,//djkanednb.bandcamp.com/album/dj-kane-feat-future-forces-morpheus-2020-remaster,1.5,,DJ Kane,GBP,,1.95,,,,
1599690033.54772&//templo.bandcamp.com/album/imaginary-dancing-volume-one,https://f4.bcbits.com/img/a3699192633_7.jpg,a,1599690033.54772,il,,Israel,a,$7,7.0,Imaginary Dancing Volume One,3699192633.0,//templo.bandcamp.com/album/imaginary-dancing-volume-one,7.0,,Professor Genius,USD,,7.0,,,,
1599690035.32515&//epicureanescapism.bandcamp.com/album/the-hunters-in-the-snow-a-contemplation-on-pieter-bruegel-s-series-of-the-seasons,https://f4.bcbits.com/img/0015807467_37.jpg,p,1599690035.32515,de,,Germany,a,€14,14.0,Regular edition CD,,//epicureanescapism.bandcamp.com/album/the-hunters-in-the-snow-a-contemplation-on-pieter-bruegel-s-series-of-the-seasons,14.0,,"Anemone Tube, Jarl & Monocube",EUR,The Hunters in the Snow – A Contemplation on Pieter Bruegel‘s  Series of the Seasons,16.52,15807467.0,,,
1599690035.72764&//epicureanescapism.bandcamp.com/album/golden-temple-cd,https://f4.bcbits.com/img/0006801394_37.jpg,p,1599690035.7276402,de,,Germany,a,€13.50,13.5,CD digifile,,//epicureanescapism.bandcamp.com/album/golden-temple-cd,13.5,,Anemone Tube,EUR,Golden Temple CD,15.93,6801394.0,,,
1599690037.66364&//reallyslowmotion.bandcamp.com,https://f4.bcbits.com/img/a3170342805_7.jpg,b,1599690037.66364,es,,Spain,,$90,90.0,full digital discography (10 releases),3170342805.0,//reallyslowmotion.bandcamp.com,90.0,10.0,Really Slow Motion,USD,,90.0,,,,
1599690039.54599&//absoluteremixes.bandcamp.com/track/suzi-quatro-chris-norman-stumblin-in-absolute-remix,https://f4.bcbits.com/img/a2923446649_7.jpg,t,1599690039.54599,ro,,Romania,t,€1.88,1.87999999523163,Suzi Quatro & Chris Norman - Stumblin in ( Absolute remix ),2923446649.0,//absoluteremixes.bandcamp.com/track/suzi-quatro-chris-norman-stumblin-in-absolute-remix,1.88,,Suzi Quatro & Chris Norman - Stumblin in ( Absolute remix ),EUR,,2.22,,,,
1599690039.94319&//absoluteremixes.bandcamp.com/track/marvin-gaye-vs-beyonc-sexual-boy-absolute-remix,https://f4.bcbits.com/img/a2994823139_7.jpg,t,1599690039.94319,ro,,Romania,t,€1.88,1.87999999523163,Marvin Gaye vs. Beyoncé - Sexual boy ( Absolute remix ),2994823139.0,//absoluteremixes.bandcamp.com/track/marvin-gaye-vs-beyonc-sexual-boy-absolute-remix,1.88,,Marvin Gaye vs. Beyoncé - Sexual boy ( Absolute remix ),EUR,,2.22,,,,
1599690040.05363&//ballerinablackmusic.bandcamp.com/album/whails-ep,https://f4.bcbits.com/img/a1652403963_7.jpg,a,1599690040.05363,es,,Spain,a,$4,4.0,Whails EP,1652403963.0,//ballerinablackmusic.bandcamp.com/album/whails-ep,4.0,,Ballerina Black,USD,,4.0,,,,
1599690042.91244&//mandolinorange.bandcamp.com/album/austin-city-limits-live-at-the-moody-theater-3,https://f4.bcbits.com/img/0021565153_37.jpg,p,1599690042.91244,us,,United States,a,$40,40.0,Second pressing - Clear 2x Vinyl LP,,//mandolinorange.bandcamp.com/album/austin-city-limits-live-at-the-moody-theater-3,40.0,,Mandolin Orange,USD,Austin City Limits Live at The Moody Theater,40.0,21565153.0,,,
1599690043.31574&//thehalobenders.bandcamp.com/album/the-rebels-not-in,https://f4.bcbits.com/img/a3051368119_7.jpg,a,1599690043.31574,us,,United States,a,$7,7.0,The Rebels Not In,3051368119.0,//thehalobenders.bandcamp.com/album/the-rebels-not-in,7.0,,The Halo Benders,USD,,7.0,,,,
1599690043.3539&//zegemabeachrecords.bandcamp.com/album/marked,https://f4.bcbits.com/img/a4196335850_7.jpg,a,1599690043.3539,us,,United States,a,$1,0.0,Marked,4196335850.0,//zegemabeachrecords.bandcamp.com/album/marked,1.0,,COMA REGALIA,USD,,1.0,,,,
1599690043.6797&//mandolinorange.bandcamp.com/album/austin-city-limits-live-at-the-moody-theater-3,https://f4.bcbits.com/img/0021565153_37.jpg,p,1599690043.6797,us,,United States,a,$45,40.0,Second pressing - Clear 2x Vinyl LP,,//mandolinorange.bandcamp.com/album/austin-city-limits-live-at-the-moody-theater-3,45.0,,Mandolin Orange,USD,Austin City Limits Live at The Moody Theater,45.0,21565153.0,$5,,
1599690045.87922&//thexav.bandcamp.com/album/black-duke,https://f4.bcbits.com/img/a1450925401_7.jpg,a,1599690045.87922,us,,United States,a,$10,10.0,Black Duke,1450925401.0,//thexav.bandcamp.com/album/black-duke,10.0,,THE XAV,USD,,10.0,,,,
1599690046.27514&//repeatoffenderca.bandcamp.com/album/demo,https://f4.bcbits.com/img/a0610069432_7.jpg,a,1599690046.27514,ca,,Canada,a,$4,0.0,Demo,610069432.0,//repeatoffenderca.bandcamp.com/album/demo,4.0,,Repeat Offender,USD,,4.0,,$4,,
1599690047.90899&//cyberjit.bandcamp.com/track/yoimergency,https://f4.bcbits.com/img/a1749058540_7.jpg,t,1599690047.90899,de,,Germany,t,€1.50,1.5,Yoimergency,1749058540.0,//cyberjit.bandcamp.com/track/yoimergency,1.5,,DJ МУДАК 2000,EUR,Stress Test,1.77,,,,
1599690049.0145&//griffinmcelroy.bandcamp.com/album/the-beast-the-water-music-from-the-adventure-zone-amnesty-2,https://f4.bcbits.com/img/a0367900023_7.jpg,a,1599690049.0145,us,,United States,a,$5,0.0,The Beast & The Water - Music from The Adventure Zone: Amnesty,367900023.0,//griffinmcelroy.bandcamp.com/album/the-beast-the-water-music-from-the-adventure-zone-amnesty-2,5.0,,Griffin McElroy,USD,,5.0,,$5,,
1599690049.09025&//griffinmcelroy.bandcamp.com/album/the-adventure-zone-the-eleventh-hour-ost,https://f4.bcbits.com/img/a1620160789_7.jpg,a,1599690049.09025,us,,United States,a,$5,0.0,The Adventure Zone: The Eleventh Hour OST,1620160789.0,//griffinmcelroy.bandcamp.com/album/the-adventure-zone-the-eleventh-hour-ost,5.0,,Griffin McElroy,USD,,5.0,,$5,,
1599690049.69573&//griffinmcelroy.bandcamp.com/album/the-adventure-zone-the-crystal-kingdom-ost,https://f4.bcbits.com/img/a2419875665_7.jpg,a,1599690049.69573,us,,United States,a,$5,0.0,The Adventure Zone: The Crystal Kingdom OST,2419875665.0,//griffinmcelroy.bandcamp.com/album/the-adventure-zone-the-crystal-kingdom-ost,5.0,,Griffin McElroy,USD,,5.0,,$5,,
1599690049.73414&//griffinmcelroy.bandcamp.com/album/journeys-end-music-from-the-adventure-zone,https://f4.bcbits.com/img/a3763358498_7.jpg,a,1599690049.7341402,us,,United States,a,$5,0.0,Journey's End: Music from The Adventure Zone,3763358498.0,//griffinmcelroy.bandcamp.com/album/journeys-end-music-from-the-adventure-zone,5.0,,Griffin McElroy,USD,,5.0,,$5,,
1599690049.85408&//griffinmcelroy.bandcamp.com/album/radio-quiet-music-from-the-adventure-zone-amnesty,https://f4.bcbits.com/img/a0206815860_7.jpg,a,1599690049.85408,us,,United States,a,$5,0.0,Radio Quiet - Music from The Adventure Zone: Amnesty,206815860.0,//griffinmcelroy.bandcamp.com/album/radio-quiet-music-from-the-adventure-zone-amnesty,5.0,,Griffin McElroy,USD,,5.0,,$5,,
1599690049.95181&//griffinmcelroy.bandcamp.com/album/semesters-i-and-ii-music-from-the-adventure-zone-graduation,https://f4.bcbits.com/img/a2072327799_7.jpg,a,1599690049.95181,us,,United States,a,$5,0.0,Semesters I and II - Music from The Adventure Zone: Graduation,2072327799.0,//griffinmcelroy.bandcamp.com/album/semesters-i-and-ii-music-from-the-adventure-zone-graduation,5.0,,Griffin McElroy,USD,,5.0,,$5,,
1599690049.99747&//griffinmcelroy.bandcamp.com/album/the-adventure-zone-the-suffering-game-ost,https://f4.bcbits.com/img/a1497681025_7.jpg,a,1599690049.99747,us,,United States,a,$5,0.0,The Adventure Zone: The Suffering Game OST,1497681025.0,//griffinmcelroy.bandcamp.com/album/the-adventure-zone-the-suffering-game-ost,5.0,,Griffin McElroy,USD,,5.0,,$5,,
1599690053.30875&//aidanknight.bandcamp.com/album/aidan-knight,https://f4.bcbits.com/img/0021284144_37.jpg,p,1599690053.30875,ca,,Canada,a,$30 CAD,30.0,Limited Edition Mustard Swirl Vinyl,,//aidanknight.bandcamp.com/album/aidan-knight,30.0,,Aidan Knight,CAD,Aidan Knight,22.8,21284144.0,,,
1599690053.35896&//sentakumusic.bandcamp.com/track/o-ren-ishii,https://f4.bcbits.com/img/a3229616396_7.jpg,t,1599690053.35896,gb,,United Kingdom,t,€1.50,1.5,O-ren Ishii,3229616396.0,//sentakumusic.bandcamp.com/track/o-ren-ishii,1.5,,Dixia Sirong,EUR,Nezumi 子,1.77,,,,
1599690058.13308&//camilleandhaley.bandcamp.com/track/keep-america-great-single,https://f4.bcbits.com/img/a1956497724_7.jpg,t,1599690058.13308,us,,United States,t,$1,1.0,Keep America Great (single),1956497724.0,//camilleandhaley.bandcamp.com/track/keep-america-great-single,1.0,,Camille & Haley,USD,,1.0,,,,
1599690063.09172&//tvgirl.bandcamp.com/album/french-exit,https://f4.bcbits.com/img/0021557934_37.jpg,p,1599690063.09172,us,,United States,a,$20,20.0,French Exit Repress,,//tvgirl.bandcamp.com/album/french-exit,20.0,,TV Girl,USD,French Exit,20.0,21557934.0,,,
1599690066.64104&//hotmood.bandcamp.com/track/touch-of-velvet,https://f4.bcbits.com/img/a3033853756_7.jpg,t,1599690066.64104,pl,,Poland,t,$2,2.0,Touch Of Velvet,3033853756.0,//hotmood.bandcamp.com/track/touch-of-velvet,2.0,,hotmood,USD,,2.0,,,,
1599690068.21481&//thisisourtime.bandcamp.com/album/the-time-capsule-experiment,https://f4.bcbits.com/img/a1322301793_7.jpg,a,1599690068.21481,es,,Spain,a,€6,6.0,The Time Capsule Experiment,1322301793.0,//thisisourtime.bandcamp.com/album/the-time-capsule-experiment,6.0,,Aspetuck,EUR,,7.08,,,,
1599690070.04204&//wilsontanner.bandcamp.com/track/further-than-your-headlights,https://f4.bcbits.com/img/a2006927699_7.jpg,t,1599690070.04204,il,,Israel,t,$1 AUD,1.0,Further Than Your Headlights,2006927699.0,//wilsontanner.bandcamp.com/track/further-than-your-headlights,1.0,,Wilson Tanner,AUD,69,0.73,,,,
1599690071.61034&//malojian.bandcamp.com/album/humm,https://f4.bcbits.com/img/a3503166706_7.jpg,a,1599690071.61034,gb,,United Kingdom,a,£7,7.0,HUMM,3503166706.0,//malojian.bandcamp.com/album/humm,7.0,,Malojian,GBP,,9.09,,,,
1599690071.90027&//thependletonssf.bandcamp.com/album/keep-it-working-jacques-renault-remix,https://f4.bcbits.com/img/a4152737860_7.jpg,a,1599690071.90027,gb,,United Kingdom,a,$3,3.0,Keep It Working (Jacques Renault Remix),4152737860.0,//thependletonssf.bandcamp.com/album/keep-it-working-jacques-renault-remix,3.0,,The Pendletons,USD,,3.0,,,,
1599690072.26748&//tvgirl.bandcamp.com/album/french-exit,https://f4.bcbits.com/img/0021557934_37.jpg,p,1599690072.26748,us,,United States,a,$20,20.0,French Exit Repress,,//tvgirl.bandcamp.com/album/french-exit,20.0,,TV Girl,USD,French Exit,20.0,21557934.0,,,
1599690072.33155&//darknet2.bandcamp.com/track/svzz-mother-textasy-edit,https://f4.bcbits.com/img/a2499240273_7.jpg,t,1599690072.33155,gr,,Greece,t,$1,1.0,SVZZ - Mother (TEXTASY EDIT),2499240273.0,//darknet2.bandcamp.com/track/svzz-mother-textasy-edit,1.0,,DARKNET,USD,FTP BOOTLEGS Vol. 3,1.0,,,,
1599690073.48234&//mandolinorange.bandcamp.com/album/austin-city-limits-live-at-the-moody-theater-3,https://f4.bcbits.com/img/0021565153_37.jpg,p,1599690073.48234,us,,United States,a,$40,40.0,Second pressing - Clear 2x Vinyl LP,,//mandolinorange.bandcamp.com/album/austin-city-limits-live-at-the-moody-theater-3,40.0,,Mandolin Orange,USD,Austin City Limits Live at The Moody Theater,40.0,21565153.0,,,
1599690074.00839&//regainrecords.bandcamp.com/merch/marduk-malice-striker-tour-2008-t-shirt,https://f4.bcbits.com/img/0018135124_37.jpg,p,1599690074.00839,se,,Sweden,p,69 SEK,69.0,"Marduk ""Malice Striker"" Tour 2008 T-shirt",,//regainrecords.bandcamp.com/merch/marduk-malice-striker-tour-2008-t-shirt,69.0,,Regain Records,SEK,,7.87,18135124.0,,,
1599690074.23348&//regainrecords.bandcamp.com/album/world-funeral-jaws-of-hell-mmiii,https://f4.bcbits.com/img/0021348269_37.jpg,p,1599690074.23348,se,,Sweden,a,279 SEK,279.0,Double LP (red vinyl),,//regainrecords.bandcamp.com/album/world-funeral-jaws-of-hell-mmiii,279.0,,Marduk,SEK,World Funeral: Jaws of Hell MMIII,31.83,21348269.0,,,
1599690074.63539&//regainrecords.bandcamp.com/merch/ofermod-pentagrammaton-t-shirt,https://f4.bcbits.com/img/0019297765_37.jpg,p,1599690074.63539,se,,Sweden,p,179 SEK,179.0,"Ofermod ""Pentagrammaton"" T-SHIRT",,//regainrecords.bandcamp.com/merch/ofermod-pentagrammaton-t-shirt,179.0,,Regain Records,SEK,,20.42,19297765.0,,,
1599690079.14038&//tompkinssquare.bandcamp.com/album/imaginational-anthem-vol-x-overseas-edition,https://f4.bcbits.com/img/a2003401720_7.jpg,a,1599690079.14038,dk,,Denmark,a,$10,10.0,Imaginational Anthem Vol. X : Overseas Edition,2003401720.0,//tompkinssquare.bandcamp.com/album/imaginational-anthem-vol-x-overseas-edition,10.0,,Various Artists,USD,,10.0,,,,
1599690079.23294&//alcopop.bandcamp.com/album/redevelopment-ep,https://f4.bcbits.com/img/a2160026989_7.jpg,a,1599690079.23294,nl,,Netherlands,a,£5,5.0,Redevelopment EP,2160026989.0,//alcopop.bandcamp.com/album/redevelopment-ep,5.0,,Home Counties,GBP,,6.5,,,,
1599690081.40588&//arubuavua.bandcamp.com,https://f4.bcbits.com/img/a4070656338_7.jpg,b,1599690081.40588,us,,United States,,€24.75,24.75,full digital discography (7 releases),4070656338.0,//arubuavua.bandcamp.com,24.75,7.0,Arubu Avua,EUR,,29.21,,,,
1599690082.49013&//sullyuk.bandcamp.com/album/swandive,https://f4.bcbits.com/img/0021348442_37.jpg,p,1599690082.4901302,gb,,United Kingdom,a,£10,9.98999977111816,"Limited 12"" Vinyl",,//sullyuk.bandcamp.com/album/swandive,10.0,,Sully,GBP,Swandive,12.99,21348442.0,,,
1599690088.31001&//desertsand.bandcamp.com/album/--19,https://f4.bcbits.com/img/a3583041638_7.jpg,a,1599690088.31001,us,,United States,a,£1,0.0,常夏,3583041638.0,//desertsand.bandcamp.com/album/--19,1.0,,desert sand feels warm at night,GBP,,1.3,,,,
1599690089.21463&//squarelabmusic1.bandcamp.com/track/dezzert-instinct-reason,https://f4.bcbits.com/img/a3916324717_7.jpg,t,1599690089.21463,de,,Germany,t,€1.40,1.39999997615814,Dezzert - Instinct & Reason,3916324717.0,//squarelabmusic1.bandcamp.com/track/dezzert-instinct-reason,1.4,,SQUARELAB MUSIC,EUR,VA REBIRTH,1.65,,,,
1599690093.4093&//hawxxmusic.bandcamp.com/track/low,https://f4.bcbits.com/img/a1094325300_7.jpg,t,1599690093.4093,gb,,United Kingdom,t,£1,1.0,Low,1094325300.0,//hawxxmusic.bandcamp.com/track/low,1.0,,HAWXX,GBP,,1.3,,,,
1599690097.69916&//cyberjit.bandcamp.com/track/bass-on-dolph,https://f4.bcbits.com/img/a3372091387_7.jpg,t,1599690097.69916,de,,Germany,t,€1.50,1.5,Bass On Dolph,3372091387.0,//cyberjit.bandcamp.com/track/bass-on-dolph,1.5,,DJ TAKYON,EUR,Stress Test,1.77,,,,
1599690100.74022&//mandolinorange.bandcamp.com/album/austin-city-limits-live-at-the-moody-theater-3,https://f4.bcbits.com/img/0021565153_37.jpg,p,1599690100.7402198,us,,United States,a,$40,40.0,Second pressing - Clear 2x Vinyl LP,,//mandolinorange.bandcamp.com/album/austin-city-limits-live-at-the-moody-theater-3,40.0,,Mandolin Orange,USD,Austin City Limits Live at The Moody Theater,40.0,21565153.0,,,
1599690105.08895&//knxwledge.bandcamp.com/album/hx-prt-15,https://f4.bcbits.com/img/a4085931679_7.jpg,a,1599690105.08895,us,,United States,a,$10,8.88000011444092,HX​.​PRT_15,4085931679.0,//knxwledge.bandcamp.com/album/hx-prt-15,10.0,,Knxwledge.,USD,,10.0,,,,
1599690106.40212&//michefambro.bandcamp.com/album/caf-vignettes,https://f4.bcbits.com/img/a2363572502_7.jpg,a,1599690106.40212,us,,United States,a,$1,0.0,Café Vignettes,2363572502.0,//michefambro.bandcamp.com/album/caf-vignettes,1.0,,Miche Fambro,USD,,1.0,,,,
1599690106.77068&//michefambro.bandcamp.com/album/miche-and-the-big-band-live-at-the-riviera,https://f4.bcbits.com/img/a0365623573_7.jpg,a,1599690106.7706802,us,,United States,a,$5,0.0,Miche and the Big Band Live At The Riviera,365623573.0,//michefambro.bandcamp.com/album/miche-and-the-big-band-live-at-the-riviera,5.0,,Miche Fambro,USD,,5.0,,$5,,
1599690109.61959&//berceuseheroique.bandcamp.com/track/jay-glass-dubs-apple-sliced,https://f4.bcbits.com/img/a0185882726_7.jpg,t,1599690109.61959,il,,Israel,t,£1.50,1.5,"Jay Glass Dubs - Apple, Sliced",185882726.0,//berceuseheroique.bandcamp.com/track/jay-glass-dubs-apple-sliced,1.5,,Berceuse Heroique,GBP,BH 065 Jay Glass Dubs - SOMA LP,1.95,,,,
1599690109.75377&//dyingvictimsproductions.bandcamp.com/album/hexecutor-beyond-any-human-conception-of-knowledge-2,https://f4.bcbits.com/img/0020785879_37.jpg,p,1599690109.75377,gb,,United Kingdom,a,€11,10.9899997711182,CD,,//dyingvictimsproductions.bandcamp.com/album/hexecutor-beyond-any-human-conception-of-knowledge-2,11.0,,Dying Victims Productions,EUR,Hexecutor - Beyond any Human Conception of Knowledge...,12.98,20785879.0,,,
1599690110.29267&//bitterlakerecordings.bandcamp.com/album/s-t-2xlp,https://f4.bcbits.com/img/0020812345_37.jpg,p,1599690110.29267,us,,United States,a,$28,28.0,Limited Edition 2xLP Vinyl,,//bitterlakerecordings.bandcamp.com/album/s-t-2xlp,28.0,,Portray Heads,USD,S/T 2xLP,28.0,20812345.0,,,
1599690113.07477&//mandolinorange.bandcamp.com/album/austin-city-limits-live-at-the-moody-theater-3,https://f4.bcbits.com/img/0021565153_37.jpg,p,1599690113.07477,us,,United States,a,$40,40.0,Second pressing - Clear 2x Vinyl LP,,//mandolinorange.bandcamp.com/album/austin-city-limits-live-at-the-moody-theater-3,40.0,,Mandolin Orange,USD,Austin City Limits Live at The Moody Theater,40.0,21565153.0,,,
1599690113.61108&//mandolinorange.bandcamp.com/album/austin-city-limits-live-at-the-moody-theater-3,https://f4.bcbits.com/img/0021484686_37.jpg,p,1599690113.6110802,us,,United States,a,$17,16.0,Limited Edition CD,,//mandolinorange.bandcamp.com/album/austin-city-limits-live-at-the-moody-theater-3,17.0,,Mandolin Orange,USD,Austin City Limits Live at The Moody Theater,17.0,21484686.0,,,
1599690115.59395&//donniejoeemerson.bandcamp.com/track/dont-disguise-the-way-you-feel,https://f4.bcbits.com/img/a0213344702_7.jpg,t,1599690115.59395,gb,,United Kingdom,t,$1,1.0,Don't Disguise The Way You Feel,213344702.0,//donniejoeemerson.bandcamp.com/track/dont-disguise-the-way-you-feel,1.0,,Donnie & Joe Emerson,USD,Still Dreamin' Wild: the Lost Recordings 1979-81,1.0,,,,
1599690116.55746&//jumpstartrecords.bandcamp.com/album/get-wise,https://f4.bcbits.com/img/0021559273_37.jpg,p,1599690116.55746,us,,United States,a,$5.99,5.9899997711181605,Get Wise CD,,//jumpstartrecords.bandcamp.com/album/get-wise,5.99,,Attic Salt,USD,Get Wise,5.99,21559273.0,,,
1599690117.00809&//johnmarkmcmillan.bandcamp.com/album/basement-sessions-volume-1,https://f4.bcbits.com/img/a2033201788_7.jpg,a,1599690117.00809,us,,United States,a,$5,5.0,Basement Sessions Volume 1,2033201788.0,//johnmarkmcmillan.bandcamp.com/album/basement-sessions-volume-1,5.0,,John Mark McMillan,USD,,5.0,,,,
1599690117.55906&//johnmarkmcmillan.bandcamp.com/album/basement-sessions-volume-3,https://f4.bcbits.com/img/a2752731433_7.jpg,a,1599690117.55906,us,,United States,a,$10,5.0,Basement Sessions Volume 3,2752731433.0,//johnmarkmcmillan.bandcamp.com/album/basement-sessions-volume-3,10.0,,John Mark McMillan,USD,,10.0,,$5,,
1599690117.66113&//pcmusic.bandcamp.com/album/appleville-golden-ticket,https://f4.bcbits.com/img/a3239428036_7.jpg,a,1599690117.6611302,us,,United States,a,£7,7.0,Appleville (Golden Ticket),3239428036.0,//pcmusic.bandcamp.com/album/appleville-golden-ticket,7.0,,PC Music,GBP,,9.09,,,,
1599690117.91433&//johnmarkmcmillan.bandcamp.com/album/basement-sessions-volume-2,https://f4.bcbits.com/img/a2830077082_7.jpg,a,1599690117.91433,us,,United States,a,$10,5.0,Basement Sessions Volume 2,2830077082.0,//johnmarkmcmillan.bandcamp.com/album/basement-sessions-volume-2,10.0,,John Mark McMillan,USD,,10.0,,$5,,
1599690122.60434&//bossbattlerecords.bandcamp.com/album/no-straight-roads-original-soundtrack,https://f4.bcbits.com/img/a0878806850_7.jpg,a,1599690122.60434,us,,United States,a,$10,10.0,No Straight Roads (Original Soundtrack),878806850.0,//bossbattlerecords.bandcamp.com/album/no-straight-roads-original-soundtrack,10.0,,"James Landino, Funk Fiction, Falk Au Yeong, Andy Tunstall",USD,,10.0,,,,
1599690122.95791&//reinventingjude.bandcamp.com/track/transition-song,https://f4.bcbits.com/img/a3862118663_7.jpg,t,1599690122.95791,us,,United States,t,$1,1.0,Transition Song,3862118663.0,//reinventingjude.bandcamp.com/track/transition-song,1.0,,Reinventing Jude,USD,Shoulder Season,1.0,,,,
1599690124.43698&//mocky.bandcamp.com/album/saskamodie-10-years-anniversary-edition,https://f4.bcbits.com/img/a2583634782_7.jpg,a,1599690124.43698,us,,United States,a,€9,9.0,Saskamodie (10 Years Anniversary Edition),2583634782.0,//mocky.bandcamp.com/album/saskamodie-10-years-anniversary-edition,9.0,,Mocky,EUR,,10.62,,,,
1599690131.14753&//annamcclellan.bandcamp.com/album/i-saw-first-light,https://f4.bcbits.com/img/0021219930_37.jpg,p,1599690131.14753,us,,United States,a,$9,9.0,White Shell Cassette,,//annamcclellan.bandcamp.com/album/i-saw-first-light,9.0,,Anna McClellan,USD,I saw first light,9.0,21219930.0,,,
1599690135.2125&//limbssss.bandcamp.com/track/oh-sweet-nothing-velvet-underground,https://f4.bcbits.com/img/a2409113657_7.jpg,t,1599690135.2125,gb,,United Kingdom,t,£0.50,0.0,Oh! Sweet Nothing (Velvet Underground),2409113657.0,//limbssss.bandcamp.com/track/oh-sweet-nothing-velvet-underground,0.5,,Limbs,GBP,Strangeness,0.65,,,,
1599690135.36123&//meganemercury.bandcamp.com/album/fr33-b33f,https://f4.bcbits.com/img/a3542521657_7.jpg,a,1599690135.36123,es,,Spain,a,€5,4.0,FR33 B33F,3542521657.0,//meganemercury.bandcamp.com/album/fr33-b33f,5.0,,Megane Mercury,EUR,,5.9,,,,
1599690135.63919&//markvanhoen.bandcamp.com/track/real-love,https://f4.bcbits.com/img/a0845105665_7.jpg,t,1599690135.63919,il,,Israel,t,£1.25,3.75,Real Love,845105665.0,//markvanhoen.bandcamp.com/track/real-love,3.75,,Mark Van Hoen,GBP,Playing With Time (1998),4.86,,,/album/,2.0
1599690137.43364&//anmarecords.bandcamp.com/album/cosmic-echoes,https://f4.bcbits.com/img/0021487052_37.jpg,p,1599690137.43364,gb,,United Kingdom,a,£16,15.8999996185303,Cosmic Echoes 12” Vinyl + Tote bag,,//anmarecords.bandcamp.com/album/cosmic-echoes,16.0,,Contours & Yadava,GBP,Cosmic Echoes,20.79,21487052.0,,,
1599690140.68663&//rocksteadydisco.bandcamp.com/album/rsd-cs002-belle-isle-balearic-live-for-the-chill-out-tent-around-the-world-for-solstice-dj-mix,https://f4.bcbits.com/img/0021555540_37.jpg,p,1599690140.68663,us,,United States,a,$10,10.0,limited edition cassette,,//rocksteadydisco.bandcamp.com/album/rsd-cs002-belle-isle-balearic-live-for-the-chill-out-tent-around-the-world-for-solstice-dj-mix,10.0,,Belle Isle Balearic,USD,RSD-CS002 // Belle Isle Balearic live for The Chill Out Tent: Around The World For Solstice (DJ Mix),10.0,21555540.0,,,
1599690144.07602&//soulr3volution.bandcamp.com/album/flashbacks-vol-2,https://f4.bcbits.com/img/a4035669904_7.jpg,a,1599690144.07602,gb,,United Kingdom,a,£6,6.0,Flashbacks Vol.2,4035669904.0,//soulr3volution.bandcamp.com/album/flashbacks-vol-2,6.0,,Mike Millrain,GBP,,7.8,,,,
1599690144.66362&//soulr3volution.bandcamp.com/album/flashbacks-vol-1,https://f4.bcbits.com/img/a3264770110_7.jpg,a,1599690144.66362,gb,,United Kingdom,a,£6,6.0,Flashbacks Vol.1,3264770110.0,//soulr3volution.bandcamp.com/album/flashbacks-vol-1,6.0,,Mike Millrain,GBP,,7.8,,,,
1599690146.21312&//houndsteeeth.bandcamp.com/album/stain-your-tongue,https://f4.bcbits.com/img/a2551559926_7.jpg,a,1599690146.21312,us,,United States,a,$7,7.0,Stain Your Tongue,2551559926.0,//houndsteeeth.bandcamp.com/album/stain-your-tongue,7.0,,Houndsteeth,USD,,7.0,,,,
1599690147.30354&//pcmusic.bandcamp.com/album/appleville-golden-ticket,https://f4.bcbits.com/img/a3239428036_7.jpg,a,1599690147.30354,us,,United States,a,£7,7.0,Appleville (Golden Ticket),3239428036.0,//pcmusic.bandcamp.com/album/appleville-golden-ticket,7.0,,PC Music,GBP,,9.09,,,,
1599690152.66228&//nickhemptonband.bandcamp.com/album/trio-stonk-live-at-smalls,https://f4.bcbits.com/img/a0599067499_7.jpg,a,1599690152.66228,us,,United States,a,$10,7.0,Trio Stonk Live at Smalls,599067499.0,//nickhemptonband.bandcamp.com/album/trio-stonk-live-at-smalls,10.0,,Nick Hempton,USD,,10.0,,$3,,
1599690159.98165&//terencefixmer.bandcamp.com/album/issue-n-8,https://f4.bcbits.com/img/a1172435145_7.jpg,a,1599690159.98165,ca,,Canada,a,€3,3.0,Issue N° 8,1172435145.0,//terencefixmer.bandcamp.com/album/issue-n-8,3.0,,Terence Fixmer,EUR,,3.54,,,,
1599690161.32549&//keepthefeel.bandcamp.com/merch/abstract-rude-mens-t-shirt-hoodie-set,https://f4.bcbits.com/img/0021511682_37.jpg,p,1599690161.32549,us,,United States,p,$85,85.0,Abstract Rude Mens T-shirt & Hoodie Set,,//keepthefeel.bandcamp.com/merch/abstract-rude-mens-t-shirt-hoodie-set,85.0,,Keep The Feel Ent.,USD,,85.0,21511682.0,,,
1599690161.79816&//mandolinorange.bandcamp.com/album/austin-city-limits-live-at-the-moody-theater-3,https://f4.bcbits.com/img/0021565153_37.jpg,p,1599690161.79816,us,,United States,a,$40,40.0,Second pressing - Clear 2x Vinyl LP,,//mandolinorange.bandcamp.com/album/austin-city-limits-live-at-the-moody-theater-3,40.0,,Mandolin Orange,USD,Austin City Limits Live at The Moody Theater,40.0,21565153.0,,,
1599690162.31347&//kilogramrecords.bandcamp.com/album/kler,https://f4.bcbits.com/img/a0893550921_7.jpg,a,1599690162.31347,lt,,Lithuania,a,25 PLN,25.0,Kler,893550921.0,//kilogramrecords.bandcamp.com/album/kler,25.0,,Mikołaj Trzaska,PLN,,6.65,,,,
1599690164.16095&//phasefatalemusic.bandcamp.com/album/issue-n-fifteen,https://f4.bcbits.com/img/a2229191018_7.jpg,a,1599690164.16095,ca,,Canada,a,€6,6.0,Issue N° Fifteen,2229191018.0,//phasefatalemusic.bandcamp.com/album/issue-n-fifteen,6.0,,Phase Fatale,EUR,,7.08,,,,
1599690164.94127&//sebastiandali1.bandcamp.com/album/dali-three-good-boys-flying-mountain-ep,https://f4.bcbits.com/img/a0923117431_7.jpg,a,1599690164.94127,de,,Germany,a,€6,6.0,Dali & Three Good Boys - Flying Mountain EP,923117431.0,//sebastiandali1.bandcamp.com/album/dali-three-good-boys-flying-mountain-ep,6.0,,Kollektiv.Liebe e.V.,EUR,,7.08,,,,
1599690164.99155&//phasefatalemusic.bandcamp.com/album/issue-n-ten,https://f4.bcbits.com/img/a0861514820_7.jpg,a,1599690164.99155,ca,,Canada,a,€6,6.0,Issue N° Ten,861514820.0,//phasefatalemusic.bandcamp.com/album/issue-n-ten,6.0,,Phase Fatale,EUR,,7.08,,,,
1599690165.97121&//arabdigital-ibogarecords.bandcamp.com/track/buoyancy,https://f4.bcbits.com/img/a2631361410_7.jpg,t,1599690165.97121,il,,Israel,t,£1,1.0,Buoyancy,2631361410.0,//arabdigital-ibogarecords.bandcamp.com/track/buoyancy,1.0,,Audiopile,GBP,Tryptamin,1.3,,,,
1599690169.74639&//kikagakumoyo.bandcamp.com/album/forest-of-lost-children,https://f4.bcbits.com/img/0021295234_37.jpg,p,1599690169.74639,us,,United States,a,$20,20.0,(PRE-ORDER) Limited Edition Transparent Gold Vinyl,,//kikagakumoyo.bandcamp.com/album/forest-of-lost-children,20.0,,Kikagaku Moyo,USD,Forest of Lost Children,20.0,21295234.0,,,
1599690169.9044&//december4.bandcamp.com/album/issue-eleven-ep-jealous-god,https://f4.bcbits.com/img/a3481222957_7.jpg,a,1599690169.9044,ca,,Canada,a,€5,5.0,Issue Eleven EP (Jealous God),3481222957.0,//december4.bandcamp.com/album/issue-eleven-ep-jealous-god,5.0,,December,EUR,,5.9,,,,
1599690171.22062&//ohhms.bandcamp.com/merch/matador-hoodie-hrr261,https://f4.bcbits.com/img/0014228449_37.jpg,p,1599690171.22062,gb,,United Kingdom,p,£12.99,12.9899997711182,Matador hoodie (HRR261),,//ohhms.bandcamp.com/merch/matador-hoodie-hrr261,12.99,,OHHMS,GBP,,16.88,14228449.0,,,
1599690171.55609&//ohhms.bandcamp.com/album/close,https://f4.bcbits.com/img/0019552874_37.jpg,p,1599690171.55609,gb,,United Kingdom,a,£9.99,9.98999977111816,CD,,//ohhms.bandcamp.com/album/close,9.99,,OHHMS,GBP,Close,12.98,19552874.0,,,
1599690175.0483&//blackmerlin-music.bandcamp.com/album/issue-n-fourteen,https://f4.bcbits.com/img/a1685820810_7.jpg,a,1599690175.0483,ca,,Canada,a,£5,5.0,Issue N. Fourteen,1685820810.0,//blackmerlin-music.bandcamp.com/album/issue-n-fourteen,5.0,,Black Merlin,GBP,,6.5,,,,
1599690176.7628&//topshelfrecords.bandcamp.com/album/3,https://f4.bcbits.com/img/0017920818_37.jpg,p,1599690176.7628,us,,United States,a,$18,18.0,Half Clear / Half Pink 12 Inch Vinyl (out of 500),,//topshelfrecords.bandcamp.com/album/3,18.0,,tricot,USD,3,18.0,17920818.0,,,
1599690179.77652&//alessandroadriani.bandcamp.com/album/a-martyrs-death-jg-018,https://f4.bcbits.com/img/a1419607149_7.jpg,a,1599690179.77652,ca,,Canada,a,€7,7.0,A Martyr's Death - JG 018,1419607149.0,//alessandroadriani.bandcamp.com/album/a-martyrs-death-jg-018,7.0,,Alessandro Adriani,EUR,,8.26,,,,
1599690184.07011&//infantisland.bandcamp.com/merch/collections-shirt,https://f4.bcbits.com/img/0020198761_37.jpg,p,1599690184.0701098,us,,United States,p,$15,15.0,"""collections"" shirt",,//infantisland.bandcamp.com/merch/collections-shirt,15.0,,Infant Island,USD,,15.0,20198761.0,,,
1599690184.33892&//beauwanzer.bandcamp.com/album/beau-wanzer-jealous-god-issue-twenty-s-t,https://f4.bcbits.com/img/a0625792415_7.jpg,a,1599690184.33892,ca,,Canada,a,$10,10.0,BEAU WANZER - JEALOUS GOD ISSUE TWENTY S/T,625792415.0,//beauwanzer.bandcamp.com/album/beau-wanzer-jealous-god-issue-twenty-s-t,10.0,,BEAU WANZER,USD,,10.0,,,,
1599690185.83038&//forbiddenplacerecords.bandcamp.com/album/dungeon-weed-mind-palace-of-the-mushroom-god,https://f4.bcbits.com/img/0021559693_37.jpg,p,1599690185.83038,us,,United States,a,$8.99,8.98999977111816,"Dungeon Weed - ""Mind Palace of the Mushroom God"" Cassette Pre-Order",,//forbiddenplacerecords.bandcamp.com/album/dungeon-weed-mind-palace-of-the-mushroom-god,8.99,,Forbidden Place Records,USD,"Dungeon Weed- ""Mind Palace of The Mushroom God""",8.99,21559693.0,,,
1599690188.27771&//operentzia.bandcamp.com/track/belgr-d,https://f4.bcbits.com/img/a1356096411_7.jpg,t,1599690188.27771,il,,Israel,t,€1,1.0,Belgrád,1356096411.0,//operentzia.bandcamp.com/track/belgr-d,1.0,,Operentzia,EUR,Mr Hat,1.18,,,,
1599690188.35937&//rezzzn.bandcamp.com/merch/turquoise-logo-sticker,https://f4.bcbits.com/img/0021105323_37.jpg,p,1599690188.35937,ca,,Canada,p,$1,1.0,Turquoise Logo Sticker,,//rezzzn.bandcamp.com/merch/turquoise-logo-sticker,1.0,,REZN,USD,,1.0,21105323.0,,,
1599690188.39192&//rezzzn.bandcamp.com/merch/desert-portal-tee,https://f4.bcbits.com/img/0021477382_37.jpg,p,1599690188.39192,ca,,Canada,p,$15,15.0,Desert Portal Tee,,//rezzzn.bandcamp.com/merch/desert-portal-tee,15.0,,REZN,USD,,15.0,21477382.0,,,
1599690191.67416&//sneakersocialclub.bandcamp.com/album/old-gold-ep,https://f4.bcbits.com/img/a2839849828_7.jpg,a,1599690191.67416,pl,,Poland,a,£4,4.0,Old Gold EP,2839849828.0,//sneakersocialclub.bandcamp.com/album/old-gold-ep,4.0,,Hooverian Blur,GBP,,5.2,,,,
1599690196.20512&//urgerecords.bandcamp.com/album/live-at-urge-records-cs,https://f4.bcbits.com/img/a2744142511_7.jpg,a,1599690196.2051198,us,,United States,a,$1,0.0,Live At Urge Records CS,2744142511.0,//urgerecords.bandcamp.com/album/live-at-urge-records-cs,1.0,,The Rebel,USD,,1.0,,,,
1599690196.38859&//mikemfnlove.bandcamp.com/track/you-walking-on-thin-ice-mike-mfn-love-edit,https://f4.bcbits.com/img/a3131659122_7.jpg,t,1599690196.38859,us,,United States,t,$2,1.5,You (Walking On Thin Ice) Mike MFN Love Edit,3131659122.0,//mikemfnlove.bandcamp.com/track/you-walking-on-thin-ice-mike-mfn-love-edit,2.0,,Mike MFN Love,USD,,2.0,,,,
1599690198.99922&//restaurantmusic.bandcamp.com/album/free-music-npj,https://f4.bcbits.com/img/a3565637871_7.jpg,a,1599690198.99922,us,,United States,a,$10,5.0,Free Music - NPJ,3565637871.0,//restaurantmusic.bandcamp.com/album/free-music-npj,10.0,,Free Music,USD,,10.0,,$5,,
1599690201.06412&//krytentheredeemer.bandcamp.com/album/soda-jerk-e-p,https://f4.bcbits.com/img/a2953913423_7.jpg,a,1599690201.0641198,us,,United States,a,£0.77,0.0,Soda Jerk E.p,2953913423.0,//krytentheredeemer.bandcamp.com/album/soda-jerk-e-p,0.77,,kryten,GBP,,1.0,,,,
1599690202.24012&//tvgirl.bandcamp.com/album/french-exit,https://f4.bcbits.com/img/0021557934_37.jpg,p,1599690202.24012,us,,United States,a,$20,20.0,French Exit Repress,,//tvgirl.bandcamp.com/album/french-exit,20.0,,TV Girl,USD,French Exit,20.0,21557934.0,,,
1599690205.76282&//freakscene1.bandcamp.com/album/lunch-money-ep-freak008,https://f4.bcbits.com/img/a3447580684_7.jpg,a,1599690205.76282,us,,United States,a,£3,3.0,Lunch Money EP (freak008),3447580684.0,//freakscene1.bandcamp.com/album/lunch-money-ep-freak008,3.0,,Kryten,GBP,,3.9,,,,
1599690207.83237&//gazelletwin.bandcamp.com/album/unflesh,https://f4.bcbits.com/img/a3579607487_7.jpg,a,1599690207.8323698,nz,,New Zealand,a,£8,7.98999977111816,UNFLESH,3579607487.0,//gazelletwin.bandcamp.com/album/unflesh,8.0,,Gazelle Twin,GBP,,10.39,,,,
1599690209.60062&//hypercube-audio.bandcamp.com/track/candida-albicans,https://f4.bcbits.com/img/a2785508005_7.jpg,t,1599690209.60062,il,,Israel,t,£1,1.0,Candida Albicans,2785508005.0,//hypercube-audio.bandcamp.com/track/candida-albicans,1.0,,Hypercube,GBP,Earobics,1.3,,,,
1599690210.33995&//bedouine.bandcamp.com/track/thirteen,https://f4.bcbits.com/img/a2674244168_7.jpg,t,1599690210.33995,gb,,United Kingdom,t,$1,1.0,Thirteen,2674244168.0,//bedouine.bandcamp.com/track/thirteen,1.0,,"Bedouine, Waxahatchee, Hurray for the Riff Raff",USD,,1.0,,,,
1599690214.31472&//joshuaburnside.bandcamp.com/track/i-saw-the-night,https://f4.bcbits.com/img/a2409780407_7.jpg,t,1599690214.31472,us,,United States,t,$0.99,0.9900000095367428,I Saw the Night,2409780407.0,//joshuaburnside.bandcamp.com/track/i-saw-the-night,0.99,,Joshua Burnside,USD,Into the Depths of Hell,0.99,,,,
1599690214.80808&//skeletonbirds.bandcamp.com/album/skeleton-birds,https://f4.bcbits.com/img/a0828698302_7.jpg,a,1599690214.8080802,us,,United States,a,$12,7.0,Skeleton Birds,828698302.0,//skeletonbirds.bandcamp.com/album/skeleton-birds,12.0,,Skeleton Birds,USD,,12.0,,$5,,
1599690217.09381&//aesoprock.bandcamp.com/album/spirit-world-field-guide,https://f4.bcbits.com/img/a4186608441_7.jpg,a,1599690217.0938098,us,,United States,a,$10,10.0,Spirit World Field Guide,4186608441.0,//aesoprock.bandcamp.com/album/spirit-world-field-guide,10.0,,Aesop Rock,USD,,10.0,,,,
1599690224.59177&//timjordan1.bandcamp.com/album/dream-sweet-dreams,https://f4.bcbits.com/img/a1790844269_7.jpg,a,1599690224.59177,us,,United States,a,$4,4.0,Dream Sweet Dreams,1790844269.0,//timjordan1.bandcamp.com/album/dream-sweet-dreams,4.0,,Tim Jordan,USD,,4.0,,,,
1599690226.79058&//theblindsidemusic.bandcamp.com/track/secrets,https://f4.bcbits.com/img/a3327770815_7.jpg,t,1599690226.79058,au,,Australia,t,$10 AUD,1.0,Secrets,3327770815.0,//theblindsidemusic.bandcamp.com/track/secrets,10.0,,The Blindside,AUD,,7.27,,$9,,
1599690229.47944&//songsforsupper.bandcamp.com/album/songs-for-supper-vol-1,https://f4.bcbits.com/img/a3815077674_7.jpg,a,1599690229.47944,us,,United States,a,£5,5.0,Songs for Supper Vol 1.,3815077674.0,//songsforsupper.bandcamp.com/album/songs-for-supper-vol-1,5.0,,Songs for Supper,GBP,,6.5,,,,
1599690232.89625&//abandonsilence.bandcamp.com/track/lucas-welle-dont-tell-me-mele-edit,https://f4.bcbits.com/img/a2964583683_7.jpg,t,1599690232.89625,ie,,Ireland,t,$1.50,1.5,Lucas Welle - Don't Tell Me (Mele Edit),2964583683.0,//abandonsilence.bandcamp.com/track/lucas-welle-dont-tell-me-mele-edit,1.5,,"Lucas Welle, Mele",USD,Lucas Welle - Touch EP,1.5,,,,
1599690233.81058&//jasonisbell.bandcamp.com/album/live-at-merriweather-post-pavilion-columbia-md-6-18-16,https://f4.bcbits.com/img/a4252813348_7.jpg,a,1599690233.81058,us,,United States,a,$10,10.0,"Live at Merriweather Post Pavilion - Columbia, MD - 6/18/16",4252813348.0,//jasonisbell.bandcamp.com/album/live-at-merriweather-post-pavilion-columbia-md-6-18-16,10.0,,Jason Isbell and the 400 Unit,USD,,10.0,,,,
1599690235.60159&//kippersforbreakfast.bandcamp.com/track/have-yourself-a-merry-little-christmas,https://f4.bcbits.com/img/a3825019422_7.jpg,t,1599690235.6015902,us,,United States,t,£1,1.0,Have Yourself A Merry Little Christmas,3825019422.0,//kippersforbreakfast.bandcamp.com/track/have-yourself-a-merry-little-christmas,1.0,,Kipper feat. Matt Maltese,GBP,,1.3,,,,
1599690235.77237&//conradschnitzler.bandcamp.com/album/auf-dem-schwarzen-kanal,https://f4.bcbits.com/img/a1488011216_7.jpg,a,1599690235.77237,il,,Israel,a,€3.99,3.99000000953674,Auf dem schwarzen Kanal,1488011216.0,//conradschnitzler.bandcamp.com/album/auf-dem-schwarzen-kanal,3.99,,Conrad Schnitzler,EUR,,4.71,,,,
1599690239.05193&//sadhusensi.bandcamp.com/album/tales-of-the-red-cat,https://f4.bcbits.com/img/a0059039433_7.jpg,a,1599690239.0519302,us,,United States,a,$7,7.0,Tales of the Red Cat,59039433.0,//sadhusensi.bandcamp.com/album/tales-of-the-red-cat,7.0,,Sadhu Sensi,USD,,7.0,,,,
1599690239.42003&//paysagedhiver.bandcamp.com/album/das-tor,https://f4.bcbits.com/img/a4049845318_7.jpg,a,1599690239.42003,us,,United States,a,$7,6.9899997711181605,Das Tor,4049845318.0,//paysagedhiver.bandcamp.com/album/das-tor,7.0,,Paysage d'Hiver,USD,,7.0,,,,
1599690239.8518&//manikmc.bandcamp.com/merch/midnight-express-t-shirt,https://f4.bcbits.com/img/0021233061_37.jpg,p,1599690239.8518,gb,,United Kingdom,p,£20,20.0,Midnight Express T-shirt,,//manikmc.bandcamp.com/merch/midnight-express-t-shirt,20.0,,MANIK MC,GBP,,25.98,21233061.0,,,
1599690239.8532&//paysagedhiver.bandcamp.com/album/nacht,https://f4.bcbits.com/img/a0327313533_7.jpg,a,1599690239.8532,us,,United States,a,$7,6.9899997711181605,Nacht,327313533.0,//paysagedhiver.bandcamp.com/album/nacht,7.0,,Paysage d'Hiver,USD,,7.0,,,,
1599690239.96393&//paysagedhiver.bandcamp.com/album/im-wald,https://f4.bcbits.com/img/a0868412336_7.jpg,a,1599690239.96393,us,,United States,a,$11,10.9899997711182,Im Wald,868412336.0,//paysagedhiver.bandcamp.com/album/im-wald,11.0,,Paysage d'Hiver,USD,,11.0,,,,
1599690245.32193&//atanganarecords.bandcamp.com/album/talon-haut-ce-bon-comme-ca,https://f4.bcbits.com/img/a3317164850_7.jpg,a,1599690245.3219302,es,,Spain,a,€3,3.0,Talon Haut / Ce Bon Comme Ca,3317164850.0,//atanganarecords.bandcamp.com/album/talon-haut-ce-bon-comme-ca,3.0,,Various,EUR,,3.54,,,,
1599690247.03178&//heycolossus.bandcamp.com/album/project-death,https://f4.bcbits.com/img/a2172724367_7.jpg,a,1599690247.03178,us,,United States,a,£8,0.0,Project: Death,2172724367.0,//heycolossus.bandcamp.com/album/project-death,8.0,,Hey Colossus,GBP,,10.39,,£8,,
1599690250.02616&//flippendisks.bandcamp.com/track/tamboe,https://f4.bcbits.com/img/a3529636252_7.jpg,t,1599690250.02616,it,,Italy,t,€1.50,1.5,Tamboe,3529636252.0,//flippendisks.bandcamp.com/track/tamboe,1.5,,PTDD + MONTY,EUR,FD001,1.77,,,,
1599690250.0466&//smartsworld.bandcamp.com/album/who-needs-smarts-anyway-2,https://f4.bcbits.com/img/0021373659_37.jpg,p,1599690250.0466,us,,United States,a,$20,20.0,Preorder: Smarts Red vinyl,,//smartsworld.bandcamp.com/album/who-needs-smarts-anyway-2,20.0,,Smarts,USD,"Who Needs Smarts, Anyway?",20.0,21373659.0,,,
1599690252.08558&//neuralcave.bandcamp.com/album/seven-auras,https://f4.bcbits.com/img/a2839573942_7.jpg,a,1599690252.08558,es,,Spain,a,€7,7.0,Seven Auras,2839573942.0,//neuralcave.bandcamp.com/album/seven-auras,7.0,,Neural Cave,EUR,,8.26,,,,
1599690252.96757&//georgiaannemuldrow.bandcamp.com/album/vweto-ii,https://f4.bcbits.com/img/a0849638240_7.jpg,a,1599690252.9675698,us,,United States,a,$9,8.98999977111816,VWETO II,849638240.0,//georgiaannemuldrow.bandcamp.com/album/vweto-ii,9.0,,Georgia Anne Muldrow,USD,,9.0,,,,
1599690253.28331&//rzmuzik.bandcamp.com/track/the-message-hip-house-mix,https://f4.bcbits.com/img/a1795354630_7.jpg,t,1599690253.28331,gb,,United Kingdom,t,€1,1.0,The Message (Hip House Mix),1795354630.0,//rzmuzik.bandcamp.com/track/the-message-hip-house-mix,1.0,,RZ Muzik,EUR,[RZ15] : Bodytalkers - The Message [remastered],1.18,,,,
1599690253.83306&//jeku.bandcamp.com/track/dream-reality,https://f4.bcbits.com/img/a3885428363_7.jpg,t,1599690253.83306,fr,,France,t,€1.75,1.75,Dream Reality,3885428363.0,//jeku.bandcamp.com/track/dream-reality,1.75,,Jeku,EUR,Radical Error EP,2.07,,,,
1599690255.95492&//mandolinorange.bandcamp.com/album/austin-city-limits-live-at-the-moody-theater-3,https://f4.bcbits.com/img/0021565153_37.jpg,p,1599690255.9549198,us,,United States,a,$40,40.0,Second pressing - Clear 2x Vinyl LP,,//mandolinorange.bandcamp.com/album/austin-city-limits-live-at-the-moody-theater-3,40.0,,Mandolin Orange,USD,Austin City Limits Live at The Moody Theater,40.0,21565153.0,,,
1599690256.64454&//themangoalley.bandcamp.com/album/narere,https://f4.bcbits.com/img/a0931074082_7.jpg,a,1599690256.64454,es,,Spain,a,$2,2.0,Narere,931074082.0,//themangoalley.bandcamp.com/album/narere,2.0,,TH;EN x MANGO,USD,,2.0,,,,
1599690259.26119&//stastheeboss.bandcamp.com/album/on-the-quarner-mastered,https://f4.bcbits.com/img/a0996908185_7.jpg,a,1599690259.26119,us,,United States,a,$10,10.0,On The Quarner (Mastered),996908185.0,//stastheeboss.bandcamp.com/album/on-the-quarner-mastered,10.0,,Stas Thee Boss,USD,,10.0,,,,
1599690260.0657&//piezopz.bandcamp.com/track/xerotonin,https://f4.bcbits.com/img/a1294869624_7.jpg,t,1599690260.0657,il,,Israel,t,€1.50,1.5,Xerotonin,1294869624.0,//piezopz.bandcamp.com/track/xerotonin,1.5,,Piezo,EUR,PERDU,1.77,,,,
1599690260.82965&//junkshopguru.bandcamp.com/album/les-baxter-the-sound-of-selling,https://f4.bcbits.com/img/a0741158157_7.jpg,a,1599690260.82965,us,,United States,a,$1,1.0,Les Baxter - The Sound Of Selling,741158157.0,//junkshopguru.bandcamp.com/album/les-baxter-the-sound-of-selling,1.0,,Junkshopguru,USD,,1.0,,,,
1599690261.36167&//gaveasby.bandcamp.com/album/galvanised-ep-galvanised,https://f4.bcbits.com/img/a0907114121_7.jpg,a,1599690261.36167,es,,Spain,a,£1,0.0,Galvanised EP [Galvanised],907114121.0,//gaveasby.bandcamp.com/album/galvanised-ep-galvanised,1.0,,Gav Easby,GBP,,1.3,,,,
1599690263.1198&//dogger.bandcamp.com/track/dogger-mindstate-ft-sp-mc-no-more-moshpits-bon-jovi,https://f4.bcbits.com/img/a2139512959_7.jpg,t,1599690263.1198,gb,,United Kingdom,t,£1,0.0,Dogger & Mindstate Ft SP:MC - No more moshpits (Bon Jovi),2139512959.0,//dogger.bandcamp.com/track/dogger-mindstate-ft-sp-mc-no-more-moshpits-bon-jovi,1.0,,"Dogger, Mindstate, SP:MC",GBP,,1.3,,,,
1599690264.02437&//paisleyshirtrecords.bandcamp.com/album/free-advice,https://f4.bcbits.com/img/a4014536031_7.jpg,a,1599690264.02437,us,,United States,a,$3,3.0,Free Advice,4014536031.0,//paisleyshirtrecords.bandcamp.com/album/free-advice,3.0,,Cindy,USD,,3.0,,,,
1599690265.24805&//danzanativa.bandcamp.com/track/mb4,https://f4.bcbits.com/img/a2352322418_7.jpg,t,1599690265.24805,es,,Spain,t,€2,2.0,MB4,2352322418.0,//danzanativa.bandcamp.com/track/mb4,2.0,,Seph,EUR,Ulizen,2.36,,,,
1599690265.34878&//intlanthem.bandcamp.com/album/universal-beings-e-f-sides,https://f4.bcbits.com/img/a4180158321_7.jpg,a,1599690265.3487802,us,,United States,a,$9,9.0,Universal Beings E&F Sides,4180158321.0,//intlanthem.bandcamp.com/album/universal-beings-e-f-sides,9.0,,Makaya McCraven,USD,,9.0,,,,
1599690267.22924&//newagehealers.bandcamp.com/album/debris,https://f4.bcbits.com/img/0017278807_37.jpg,p,1599690267.22924,ie,,Ireland,a,$20,20.0,Debris Vinyl,,//newagehealers.bandcamp.com/album/debris,20.0,,New Age Healers,USD,Debris,20.0,17278807.0,,,
1599690268.13114&//100gecs.bandcamp.com/album/1000-gecs,https://f4.bcbits.com/img/a2604863078_7.jpg,a,1599690268.13114,us,,United States,a,$7,6.9899997711181605,1000 gecs,2604863078.0,//100gecs.bandcamp.com/album/1000-gecs,7.0,,"100 gecs, Dylan Brady & Laura Les",USD,,7.0,,,,
1599690269.86629&//hairymotherofgod.bandcamp.com/track/lorna-jane,https://f4.bcbits.com/img/a1551743937_7.jpg,t,1599690269.86629,au,,Australia,t,$5 AUD,1.0,Lorna Jane,1551743937.0,//hairymotherofgod.bandcamp.com/track/lorna-jane,5.0,,Hairy Mother Of God,AUD,,3.64,,$4,,
1599690271.6367&//alexandar.bandcamp.com/album/kaeporas-vision,https://f4.bcbits.com/img/a3348971609_7.jpg,a,1599690271.6367,es,,Spain,a,€4.50,4.0,Kaepora's Vision,3348971609.0,//alexandar.bandcamp.com/album/kaeporas-vision,4.5,,Polygonia,EUR,,5.31,,,,
1599690271.80025&//alexandar.bandcamp.com/track/ground-movement,https://f4.bcbits.com/img/a0009377341_7.jpg,t,1599690271.80025,es,,Spain,t,€1.50,1.0,Ground Movement,9377341.0,//alexandar.bandcamp.com/track/ground-movement,1.5,,Nigm,EUR,Sylvatic Path,1.77,,,,
1599690272.05303&//fungi-music.bandcamp.com/album/tendre-jeudi,https://f4.bcbits.com/img/a1347351226_7.jpg,a,1599690272.05303,us,,United States,a,€7,7.0,Tendre Jeudi,1347351226.0,//fungi-music.bandcamp.com/album/tendre-jeudi,7.0,,Fungi,EUR,,8.26,,,,
1599690275.90005&//arcingseas.bandcamp.com/track/solstice,https://f4.bcbits.com/img/a3324237128_7.jpg,t,1599690275.90005,es,,Spain,t,€1.50,2.0,Solstice,3324237128.0,//arcingseas.bandcamp.com/track/solstice,2.5,,Artefakt,EUR,in_vurt,2.95,,,/album/,1.0
1599690276.32765&//bfrome.bandcamp.com/track/jump-2-this-raw-mix,https://f4.bcbits.com/img/a3538117921_7.jpg,t,1599690276.32765,gb,,United Kingdom,t,2.50 DKK,0.0,Jump 2 This (Raw Mix),3538117921.0,//bfrome.bandcamp.com/track/jump-2-this-raw-mix,2.5,,B FROM E,DKK,,0.4,,,,
1599690280.05187&//sambarker.bandcamp.com/track/cascade-effect,https://f4.bcbits.com/img/a1925569900_7.jpg,t,1599690280.05187,es,,Spain,t,€1.50,3.0,Cascade Effect,1925569900.0,//sambarker.bandcamp.com/track/cascade-effect,3.0,,Barker,EUR,Debiasing,3.54,,,/album/,1.0
1599690281.41646&//iseecolors.bandcamp.com/album/moving-cities,https://f4.bcbits.com/img/a0201210305_7.jpg,a,1599690281.41646,us,,United States,a,€9,9.0,Moving Cities,201210305.0,//iseecolors.bandcamp.com/album/moving-cities,9.0,,"Antoine Berjeaut, Makaya McCraven",EUR,,10.62,,,,
1599690282.34123&//cassetteartclassics.bandcamp.com/album/the-dying-man-1987,https://f4.bcbits.com/img/a3103686772_7.jpg,a,1599690282.3412302,il,,Israel,a,$1,1.0,The Dying Man (1987),3103686772.0,//cassetteartclassics.bandcamp.com/album/the-dying-man-1987,1.0,,Prescott Minóy,USD,,1.0,,,,
1599690284.09437&//bergaudio.bandcamp.com/track/pedro-dalessandro-dellacasa-a-message-to-the-moon-original-mix,https://f4.bcbits.com/img/a3060724051_7.jpg,t,1599690284.09437,es,,Spain,t,€2,2.0,Pedro D'Alessandro & Dellacasa - A Message To The Moon (Original Mix),3060724051.0,//bergaudio.bandcamp.com/track/pedro-dalessandro-dellacasa-a-message-to-the-moon-original-mix,2.0,,Berg Audio,EUR,ELEMENTS : PEDRO D'ALESSANDRO,2.36,,,,
1599690284.40345&//bergaudio.bandcamp.com/track/ada-kaleh-traumer-speranta-original-mix,https://f4.bcbits.com/img/a1232980232_7.jpg,t,1599690284.40345,es,,Spain,t,€2,2.0,Ada Kaleh & Traumer - Speranta (Original Mix),1232980232.0,//bergaudio.bandcamp.com/track/ada-kaleh-traumer-speranta-original-mix,2.0,,Berg Audio,EUR,"""ASSEMBLING PIECES"" LP : DIGITAL BONUSES",2.36,,,,
1599690284.4279&//thecaretaker.bandcamp.com/album/everywhere-an-empty-bliss,https://f4.bcbits.com/img/a0338597689_7.jpg,a,1599690284.4279,nl,,Netherlands,a,£1,0.0,"Everywhere, an empty bliss",338597689.0,//thecaretaker.bandcamp.com/album/everywhere-an-empty-bliss,1.0,,The Caretaker,GBP,,1.3,,,,
1599690285.12562&//annereburn.bandcamp.com/track/roxanne-the-police-cover,https://f4.bcbits.com/img/a4017292070_7.jpg,t,1599690285.12562,gb,,United Kingdom,t,$5,0.9900000095367428,Roxanne - The Police (Cover),4017292070.0,//annereburn.bandcamp.com/track/roxanne-the-police-cover,5.0,,Anne Reburn,USD,,5.0,,$4.01,,
1599690285.56565&//kutiman.bandcamp.com/album/kutiman-feat-melike-ahin-elimi-tut-ep,https://f4.bcbits.com/img/0021549854_37.jpg,p,1599690285.56565,us,,United States,a,$7,7.0,"Kutiman feat. Melike Şahin - Elimi Tut (45rpm 7"" vinyl)",,//kutiman.bandcamp.com/album/kutiman-feat-melike-ahin-elimi-tut-ep,7.0,,Kutiman,USD,Kutiman feat. Melike Şahin - Elimi Tut EP,7.0,21549854.0,,,
1599690285.63493&//thistlestreet.bandcamp.com/album/the-sea-from-above-the-breeze,https://f4.bcbits.com/img/a1932621777_7.jpg,a,1599690285.63493,us,,United States,a,$1,1.0,the sea from above! the breeze!,1932621777.0,//thistlestreet.bandcamp.com/album/the-sea-from-above-the-breeze,1.0,,thistle street,USD,,1.0,,,,
1599690286.26004&//menaceparis.bandcamp.com/album/bluestaeb-s-fidelity-present-underground-canopy,https://f4.bcbits.com/img/a1672436260_7.jpg,a,1599690286.26004,us,,United States,a,€9,9.0,Bluestaeb & S. Fidelity Present Underground Canopy,1672436260.0,//menaceparis.bandcamp.com/album/bluestaeb-s-fidelity-present-underground-canopy,9.0,,"Underground Canopy, Bluestaeb, S. Fidelity",EUR,,10.62,,,,
1599690288.73159&//wakeup-records.bandcamp.com/track/--3,https://f4.bcbits.com/img/a3508095082_7.jpg,t,1599690288.73159,gb,,United Kingdom,t,€1,1.0,Эрмитаж,3508095082.0,//wakeup-records.bandcamp.com/track/--3,1.0,,Move D,EUR,East To West (Wake Up! 005),1.18,,,,
1599690289.0989&//thegodsplanet.bandcamp.com/track/aethernal,https://f4.bcbits.com/img/a3239974815_7.jpg,t,1599690289.0989,es,,Spain,t,€2,2.0,Aethernal,3239974815.0,//thegodsplanet.bandcamp.com/track/aethernal,2.0,,OPL,EUR,Radio Universe V (incl. Hoedus Remix),2.36,,,,
1599690290.80557&//cannibal.bandcamp.com/album/fire-meets-steel,https://f4.bcbits.com/img/0021543159_37.jpg,p,1599690290.80557,us,,United States,a,$6.99,6.69000005722046,diy tape.,,//cannibal.bandcamp.com/album/fire-meets-steel,6.99,,cannibal,USD,FIRE MEETS STEEL,6.99,21543159.0,,,
1599690291.12517&//bada-bada.bandcamp.com/album/i-2,https://f4.bcbits.com/img/a3405940837_7.jpg,a,1599690291.12517,us,,United States,a,€5,5.0,I,3405940837.0,//bada-bada.bandcamp.com/album/i-2,5.0,,Bada-Bada,EUR,,5.9,,,,
1599690292.33251&//valdur.bandcamp.com/album/molted-single,https://f4.bcbits.com/img/a4081571802_7.jpg,a,1599690292.33251,us,,United States,a,$5,0.0,MOLTED single,4081571802.0,//valdur.bandcamp.com/album/molted-single,5.0,,VALDUR,USD,,5.0,,$5,,
1599690293.54985&//mimoton.bandcamp.com/track/ireru-asem-shama-remix,https://f4.bcbits.com/img/a1522832796_7.jpg,t,1599690293.54985,es,,Spain,t,€1.30,1.28999996185303,ireru (asem shama remix),1522832796.0,//mimoton.bandcamp.com/track/ireru-asem-shama-remix,1.3,,ki ya tori,EUR,ireru,1.53,,,,
1599690293.76315&//jackj.bandcamp.com/track/looking-forward-to-you,https://f4.bcbits.com/img/a3758542509_7.jpg,t,1599690293.76315,de,,Germany,t,$1.50,1.5,Looking Forward to You,3758542509.0,//jackj.bandcamp.com/track/looking-forward-to-you,1.5,,Jack J,USD,Looking Forward to You,1.5,,,,
1599690295.04999&//bitterlakerecordings.bandcamp.com/album/s-t-2xlp,https://f4.bcbits.com/img/0020812345_37.jpg,p,1599690295.04999,us,,United States,a,$28,28.0,Limited Edition 2xLP Vinyl,,//bitterlakerecordings.bandcamp.com/album/s-t-2xlp,28.0,,Portray Heads,USD,S/T 2xLP,28.0,20812345.0,,,
1599690295.47393&//clipp-art.bandcamp.com/track/body-language,https://f4.bcbits.com/img/a0272867747_7.jpg,t,1599690295.47393,us,,United States,t,$2 AUD,2.0,Body Language,272867747.0,//clipp-art.bandcamp.com/track/body-language,2.0,,Erremita,AUD,Foundations [CLIPP164],1.45,,,,
1599690297.55999&//oslated.bandcamp.com/track/fear-forest-on-stasys-remix,https://f4.bcbits.com/img/a3248015781_7.jpg,t,1599690297.55999,es,,Spain,t,$2,2.0,Fear (Forest On Stasys Remix),3248015781.0,//oslated.bandcamp.com/track/fear-forest-on-stasys-remix,2.0,,Asllan,USD,Liberty & Death [OSL013],2.0,,,,
1599690297.88935&//kurtbakerwcr.bandcamp.com/album/after-party,https://f4.bcbits.com/img/0021472295_37.jpg,p,1599690297.88935,us,,United States,a,$14.99,14.9899997711182,After Party (Marbled Blue Vinyl),,//kurtbakerwcr.bandcamp.com/album/after-party,14.99,,Kurt Baker,USD,After Party,14.99,21472295.0,,,
1599690297.93474&//allyshajoy.bandcamp.com/album/acadie-raw,https://f4.bcbits.com/img/a0327920604_7.jpg,a,1599690297.93474,us,,United States,a,£8,8.0,Acadie : Raw,327920604.0,//allyshajoy.bandcamp.com/album/acadie-raw,8.0,,Allysha Joy,GBP,,10.39,,,,
1599690299.4495&//tvgirl.bandcamp.com/album/french-exit,https://f4.bcbits.com/img/0021557934_37.jpg,p,1599690299.4495,us,,United States,a,$25,20.0,French Exit Repress,,//tvgirl.bandcamp.com/album/french-exit,25.0,,TV Girl,USD,French Exit,25.0,21557934.0,$5,,
1599690301.70516&//sydarthur.bandcamp.com,https://f4.bcbits.com/img/a2194562504_7.jpg,b,1599690301.70516,gb,,United Kingdom,,£21.60,21.600000381469695,full digital discography (6 releases),2194562504.0,//sydarthur.bandcamp.com,21.6,6.0,Syd Arthur,GBP,,28.06,,,,
1599690302.74064&//bablbluz.bandcamp.com/album/nayda,https://f4.bcbits.com/img/a0209110806_7.jpg,a,1599690302.74064,us,,United States,a,£7,7.0,Nayda!,209110806.0,//bablbluz.bandcamp.com/album/nayda,7.0,,Bab L' Bluz,GBP,,9.09,,,,
1599690303.18511&//kllosounds.bandcamp.com/album/maybe-we-could,https://f4.bcbits.com/img/a3888858391_7.jpg,a,1599690303.18511,us,,United States,a,$10,10.0,Maybe We Could,3888858391.0,//kllosounds.bandcamp.com/album/maybe-we-could,10.0,,Kllo,USD,,10.0,,,,
1599690305.39606&//iroaka.bandcamp.com/track/zorro-colorado,https://f4.bcbits.com/img/a2312460824_7.jpg,t,1599690305.39606,il,,Israel,t,€1.50,4.5,Zorro Colorado,2312460824.0,//iroaka.bandcamp.com/track/zorro-colorado,4.5,,Iro Aka,EUR,Passatge de les Ombres,5.31,,,/album/,2.0
1599690306.36096&//rawar.bandcamp.com/track/tiroler-stier,https://f4.bcbits.com/img/a1986825101_7.jpg,t,1599690306.36096,de,,Germany,t,€0.25,0.0,Tiroler Stier,1986825101.0,//rawar.bandcamp.com/track/tiroler-stier,0.25,,RAWAR,EUR,,0.3,,,,
1599690309.89179&//catmullinsthemboys.bandcamp.com/album/cowards,https://f4.bcbits.com/img/0021555001_37.jpg,p,1599690309.8917902,us,,United States,a,$20,20.0,Standard Edition Black Vinyl,,//catmullinsthemboys.bandcamp.com/album/cowards,20.0,,Cat Mullins & ThemBoys,USD,Cowards,20.0,21555001.0,,,
1599690311.20147&//thistlestreet.bandcamp.com/album/two-houses-split-with-salt-meadow,https://f4.bcbits.com/img/0021560313_37.jpg,p,1599690311.20147,us,,United States,a,$6,6.0,two houses - split tape with salt meadow,,//thistlestreet.bandcamp.com/album/two-houses-split-with-salt-meadow,6.0,,thistle street,USD,two houses (split with salt meadow),6.0,21560313.0,,,
1599690313.47525&//sineo.bandcamp.com/album/social-fear-club-pt-1,https://f4.bcbits.com/img/a1331278915_7.jpg,a,1599690313.47525,us,,United States,a,$7,0.0,Social Fear Club Pt. 1,1331278915.0,//sineo.bandcamp.com/album/social-fear-club-pt-1,7.0,,Sineo & Kuddy Le Blanc,USD,,7.0,,$7,,
1599690319.74048&//kaizengameworks.bandcamp.com/album/paradise-killer-original-soundtrack,https://f4.bcbits.com/img/a1556974217_7.jpg,a,1599690319.7404802,us,,United States,a,£8.99,8.98999977111816,Paradise Killer Original Soundtrack,1556974217.0,//kaizengameworks.bandcamp.com/album/paradise-killer-original-soundtrack,8.99,,"Barry ""Epoch"" Topping",GBP,,11.68,,,,
1599690321.49836&//mogwai.bandcamp.com/album/2018,https://f4.bcbits.com/img/a1397909724_7.jpg,a,1599690321.49836,it,,Italy,a,£1,0.0,2018,1397909724.0,//mogwai.bandcamp.com/album/2018,1.0,,Mogwai,GBP,,1.3,,,,
1599690321.72269&//bernietorme.bandcamp.com/album/die-pretty-die-young,https://f4.bcbits.com/img/a0441369018_7.jpg,a,1599690321.72269,us,,United States,a,£8,8.0,Die Pretty Die Young,441369018.0,//bernietorme.bandcamp.com/album/die-pretty-die-young,8.0,,Torme,GBP,,10.39,,,,
1599690326.16443&//tzavhashaa.bandcamp.com/album/--2,https://f4.bcbits.com/img/a1377252435_7.jpg,a,1599690326.16443,il,,Israel,a,₪60,60.0,צו השעה – צו ראשון,1377252435.0,//tzavhashaa.bandcamp.com/album/--2,60.0,,צו השעה,ILS,,17.66,,,,
1599690328.18779&//banoffeepiesrecords.bandcamp.com/track/dance-like-dolphin-jay-remix,https://f4.bcbits.com/img/a3824284870_7.jpg,t,1599690328.1877902,es,,Spain,t,£1.50,1.5,DANCE LIKE DOLPHIN (JAY Remix),3824284870.0,//banoffeepiesrecords.bandcamp.com/track/dance-like-dolphin-jay-remix,1.5,,Angel D'lite,GBP,Dolphins Have Sex For Pleasure,1.95,,,,
1599690328.54109&//twinsystem.bandcamp.com/track/this-branch-is-weak,https://f4.bcbits.com/img/a0789228580_7.jpg,t,1599690328.54109,il,,Israel,t,£1,1.0,This Branch Is Weak,789228580.0,//twinsystem.bandcamp.com/track/this-branch-is-weak,1.0,,Mosca,GBP,Victim Of The System,1.3,,,,
1599690339.84837&//anzdj.bandcamp.com/album/loos-in-twos-nrg,https://f4.bcbits.com/img/0021371525_37.jpg,p,1599690339.8483698,is,,Iceland,a,£7,7.0,"12"" Vinyl",,//anzdj.bandcamp.com/album/loos-in-twos-nrg,7.0,,Anz,GBP,Loos In Twos (NRG),9.09,21371525.0,,,
1599690342.99077&//infantisland.bandcamp.com/merch/final-hour-hoodie-preorder,https://f4.bcbits.com/img/0021272986_37.jpg,p,1599690342.99077,us,,United States,p,$35,35.0,"""final hour"" hoodie [PREORDER]",,//infantisland.bandcamp.com/merch/final-hour-hoodie-preorder,35.0,,Infant Island,USD,,35.0,21272986.0,,,
1599690346.66953&//dieorakel.bandcamp.com/track/inside,https://f4.bcbits.com/img/a1786807205_7.jpg,t,1599690346.6695302,us,,United States,t,€1.50,1.5,Inside,1786807205.0,//dieorakel.bandcamp.com/track/inside,1.5,,Gacha Bakradze,EUR,Western Arrogance,1.77,,,,
1599690350.25947&//publicpossession.bandcamp.com/track/cushion,https://f4.bcbits.com/img/a0020071235_7.jpg,t,1599690350.25947,il,,Israel,t,€1.50,1.5,Cushion,20071235.0,//publicpossession.bandcamp.com/track/cushion,1.5,,DJ Chrysalis,EUR,Chill Pill II,1.77,,,,
1599690350.67179&//nicegirl.bandcamp.com/album/whistling-thorn,https://f4.bcbits.com/img/a0983980172_7.jpg,a,1599690350.67179,il,,Israel,a,€5,5.0,Whistling Thorn,983980172.0,//nicegirl.bandcamp.com/album/whistling-thorn,5.0,,Nice Girl,EUR,,5.9,,,,
1599690353.52898&//thelunareffect.bandcamp.com/merch/call-it-in-t-shirt,https://f4.bcbits.com/img/0019744897_37.jpg,p,1599690353.52898,ca,,Canada,p,£10,10.0,Call It In T-Shirt,,//thelunareffect.bandcamp.com/merch/call-it-in-t-shirt,10.0,,The Lunar Effect,GBP,,12.99,19744897.0,,,
1599690355.82824&//orgonemusic.bandcamp.com/track/the-way,https://f4.bcbits.com/img/a1917957549_7.jpg,t,1599690355.8282402,gb,,United Kingdom,t,$1,1.0,The Way,1917957549.0,//orgonemusic.bandcamp.com/track/the-way,1.0,,Orgone,USD,,1.0,,,,
1599690356.7559&//jaydiggs.bandcamp.com/track/w-a-p-funk,https://f4.bcbits.com/img/a0522407827_7.jpg,t,1599690356.7559,ca,,Canada,t,$3,0.0,W.A.P. (Funk),522407827.0,//jaydiggs.bandcamp.com/track/w-a-p-funk,3.0,,Jay Diggs,USD,,3.0,,$3,,
1599690357.36277&//darian.bandcamp.com/track/rave-station,https://f4.bcbits.com/img/a3616276600_7.jpg,t,1599690357.3627698,ca,,Canada,t,$1.50,1.5,Rave Station,3616276600.0,//darian.bandcamp.com/track/rave-station,1.5,,Darian,USD,SR35: Surprised Emoji EP,1.5,,,,
1599690362.3122&//orpheusnine.bandcamp.com/album/transcendental-circus,https://f4.bcbits.com/img/a3157423991_7.jpg,a,1599690362.3122,us,,United States,a,$3.33,3.32999992370605,Transcendental Circus,3157423991.0,//orpheusnine.bandcamp.com/album/transcendental-circus,3.33,,Orpheus Nine,USD,,3.33,,,,
1599690362.49095&//purpletapepedigree.bandcamp.com/merch/book-3rd-final-edition-cash-money-rules-a-photo-documentary-book-by-richard-r-ross,https://f4.bcbits.com/img/0021493814_37.jpg,p,1599690362.49095,us,,United States,p,$18,18.0,Book - 3rd Final Edition - Cash Money Rules (a photo documentary book by Richard R Ross),,//purpletapepedigree.bandcamp.com/merch/book-3rd-final-edition-cash-money-rules-a-photo-documentary-book-by-richard-r-ross,18.0,,PTP,USD,,18.0,21493814.0,,,
1599690363.18777&//eirkti.bandcamp.com/track/--13,https://f4.bcbits.com/img/a3573296378_7.jpg,t,1599690363.18777,ca,,Canada,t,€1,0.0,Λευκά Κελιά,3573296378.0,//eirkti.bandcamp.com/track/--13,1.0,,Clown,EUR,Clown - Λευκά Κελιά / Κλόουν,1.18,,,,
1599690365.65067&https://music.dandywarhols.com/album/warhol-wednesday-endless-live-album,https://f4.bcbits.com/img/a2385632826_7.jpg,a,1599690365.6506698,us,,United States,a,$10,10.0,Warhol Wednesday: Endless Live Album,2385632826.0,https://music.dandywarhols.com/album/warhol-wednesday-endless-live-album,10.0,,The Dandy Warhols,USD,,10.0,,,,
1599690370.37492&//azzur.bandcamp.com/track/palavas-so-far-away-rayko-remix,https://f4.bcbits.com/img/a2831676777_7.jpg,t,1599690370.37492,us,,United States,t,€1.50,1.5,Palavas - So Far Away (Rayko Remix),2831676777.0,//azzur.bandcamp.com/track/palavas-so-far-away-rayko-remix,1.5,,Palavas,EUR,Palavas - So Far Away (incl. Rayko Remix),1.77,,,,
1599690371.10869&//yorkfactorycomplaint.bandcamp.com/album/apology,https://f4.bcbits.com/img/a2469992545_7.jpg,a,1599690371.10869,us,,United States,a,$7,7.0,Apology,2469992545.0,//yorkfactorycomplaint.bandcamp.com/album/apology,7.0,,York Factory Complaint,USD,,7.0,,,,
1599690371.26689&//chicosdenazca.bandcamp.com/track/sunshine-ride,https://f4.bcbits.com/img/a1365455466_7.jpg,t,1599690371.26689,ru,,Russian Federation,t,€1,1.0,Sunshine Ride,1365455466.0,//chicosdenazca.bandcamp.com/track/sunshine-ride,1.0,,Chicos de Nazca,EUR,Rainbow See The Seal (2013),1.18,,,,
1599690371.29414&//yorkfactorycomplaint.bandcamp.com/album/we-call-it-prayer,https://f4.bcbits.com/img/a0284042583_7.jpg,a,1599690371.29414,us,,United States,a,$3,3.0,We Call It Prayer,284042583.0,//yorkfactorycomplaint.bandcamp.com/album/we-call-it-prayer,3.0,,York Factory Complaint,USD,,3.0,,,,
1599690372.02931&//beatspace-deviantforce.bandcamp.com/album/alien-orchestra,https://f4.bcbits.com/img/a3155894105_7.jpg,a,1599690372.02931,de,,Germany,a,€0.50,0.0,Alien Orchestra,3155894105.0,//beatspace-deviantforce.bandcamp.com/album/alien-orchestra,0.5,,Dark Notes (Deviant Force Records),EUR,,0.59,,,,
1599690373.49093&//ulver.bandcamp.com/album/flowers-of-evil,https://f4.bcbits.com/img/a2131534361_7.jpg,a,1599690373.49093,nz,,New Zealand,a,€7,7.0,Flowers of Evil,2131534361.0,//ulver.bandcamp.com/album/flowers-of-evil,7.0,,Ulver,EUR,,8.26,,,,
1599690377.65921&//marcopassarani.bandcamp.com/track/coldrain,https://f4.bcbits.com/img/a3334665043_7.jpg,t,1599690377.65921,il,,Israel,t,€1,1.0,Coldrain,3334665043.0,//marcopassarani.bandcamp.com/track/coldrain,1.0,,Passarani,EUR,W.O.W. (Lockdown Edition),1.18,,,,
1599690379.75267&//toomanyzooz.bandcamp.com/track/make-room,https://f4.bcbits.com/img/a1699186468_7.jpg,t,1599690379.7526698,us,,United States,t,$3.50,1.0,Make Room,1699186468.0,//toomanyzooz.bandcamp.com/track/make-room,3.5,,Too Many Zooz,USD,,3.5,,$2.50,,
1599690381.03165&//higgo.bandcamp.com/album/lost-files-part-2,https://f4.bcbits.com/img/a0048015961_7.jpg,a,1599690381.03165,gb,,United Kingdom,a,£2,2.0,Lost Files (Part 2),48015961.0,//higgo.bandcamp.com/album/lost-files-part-2,2.0,,Higgo,GBP,,2.6,,,,
1599690383.76213&//powertrip.bandcamp.com/merch/bleach-everything-feat-riley-gale-integrity-rftcc-x-sdk-split-lp,https://f4.bcbits.com/img/0021566135_37.jpg,p,1599690383.76213,us,,United States,p,$15,15.0,"BLEACH EVERYTHING (Feat. RILEY GALE) & INTEGRITY ""RFTCC x SDK"" Split LP",,//powertrip.bandcamp.com/merch/bleach-everything-feat-riley-gale-integrity-rftcc-x-sdk-split-lp,15.0,,POWER TRIP,USD,,15.0,21566135.0,,,
1599690387.62445&//mandolinorange.bandcamp.com/album/austin-city-limits-live-at-the-moody-theater-3,https://f4.bcbits.com/img/0021565153_37.jpg,p,1599690387.62445,us,,United States,a,$40,40.0,Second pressing - Clear 2x Vinyl LP,,//mandolinorange.bandcamp.com/album/austin-city-limits-live-at-the-moody-theater-3,40.0,,Mandolin Orange,USD,Austin City Limits Live at The Moody Theater,40.0,21565153.0,,,
1599690387.75004&//carpetgrouprecordings.bandcamp.com/track/o-mundo-que-me-espere,https://f4.bcbits.com/img/a1527023014_7.jpg,t,1599690387.75004,us,,United States,t,$1,1.0,O Mundo Que Me Espere,1527023014.0,//carpetgrouprecordings.bandcamp.com/track/o-mundo-que-me-espere,1.0,,carpet group recordings,USD,Mutant Reactions,1.0,,,,
1599690395.3225&//denguedenguedengue.bandcamp.com/album/fiebre,https://f4.bcbits.com/img/0021558244_37.jpg,p,1599690395.3225,au,,Australia,a,€15,15.0,"Limited Edition 12"" vinyl",,//denguedenguedengue.bandcamp.com/album/fiebre,15.0,,Dengue Dengue Dengue,EUR,Fiebre,17.71,21558244.0,,,
1599690395.64476&//hausofaltr.bandcamp.com/track/resolve,https://f4.bcbits.com/img/a2588022640_7.jpg,t,1599690395.64476,gb,,United Kingdom,t,$1,1.0,Resolve,2588022640.0,//hausofaltr.bandcamp.com/track/resolve,1.0,,James Bangura,USD,HOA012,1.0,,,,
1599690396.41325&//buscrates16-bitensemble.bandcamp.com/album/blasting-off,https://f4.bcbits.com/img/0021308063_37.jpg,p,1599690396.41325,us,,United States,a,$25,25.0,Buscrates Vinyl Deluxe Pack,,//buscrates16-bitensemble.bandcamp.com/album/blasting-off,25.0,,BusCrates,USD,Blasting Off,25.0,21308063.0,,,
1599690401.69068&//amnesiascanner.bandcamp.com/track/call-of-the-center-interlude,https://f4.bcbits.com/img/a2476340931_7.jpg,t,1599690401.69068,il,,Israel,t,€1,1.0,Call of the Center (Interlude),2476340931.0,//amnesiascanner.bandcamp.com/track/call-of-the-center-interlude,1.0,,Amnesia Scanner,EUR,Tearless,1.18,,,,
1599690403.24612&//limelodge.bandcamp.com/album/policy,https://f4.bcbits.com/img/a1274313917_7.jpg,a,1599690403.24612,gb,,United Kingdom,a,$5,4.0,Policy,1274313917.0,//limelodge.bandcamp.com/album/policy,5.0,,Ellen Phan,USD,,5.0,,,,
1599690405.44106&//miriahavila.bandcamp.com/album/agree-to-disagree-you-in-love-again,https://f4.bcbits.com/img/0020451974_37.jpg,p,1599690405.44106,us,,United States,a,$15,15.0,"7"" Vinyl 45 speed.",,//miriahavila.bandcamp.com/album/agree-to-disagree-you-in-love-again,15.0,,Miriah Avila,USD,Agree To Disagree / You In Love Again,15.0,20451974.0,,,
1599690405.60285&//happycamperrecords.bandcamp.com/track/tum-original-mix,https://f4.bcbits.com/img/a4210619613_7.jpg,t,1599690405.60285,us,,United States,t,€1.50,1.5,Tum (Original Mix),4210619613.0,//happycamperrecords.bandcamp.com/track/tum-original-mix,1.5,,Joep Mencke,EUR,Mataka EP + Remix,1.77,,,,
1599690406.54854&//thealdorabritainrecords.bandcamp.com/album/jennifer-knows,https://f4.bcbits.com/img/a1812234079_7.jpg,a,1599690406.54854,us,,United States,a,£2,1.5,Jennifer Knows,1812234079.0,//thealdorabritainrecords.bandcamp.com/album/jennifer-knows,2.0,,Groovy Uncle,GBP,,2.6,,,,
1599690409.3777&//tvgirl.bandcamp.com/album/french-exit,https://f4.bcbits.com/img/0021557934_37.jpg,p,1599690409.3777,us,,United States,a,$20,20.0,French Exit Repress,,//tvgirl.bandcamp.com/album/french-exit,20.0,,TV Girl,USD,French Exit,20.0,21557934.0,,,
1599690411.17123&//goregoregays.bandcamp.com/track/me-aburres,https://f4.bcbits.com/img/a2478563335_7.jpg,t,1599690411.17123,us,,United States,t,€3,1.0,Me Aburres,2478563335.0,//goregoregays.bandcamp.com/track/me-aburres,3.0,,GORE GORE GAYS,EUR,,3.54,,€2,,
1599690416.71682&//akhlys.bandcamp.com/album/the-dreaming-i,https://f4.bcbits.com/img/a2465820193_7.jpg,a,1599690416.71682,au,,Australia,a,€6.66,6.65999984741211,The Dreaming I,2465820193.0,//akhlys.bandcamp.com/album/the-dreaming-i,6.66,,Akhlys,EUR,,7.86,,,,
1599690421.35222&//paulmatthewmoore.bandcamp.com/album/alchemia-interiore,https://f4.bcbits.com/img/a2055910978_7.jpg,a,1599690421.3522198,us,,United States,a,$6,4.0,Alchemia Interiore,2055910978.0,//paulmatthewmoore.bandcamp.com/album/alchemia-interiore,6.0,,Paul Matthew Moore,USD,,6.0,,,,
1599690421.40869&//mandolinorange.bandcamp.com/album/austin-city-limits-live-at-the-moody-theater-3,https://f4.bcbits.com/img/0021565153_37.jpg,p,1599690421.40869,us,,United States,a,$40,40.0,Second pressing - Clear 2x Vinyl LP,,//mandolinorange.bandcamp.com/album/austin-city-limits-live-at-the-moody-theater-3,40.0,,Mandolin Orange,USD,Austin City Limits Live at The Moody Theater,40.0,21565153.0,,,
1599690423.48769&https://music.pitchblack.co.nz/album/electronomicon-live,https://f4.bcbits.com/img/a3259732853_7.jpg,a,1599690423.48769,ca,,Canada,a,£1,0.0,Electronomicon Live,3259732853.0,https://music.pitchblack.co.nz/album/electronomicon-live,1.0,,Pitch Black,GBP,,1.3,,,,
1599690424.04292&//panosigma.bandcamp.com/track/the-sun-rising-panosigma-sunset-mix,https://f4.bcbits.com/img/a4214059783_7.jpg,t,1599690424.04292,us,,United States,t,€1.50,1.5,The Sun Rising (PanoSigma Sunset Mix),4214059783.0,//panosigma.bandcamp.com/track/the-sun-rising-panosigma-sunset-mix,1.5,,PanoSigma,EUR,,1.77,,,,
1599690427.26466&//actionbronson.bandcamp.com/album/only-for-dolphins,https://f4.bcbits.com/img/0021559916_37.jpg,p,1599690427.26466,nl,,Netherlands,a,$40,40.0,Limited Edition Picture Disc,,//actionbronson.bandcamp.com/album/only-for-dolphins,40.0,,Action Bronson,USD,Only For Dolphins,40.0,21559916.0,,,
1599690431.97683&//drumwork.bandcamp.com/track/dance-more,https://f4.bcbits.com/img/a0089284197_7.jpg,t,1599690431.97683,gb,,United Kingdom,t,£0.25,0.0,Dance More,89284197.0,//drumwork.bandcamp.com/track/dance-more,0.25,,Drumwork,GBP,,0.32,,,,
1599690441.26794&//jonjonesmusic.bandcamp.com/album/warrandyte-bridge-reno,https://f4.bcbits.com/img/a0723425957_7.jpg,a,1599690441.26794,il,,Israel,a,$6 AUD,6.0,Warrandyte Bridge Reno,723425957.0,//jonjonesmusic.bandcamp.com/album/warrandyte-bridge-reno,6.0,,Jon Jones,AUD,,4.36,,,,
1599690443.01124&//absinth3.bandcamp.com/track/starlight-feat-chelsea-owen,https://f4.bcbits.com/img/a0406923981_7.jpg,t,1599690443.01124,us,,United States,t,$2 AUD,0.0,Starlight (feat. Chelsea Owen),406923981.0,//absinth3.bandcamp.com/track/starlight-feat-chelsea-owen,2.0,,Absinth3,AUD,,1.45,,,,
1599690443.04043&//absinth3.bandcamp.com/track/suburbs-feat-nick-leech,https://f4.bcbits.com/img/a2488997217_7.jpg,t,1599690443.04043,us,,United States,t,$2 AUD,1.0,Suburbs (feat. Nick Leech),2488997217.0,//absinth3.bandcamp.com/track/suburbs-feat-nick-leech,2.0,,Absinth3,AUD,,1.45,,,,
1599690443.41035&//absinth3.bandcamp.com/album/unstable,https://f4.bcbits.com/img/a3385271044_7.jpg,a,1599690443.41035,us,,United States,a,$10 AUD,7.0,Unstable,3385271044.0,//absinth3.bandcamp.com/album/unstable,10.0,,Absinth3,AUD,,7.27,,$3,,
1599690443.53351&//absinth3.bandcamp.com/track/lavish,https://f4.bcbits.com/img/a0106331697_7.jpg,t,1599690443.53351,us,,United States,t,$2 AUD,1.0,Lavish,106331697.0,//absinth3.bandcamp.com/track/lavish,2.0,,Absinth3,AUD,,1.45,,,,
1599690443.57002&//absinth3.bandcamp.com/track/falling-away,https://f4.bcbits.com/img/a2029068678_7.jpg,t,1599690443.57002,us,,United States,t,$2 AUD,1.0,Falling Away,2029068678.0,//absinth3.bandcamp.com/track/falling-away,2.0,,Absinth3,AUD,,1.45,,,,
1599690443.78677&//absinth3.bandcamp.com/track/wanting-more,https://f4.bcbits.com/img/a3347689034_7.jpg,t,1599690443.78677,us,,United States,t,$2 AUD,2.0,Wanting More,3347689034.0,//absinth3.bandcamp.com/track/wanting-more,2.0,,Absinth3,AUD,,1.45,,,,
1599690443.79232&//absinth3.bandcamp.com/track/anymore,https://f4.bcbits.com/img/a0420796808_7.jpg,t,1599690443.79232,us,,United States,t,$2 AUD,1.0,Anymore,420796808.0,//absinth3.bandcamp.com/track/anymore,2.0,,Absinth3,AUD,,1.45,,,,
1599690445.36177&//thousandislandsrecords.bandcamp.com/merch/look-alive-chaser-black-t-shirt,https://f4.bcbits.com/img/0021045670_37.jpg,p,1599690445.36177,ca,,Canada,p,$20 CAD,20.0,Look Alive - CHASER Black T-shirt,,//thousandislandsrecords.bandcamp.com/merch/look-alive-chaser-black-t-shirt,20.0,,Thousand Islands Records,CAD,,15.2,21045670.0,,,
1599690447.53053&//wagawaga.bandcamp.com/album/outeryeroer,https://f4.bcbits.com/img/a3035246703_7.jpg,a,1599690447.53053,ca,,Canada,a,$4,0.0,OuterYerO'er,3035246703.0,//wagawaga.bandcamp.com/album/outeryeroer,4.0,,wAgAwAgA,USD,,4.0,,$4,,
1599690449.14449&//actionbronson.bandcamp.com/album/only-for-dolphins,https://f4.bcbits.com/img/0021559929_37.jpg,p,1599690449.14449,es,,Spain,a,$60,60.0,Limited Edition Deluxe Lenticular LP,,//actionbronson.bandcamp.com/album/only-for-dolphins,60.0,,Action Bronson,USD,Only For Dolphins,60.0,21559929.0,,,
1599690449.46047&//we-are-youandme.bandcamp.com/track/dennis-ferrer-vs-st-germain-son-of-rouge-youandme-2020-edit,https://f4.bcbits.com/img/a4142992783_7.jpg,t,1599690449.46047,fr,,France,t,€1,0.0,"Dennis Ferrer vs. St.Germain - ""Son Of Rouge"" (youANDme 2020 EDIT)",4142992783.0,//we-are-youandme.bandcamp.com/track/dennis-ferrer-vs-st-germain-son-of-rouge-youandme-2020-edit,1.0,,youANDme,EUR,,1.18,,,,
1599690449.59279&//actionbronson.bandcamp.com/album/only-for-dolphins,https://f4.bcbits.com/img/0021559916_37.jpg,p,1599690449.59279,es,,Spain,a,$40,40.0,Limited Edition Picture Disc,,//actionbronson.bandcamp.com/album/only-for-dolphins,40.0,,Action Bronson,USD,Only For Dolphins,40.0,21559916.0,,,
1599690449.94207&//actionbronson.bandcamp.com/album/only-for-dolphins,https://f4.bcbits.com/img/0021569392_37.jpg,p,1599690449.94207,es,,Spain,a,$25,25.0,Limited Edition Yellow Vinyl,,//actionbronson.bandcamp.com/album/only-for-dolphins,25.0,,Action Bronson,USD,Only For Dolphins,25.0,21569392.0,,,
1599690452.67886&//ctemf.bandcamp.com/album/ctemf-2020-friends-frequencies,https://f4.bcbits.com/img/a1692506734_7.jpg,a,1599690452.67886,us,,United States,a,$20,10.0,CTEMF 2020 : Friends & Frequencies,1692506734.0,//ctemf.bandcamp.com/album/ctemf-2020-friends-frequencies,20.0,,Cape Town Electronic Music Festival,USD,,20.0,,$10,,
1599690453.38424&//horsetorso.bandcamp.com/album/mikropianist,https://f4.bcbits.com/img/a1952728569_7.jpg,a,1599690453.3842402,ca,,Canada,a,$7,7.0,MIKROPIANIST,1952728569.0,//horsetorso.bandcamp.com/album/mikropianist,7.0,,Horse Torso,USD,,7.0,,,,
1599690453.67816&//sullfupport.bandcamp.com/track/b2-coffee-break-sullf09,https://f4.bcbits.com/img/a0674976777_7.jpg,t,1599690453.67816,us,,United States,t,€2,2.0,B2 - Coffee Break [SULLF09],674976777.0,//sullfupport.bandcamp.com/track/b2-coffee-break-sullf09,2.0,,SULLFUPPORT,EUR,,2.36,,,,
1599690455.84727&//hausofaltr.bandcamp.com/track/queue-throw-it,https://f4.bcbits.com/img/a2588022640_7.jpg,t,1599690455.84727,gb,,United Kingdom,t,$1,1.0,Queue & Throw It,2588022640.0,//hausofaltr.bandcamp.com/track/queue-throw-it,1.0,,Max Watts,USD,HOA012,1.0,,,,
1599690461.17093&//incidentp.bandcamp.com/track/incident-prism-knock-your-socks-off,https://f4.bcbits.com/img/a1340677801_7.jpg,t,1599690461.17093,de,,Germany,t,€1,1.0,Incident Prism - Knock Your Socks Off,1340677801.0,//incidentp.bandcamp.com/track/incident-prism-knock-your-socks-off,1.0,,Incident Prism,EUR,,1.18,,,,
1599690462.6562&//candomble.bandcamp.com/album/time-to-be-alive,https://f4.bcbits.com/img/a1848061653_7.jpg,a,1599690462.6562,il,,Israel,a,€5,5.0,Time To Be Alive,1848061653.0,//candomble.bandcamp.com/album/time-to-be-alive,5.0,,VA,EUR,,5.9,,,,
1599690465.31473&//mandolinorange.bandcamp.com/album/austin-city-limits-live-at-the-moody-theater-3,https://f4.bcbits.com/img/0021565153_37.jpg,p,1599690465.3147302,us,,United States,a,$40,40.0,Second pressing - Clear 2x Vinyl LP,,//mandolinorange.bandcamp.com/album/austin-city-limits-live-at-the-moody-theater-3,40.0,,Mandolin Orange,USD,Austin City Limits Live at The Moody Theater,40.0,21565153.0,,,
1599690466.80257&//messerchupsofficial.bandcamp.com/album/messer-chups-taste-the-blood-of-guitaracula,https://f4.bcbits.com/img/0018021851_37.jpg,p,1599690466.80257,au,,Australia,a,$20,20.0,MESSER CHUPS - Taste The Blood of Guitaracula LP (ORANGE vinyl),,//messerchupsofficial.bandcamp.com/album/messer-chups-taste-the-blood-of-guitaracula,20.0,,Messer Chups,USD,MESSER CHUPS - Taste The Blood of Guitaracula,20.0,18021851.0,,,
1599690467.23385&//d-echoproject.bandcamp.com/album/flavours,https://f4.bcbits.com/img/a3129916395_7.jpg,a,1599690467.23385,ca,,Canada,a,€4,0.0,Flavours,3129916395.0,//d-echoproject.bandcamp.com/album/flavours,4.0,,D-Echo Project,EUR,,4.72,,€4,,
1599690471.48615&https://music.dandywarhols.com/album/warhol-wednesday-endless-live-album,https://f4.bcbits.com/img/a2385632826_7.jpg,a,1599690471.48615,nz,,New Zealand,a,$10,10.0,Warhol Wednesday: Endless Live Album,2385632826.0,https://music.dandywarhols.com/album/warhol-wednesday-endless-live-album,10.0,,The Dandy Warhols,USD,,10.0,,,,
1599690472.84899&//raduguran.bandcamp.com/track/radu-guran-aia-cu-alea-cu-astea,https://f4.bcbits.com/img/a1601142277_7.jpg,t,1599690472.84899,gb,,United Kingdom,t,€1.50,1.4900000095367398,Radu Guran - Aia cu alea cu astea,1601142277.0,//raduguran.bandcamp.com/track/radu-guran-aia-cu-alea-cu-astea,1.5,,Radu Guran,EUR,,1.77,,,,
1599690474.59779&//slouxrecordingco.bandcamp.com/album/drumless-tracks-volume-6,https://f4.bcbits.com/img/a2342091236_7.jpg,a,1599690474.59779,us,,United States,a,$15,0.0,Drumless Tracks (Volume 6),2342091236.0,//slouxrecordingco.bandcamp.com/album/drumless-tracks-volume-6,15.0,,Tim Baltes,USD,,15.0,,$15,,
1599690474.73979&//pacificrhythm.bandcamp.com/track/an-eye-for-i,https://f4.bcbits.com/img/a2934860841_7.jpg,t,1599690474.73979,us,,United States,t,$2,2.0,"An Eye, For I",2934860841.0,//pacificrhythm.bandcamp.com/track/an-eye-for-i,2.0,,CORBEN,USD,Programmer,2.0,,,,
1599690477.03686&//chrissuarez.bandcamp.com/album/are-you-listening,https://f4.bcbits.com/img/a0697155925_7.jpg,a,1599690477.03686,us,,United States,a,$10,5.0,Are You Listening?,697155925.0,//chrissuarez.bandcamp.com/album/are-you-listening,10.0,,Chris Suarez,USD,,10.0,,$5,,
1599690478.13761&//bakedtapes.bandcamp.com/album/field-footage,https://f4.bcbits.com/img/0021495256_37.jpg,p,1599690478.13761,us,,United States,a,$7,7.0,Limited Edition Cassette,,//bakedtapes.bandcamp.com/album/field-footage,7.0,,Looks Realistic,USD,Field Footage,7.0,21495256.0,,,
1599690483.43501&//interactivetest.bandcamp.com/track/hypnotical-e,https://f4.bcbits.com/img/a3772530869_7.jpg,t,1599690483.43501,il,,Israel,t,€1,1.0,Hypnotical E,3772530869.0,//interactivetest.bandcamp.com/track/hypnotical-e,1.0,,Major Ipnotic Key Institute,EUR,The Sound Of Tirreno,1.18,,,,
1599690485.05679&//jrocc.bandcamp.com/album/turn-me-up-some,https://f4.bcbits.com/img/a2579083612_7.jpg,a,1599690485.05679,us,,United States,a,$1,0.0,Turn Me Up Some,2579083612.0,//jrocc.bandcamp.com/album/turn-me-up-some,1.0,,J.Rocc,USD,,1.0,,,,
1599690485.50199&//speakeasyelectroswing.bandcamp.com/album/speakeasy-10-years-of-swinging-on-the-other-side-of-the-pond,https://f4.bcbits.com/img/a1513995856_7.jpg,a,1599690485.50199,ca,,Canada,a,$2,0.0,Speakeasy - 10 Years of Swinging on the Other Side of the Pond,1513995856.0,//speakeasyelectroswing.bandcamp.com/album/speakeasy-10-years-of-swinging-on-the-other-side-of-the-pond,2.0,,Speakeasy Electro Swing,USD,,2.0,,,,
1599690487.11426&//markerstarling.bandcamp.com/album/silk-rock,https://f4.bcbits.com/img/0021307743_37.jpg,p,1599690487.11426,fr,,France,a,£9,9.0,Silk Rock,,//markerstarling.bandcamp.com/album/silk-rock,9.0,,Marker Starling,GBP,Silk Rock,11.69,21307743.0,,,
1599690487.20004&//popnihil.bandcamp.com/album/sometimes-it-feels-like-chains,https://f4.bcbits.com/img/a1343506956_7.jpg,a,1599690487.20004,us,,United States,a,$2,2.0,Sometimes It Feels Like Chains,1343506956.0,//popnihil.bandcamp.com/album/sometimes-it-feels-like-chains,2.0,,Live For You,USD,,2.0,,,,
1599690487.46927&//throwingmuses.bandcamp.com/album/sun-racket,https://f4.bcbits.com/img/a2269377301_7.jpg,a,1599690487.46927,gb,,United Kingdom,a,£10,7.0,Sun Racket,2269377301.0,//throwingmuses.bandcamp.com/album/sun-racket,10.0,,Throwing Muses,GBP,,12.99,,£3,,
1599690488.93101&//thereallilbil.bandcamp.com/album/pyro,https://f4.bcbits.com/img/a2054594127_7.jpg,a,1599690488.93101,us,,United States,a,$5,5.0,PYRO,2054594127.0,//thereallilbil.bandcamp.com/album/pyro,5.0,,LiL BiL,USD,,5.0,,,,
1599690490.65446&//lautluise.bandcamp.com/track/don-jaguar,https://f4.bcbits.com/img/a3078979684_7.jpg,t,1599690490.65446,us,,United States,t,€1.50,1.5,Don Jaguar,3078979684.0,//lautluise.bandcamp.com/track/don-jaguar,1.5,,Brigade,EUR,Don Jaguar,1.77,,,,
1599690492.94058&//visionaryshamanics.bandcamp.com/track/cosmic-touch-transformation,https://f4.bcbits.com/img/a1875027301_7.jpg,t,1599690492.94058,us,,United States,t,£1,1.0,COSMIC TOUCH - Transformation,1875027301.0,//visionaryshamanics.bandcamp.com/track/cosmic-touch-transformation,1.0,,Visionary Shamanics,GBP,SACRED BASS SESSIONS Vol 1 - VA,1.3,,,,
1599690502.13885&//mnlth.bandcamp.com/album/vol-1,https://f4.bcbits.com/img/a4116822997_7.jpg,a,1599690502.13885,us,,United States,a,£10,4.0,VOL.1,4116822997.0,//mnlth.bandcamp.com/album/vol-1,10.0,,MNLTH,GBP,,12.99,,£6,,
1599690503.05151&//reso.bandcamp.com/album/vanishing-point-ep,https://f4.bcbits.com/img/a3215018800_7.jpg,a,1599690503.05151,us,,United States,a,£1.50,3.0,Vanishing Point EP,3215018800.0,//reso.bandcamp.com/album/vanishing-point-ep,1.5,,Reso,GBP,,1.95,,,,
1599690503.30701&//reso.bandcamp.com/album/vault-vol-1,https://f4.bcbits.com/img/a0921095367_7.jpg,a,1599690503.30701,us,,United States,a,£3,4.0,Vault Vol.1,921095367.0,//reso.bandcamp.com/album/vault-vol-1,3.0,,Reso,GBP,,3.9,,,,
1599690503.38191&//reso.bandcamp.com/album/this-that-vol-1,https://f4.bcbits.com/img/a0259884706_7.jpg,a,1599690503.3819098,us,,United States,a,£4,4.0,This & That Vol 1,259884706.0,//reso.bandcamp.com/album/this-that-vol-1,4.0,,Maru,GBP,,5.2,,,,
1599690504.13222&//davidbars.bandcamp.com/track/fresh-out-the-mud,https://f4.bcbits.com/img/a1437798277_7.jpg,t,1599690504.13222,us,,United States,t,$2,2.0,Fresh Out The Mud,1437798277.0,//davidbars.bandcamp.com/track/fresh-out-the-mud,2.0,,David Bars,USD,,2.0,,,,
1599690504.14275&//semanticarecords.bandcamp.com/track/how-to-become-nothing-rhyw-remix,https://f4.bcbits.com/img/a3656594410_7.jpg,t,1599690504.14275,il,,Israel,t,€2,2.0,How To Become Nothing (Rhyw Remix),3656594410.0,//semanticarecords.bandcamp.com/track/how-to-become-nothing-rhyw-remix,2.0,,Svreca,EUR,FRUE. SEMANTICA 123,2.36,,,,
1599690504.29094&//melaniedebiasio.bandcamp.com/album/lilies,https://f4.bcbits.com/img/a3097566889_7.jpg,a,1599690504.29094,us,,United States,a,£10,7.98999977111816,Lilies,3097566889.0,//melaniedebiasio.bandcamp.com/album/lilies,10.0,,Melanie De Biasio,GBP,,12.99,,£2.01,,
1599690504.48266&//chrisstussy.bandcamp.com/track/stussko-ignite,https://f4.bcbits.com/img/a2556999415_7.jpg,t,1599690504.48266,gb,,United Kingdom,t,€2,2.0,stussko - ignite,2556999415.0,//chrisstussy.bandcamp.com/track/stussko-ignite,2.0,,Stussko,EUR,Stussko - Spacefunk EP,2.36,,,,
1599690506.35373&//sweepingpromises.bandcamp.com/album/hunger-for-a-way-out,https://f4.bcbits.com/img/0021554739_37.jpg,p,1599690506.35373,us,,United States,a,$20,20.0,Preorder: Black vinyl [third pressing],,//sweepingpromises.bandcamp.com/album/hunger-for-a-way-out,20.0,,Sweeping Promises,USD,Hunger for a Way Out,20.0,21554739.0,,,
1599690506.54592&//swingbass.bandcamp.com/album/swing-bass-compilation-album-vol-2,https://f4.bcbits.com/img/a1384787279_7.jpg,a,1599690506.54592,ca,,Canada,a,£1,0.0,Swing & Bass Compilation Album Vol. 2,1384787279.0,//swingbass.bandcamp.com/album/swing-bass-compilation-album-vol-2,1.0,,Swing & Bass,GBP,,1.3,,,,
1599690506.74292&//hausofaltr.bandcamp.com/track/the-art-of-letting-go,https://f4.bcbits.com/img/a2588022640_7.jpg,t,1599690506.74292,gb,,United Kingdom,t,$1,1.0,The Art Of Letting Go,2588022640.0,//hausofaltr.bandcamp.com/track/the-art-of-letting-go,1.0,,North End Track Authority,USD,HOA012,1.0,,,,
1599690507.55849&//kutcorners.bandcamp.com/album/heart-a-d-s-r,https://f4.bcbits.com/img/a1854346979_7.jpg,a,1599690507.55849,us,,United States,a,$3,3.0,Heart A.D.S.R.,1854346979.0,//kutcorners.bandcamp.com/album/heart-a-d-s-r,3.0,,Kutcorners,USD,,3.0,,,,
1599690508.78519&//2020ldnrecordings.bandcamp.com/track/rickety-cricket-mad-zach-remix,https://f4.bcbits.com/img/a3252286263_7.jpg,t,1599690508.78519,us,,United States,t,£1,0.0,Rickety Cricket [Mad Zach Remix],3252286263.0,//2020ldnrecordings.bandcamp.com/track/rickety-cricket-mad-zach-remix,1.0,,Fixate,GBP,,1.3,,,,
1599690508.86193&//axetraxx.bandcamp.com/album/fede-lng-shaolin-808-ep-inc-byron-the-aquarius-remix,https://f4.bcbits.com/img/a3818202962_7.jpg,a,1599690508.86193,us,,United States,a,£8,8.0,Fede Lng - Shaolin 808 Ep (inc Byron The Aquarius Remix),3818202962.0,//axetraxx.bandcamp.com/album/fede-lng-shaolin-808-ep-inc-byron-the-aquarius-remix,8.0,,"Fede Lng, Byron The Aquarius",GBP,,10.39,,,,
1599690509.63525&//pierrecodarin.bandcamp.com/track/my-story-pierre-codarin-dub-edit,https://f4.bcbits.com/img/a2885050886_7.jpg,t,1599690509.63525,gb,,United Kingdom,t,£1.50,1.5,My Story Pierre Codarin Dub edit,2885050886.0,//pierrecodarin.bandcamp.com/track/my-story-pierre-codarin-dub-edit,1.5,,Pierre Codarin,GBP,,1.95,,,,
1599690509.95932&//pierrecodarin.bandcamp.com/track/euphony-bodysnatch-pierre-codarin-floor-edit,https://f4.bcbits.com/img/a0763346067_7.jpg,t,1599690509.9593198,gb,,United Kingdom,t,£1.50,1.5,Euphony - Bodysnatch Pierre Codarin Floor edit,763346067.0,//pierrecodarin.bandcamp.com/track/euphony-bodysnatch-pierre-codarin-floor-edit,1.5,,Pierre Codarin,GBP,,1.95,,,,
1599690511.73644&//mm000.bandcamp.com/album/opera,https://f4.bcbits.com/img/a3406724897_7.jpg,a,1599690511.73644,de,,Germany,a,€5,5.0,Opera,3406724897.0,//mm000.bandcamp.com/album/opera,5.0,,DJ Charme,EUR,,5.9,,,,
1599690514.4382&https://rabbitjunk.com/album/pop-that-pretty-thirty-2,https://f4.bcbits.com/img/a0116594196_7.jpg,a,1599690514.4382,pl,,Poland,a,$1,0.0,Pop That Pretty Thirty,116594196.0,https://rabbitjunk.com/album/pop-that-pretty-thirty-2,1.0,,Rabbit Junk,USD,,1.0,,,,
1599690518.18757&https://noise.poryahatami.com/album/land,https://f4.bcbits.com/img/a3538451067_7.jpg,a,1599690518.18757,ca,,Canada,a,$7,7.0,Land,3538451067.0,https://noise.poryahatami.com/album/land,7.0,,Porya Hatami,USD,,7.0,,,,
1599690520.28469&//gfguitar.bandcamp.com/merch/limited-edition-art-book-digital-album,https://f4.bcbits.com/img/0021535756_37.jpg,p,1599690520.28469,us,,United States,p,$20,20.0,Limited Edition Art Book + Digital Album,,//gfguitar.bandcamp.com/merch/limited-edition-art-book-digital-album,20.0,,Giacomo Fiore,USD,,20.0,21535756.0,,,
1599690521.23971&//landofkush.bandcamp.com/album/sand-enigma,https://f4.bcbits.com/img/0017666616_37.jpg,p,1599690521.23971,ca,,Canada,a,$12,12.0,Compact Disc,,//landofkush.bandcamp.com/album/sand-enigma,12.0,,Land of Kush,USD,Sand Enigma,12.0,17666616.0,,,
1599690526.34069&//jahschulz.bandcamp.com/track/metal-dub-pt-3,https://f4.bcbits.com/img/a1410635536_7.jpg,t,1599690526.34069,il,,Israel,t,€2,2.0,Metal Dub Pt 3,1410635536.0,//jahschulz.bandcamp.com/track/metal-dub-pt-3,2.0,,Jah Schulz,EUR,METAL DUB,2.36,,,,
1599690526.42185&//earthboys.bandcamp.com/album/a-deal-with-the-devil,https://f4.bcbits.com/img/a0062397738_7.jpg,a,1599690526.42185,us,,United States,a,£6,6.0,A Deal With The Devil,62397738.0,//earthboys.bandcamp.com/album/a-deal-with-the-devil,6.0,,Earth Boys,GBP,,7.8,,,,
1599690527.08041&//foxhide.bandcamp.com/album/rebuild,https://f4.bcbits.com/img/a0966355226_7.jpg,a,1599690527.08041,us,,United States,a,$5,0.0,Rebuild,966355226.0,//foxhide.bandcamp.com/album/rebuild,5.0,,[B.I.O-2],USD,,5.0,,$5,,
1599690535.19781&//rubyofficial.bandcamp.com/track/carondelet-me-too-mix,https://f4.bcbits.com/img/a3777242730_7.jpg,t,1599690535.19781,us,,United States,t,£2.35,1.0,Carondelet (Me Too mix),3777242730.0,//rubyofficial.bandcamp.com/track/carondelet-me-too-mix,2.35,,Ruby,GBP,,3.05,,£1.35,,
1599690536.03498&//oldtower.bandcamp.com/merch/three-towers-pin-2,https://f4.bcbits.com/img/0020699294_37.jpg,p,1599690536.03498,us,,United States,p,€7,7.0,"""Three towers"" pin",,//oldtower.bandcamp.com/merch/three-towers-pin-2,7.0,,Old Tower,EUR,,8.26,20699294.0,,,
1599690542.13392&//bufiman.bandcamp.com/album/albumsi-rhythm-trax,https://f4.bcbits.com/img/a0768462852_7.jpg,a,1599690542.13392,us,,United States,a,€6.50,6.5,Albumsi Rhythm Trax,768462852.0,//bufiman.bandcamp.com/album/albumsi-rhythm-trax,6.5,,Bufiman,EUR,,7.67,,,,
1599690545.01906&//blockheadnyc.bandcamp.com/album/quar-and-peace,https://f4.bcbits.com/img/a3854961771_7.jpg,a,1599690545.01906,us,,United States,a,$10,10.0,Quar and Peace,3854961771.0,//blockheadnyc.bandcamp.com/album/quar-and-peace,10.0,,Blockhead,USD,,10.0,,,,
1599690546.87765&//binbagwisdom.bandcamp.com/album/100-years-of-binbag-wisdom,https://f4.bcbits.com/img/a3015020139_7.jpg,a,1599690546.87765,gb,,United Kingdom,a,£10,8.0,100 Years of Binbag Wisdom,3015020139.0,//binbagwisdom.bandcamp.com/album/100-years-of-binbag-wisdom,10.0,,Binbag Wisdom,GBP,,12.99,,£2,,
1599690547.30868&https://shop.snappedankles.com/merch/the-snankle-wrap-limited-edition-t-shirt,https://f4.bcbits.com/img/0020772004_37.jpg,p,1599690547.30868,jp,,Japan,p,£18.49,18.4899997711182,The Snankle Wrap: limited edition T-shirt,,https://shop.snappedankles.com/merch/the-snankle-wrap-limited-edition-t-shirt,18.49,,Snapped Ankles,GBP,,24.02,20772004.0,,,
1599690548.11653&https://acolourfulstorm.com/track/m-o-e-r,https://f4.bcbits.com/img/a1214928236_7.jpg,t,1599690548.1165302,il,,Israel,t,€1.50,1.5,M.O.E.R.,1214928236.0,https://acolourfulstorm.com/track/m-o-e-r,1.5,,Désaccord Majeur,EUR,Sunquake,1.77,,,,
1599690550.27843&//spoonbill.bandcamp.com/merch/canopy-pin,https://f4.bcbits.com/img/0020030428_37.jpg,p,1599690550.27843,us,,United States,p,$35 AUD,35.0,Canopy Pin,,//spoonbill.bandcamp.com/merch/canopy-pin,35.0,,Spoonbill,AUD,,25.45,20030428.0,,,
1599690550.81472&//bluandexile.bandcamp.com/album/miles,https://f4.bcbits.com/img/a1814921150_7.jpg,a,1599690550.81472,us,,United States,a,$10,9.98999977111816,Miles,1814921150.0,//bluandexile.bandcamp.com/album/miles,10.0,,Blu & Exile,USD,,10.0,,,,
1599690551.48051&//wiltmanitoba.bandcamp.com/merch/wilt-ravens-chant-baseball-tee,https://f4.bcbits.com/img/0021565044_37.jpg,p,1599690551.48051,ca,,Canada,p,$35 CAD,35.0,Wilt 'Raven's Chant' Baseball Tee,,//wiltmanitoba.bandcamp.com/merch/wilt-ravens-chant-baseball-tee,35.0,,Wilt,CAD,,26.6,21565044.0,,,
1599690553.86038&//tvgirl.bandcamp.com/album/french-exit,https://f4.bcbits.com/img/0021557934_37.jpg,p,1599690553.8603802,us,,United States,a,$20,20.0,French Exit Repress,,//tvgirl.bandcamp.com/album/french-exit,20.0,,TV Girl,USD,French Exit,20.0,21557934.0,,,
1599690553.93738&//actionbronson.bandcamp.com/album/only-for-dolphins,https://f4.bcbits.com/img/0021559929_37.jpg,p,1599690553.93738,us,,United States,a,$60,60.0,Limited Edition Deluxe Lenticular LP,,//actionbronson.bandcamp.com/album/only-for-dolphins,60.0,,Action Bronson,USD,Only For Dolphins,60.0,21559929.0,,,
1599690554.18321&//afrolab9000.bandcamp.com/album/purple-moonlight-pages,https://f4.bcbits.com/img/a3502677951_7.jpg,a,1599690554.18321,us,,United States,a,$5,0.0,purple moonlight pages,3502677951.0,//afrolab9000.bandcamp.com/album/purple-moonlight-pages,5.0,,R.A.P. Ferreira,USD,,5.0,,$5,,
1599690554.95699&//crecordings.bandcamp.com/track/come-true,https://f4.bcbits.com/img/a4211528811_7.jpg,t,1599690554.95699,cz,,Czech Republic,t,€1,1.0,Come True,4211528811.0,//crecordings.bandcamp.com/track/come-true,1.0,,T:Base,EUR,Universe,1.18,,,,
1599690557.34815&//ostgut.bandcamp.com/track/ritual-music,https://f4.bcbits.com/img/a1879618751_7.jpg,t,1599690557.34815,gb,,United Kingdom,t,€1,1.0,Ritual Music,1879618751.0,//ostgut.bandcamp.com/track/ritual-music,1.0,,Genesis Breyer P-Orridge,EUR,Berghain 09,1.18,,,,
1599690557.53764&//nervousdater.bandcamp.com/track/fun-dumpster,https://f4.bcbits.com/img/a0955387495_7.jpg,t,1599690557.53764,us,,United States,t,$2,0.0,Fun Dumpster,955387495.0,//nervousdater.bandcamp.com/track/fun-dumpster,2.0,,Nervous Dater,USD,Don't Be a Stranger,2.0,,,,
1599690558.31191&//iamtheanchoress.bandcamp.com/album/confessions-of-a-romance-novelist,https://f4.bcbits.com/img/0021203106_37.jpg,p,1599690558.31191,gb,,United Kingdom,a,£22,22.0,2LP Vinyl,,//iamtheanchoress.bandcamp.com/album/confessions-of-a-romance-novelist,22.0,,The Anchoress,GBP,Confessions of a Romance Novelist,28.58,21203106.0,,,
1599690561.42185&//balanceclubculture.bandcamp.com/track/animistic-beliefs-when-ur-hi-speed-mix,https://f4.bcbits.com/img/a0383523064_7.jpg,t,1599690561.42185,fr,,France,t,€1,1.0,Animistic Beliefs - When Ur Hi (Speed Mix),383523064.0,//balanceclubculture.bandcamp.com/track/animistic-beliefs-when-ur-hi-speed-mix,1.0,,Balance Club/Culture Festival,EUR,Various Artists - Tender Squads,1.18,,,,
1599690562.43291&//bedouine.bandcamp.com/track/thirteen,https://f4.bcbits.com/img/a2674244168_7.jpg,t,1599690562.43291,us,,United States,t,$10,1.0,Thirteen,2674244168.0,//bedouine.bandcamp.com/track/thirteen,10.0,,"Bedouine, Waxahatchee, Hurray for the Riff Raff",USD,,10.0,,$9,,
1599690562.83611&//blushhmusic.bandcamp.com/track/what-about-my-plants,https://f4.bcbits.com/img/a0819215495_7.jpg,t,1599690562.83611,us,,United States,t,$2,1.0,What About My Plants?,819215495.0,//blushhmusic.bandcamp.com/track/what-about-my-plants,2.0,,Blushh,USD,THX 4 ASKING,2.0,,,,
1599690565.61369&//shlohmo.bandcamp.com/album/the-end,https://f4.bcbits.com/img/0018170612_37.jpg,p,1599690565.61369,us,,United States,a,$18,18.0,Shlohmo - The End,,//shlohmo.bandcamp.com/album/the-end,18.0,,Shlohmo,USD,The End,18.0,18170612.0,,,
1599690567.99483&//djmoma.bandcamp.com/album/momapiano,https://f4.bcbits.com/img/a2943284501_7.jpg,a,1599690567.99483,us,,United States,a,$7,7.0,mOmaPiano,2943284501.0,//djmoma.bandcamp.com/album/momapiano,7.0,,dj mOma,USD,,7.0,,,,
1599690568.63001&//streetplay.bandcamp.com/track/heavy,https://f4.bcbits.com/img/a1167547236_7.jpg,t,1599690568.63001,us,,United States,t,$2,1.0,Heavy,1167547236.0,//streetplay.bandcamp.com/track/heavy,2.0,,Street Play,USD,Sirens,2.0,,,,
1599690570.19446&//vulfpeck.bandcamp.com/album/my-first-car,https://f4.bcbits.com/img/a2020752183_7.jpg,a,1599690570.19446,de,,Germany,a,$6,6.0,My First Car,2020752183.0,//vulfpeck.bandcamp.com/album/my-first-car,6.0,,Vulfpeck,USD,,6.0,,,,
1599690570.76647&//vulfpeck.bandcamp.com/album/the-beautiful-game,https://f4.bcbits.com/img/a1702319957_7.jpg,a,1599690570.76647,de,,Germany,a,$10,10.0,The Beautiful Game,1702319957.0,//vulfpeck.bandcamp.com/album/the-beautiful-game,10.0,,Vulfpeck,USD,,10.0,,,,
1599690570.80383&//vulfpeck.bandcamp.com/album/fugue-state,https://f4.bcbits.com/img/a0022249123_7.jpg,a,1599690570.80383,de,,Germany,a,$6,6.0,Fugue State,22249123.0,//vulfpeck.bandcamp.com/album/fugue-state,6.0,,Vulfpeck,USD,,6.0,,,,
1599690570.91635&//vulfpeck.bandcamp.com/album/vollmilch,https://f4.bcbits.com/img/a3987191606_7.jpg,a,1599690570.91635,de,,Germany,a,$6,6.0,Vollmilch,3987191606.0,//vulfpeck.bandcamp.com/album/vollmilch,6.0,,Vulfpeck,USD,,6.0,,,,
1599690570.95932&//vulfpeck.bandcamp.com/album/mit-peck,https://f4.bcbits.com/img/a4061558793_7.jpg,a,1599690570.9593198,de,,Germany,a,$6,6.0,Mit Peck,4061558793.0,//vulfpeck.bandcamp.com/album/mit-peck,6.0,,Vulfpeck,USD,,6.0,,,,
1599690572.78793&//zolajesus.bandcamp.com/track/soak,https://f4.bcbits.com/img/a0909856373_7.jpg,t,1599690572.78793,us,,United States,t,$2,1.0,Soak,909856373.0,//zolajesus.bandcamp.com/track/soak,2.0,,Zola Jesus,USD,Okovi,2.0,,,,
