Order_ID,Item_ID,Artist_ID,User_ID,Time_ID,Location_ID,Quantity,Gross_Rev,Bandcamp_Cut,Artist_Revenue
1599688803.5175&//girlbanddublin.bandcamp.com/album/live-at-vicar-street,ITM-3F13430D,ART-08BDE1AC,USR-103,20200909,LOC-7885444A,1,9.99,1.5,8.49
1599688805.27838&//maharettarecords.bandcamp.com/album/neurogen,ITM-54294AF1,ART-A1C6EC60,USR-436,20200909,LOC-75778BF8,1,1.3,0.2,1.1
1599688805.90646&//maharettarecords.bandcamp.com/album/the-last-snare-bender-2,ITM-FE0D85E3,ART-48DFDF52,USR-349,20200909,LOC-75778BF8,1,3.9,0.58,3.32
1599688806.94234&//alicesitski.bandcamp.com/album/white-noise-tv,ITM-9ED260E3,ART-8088FA59,USR-271,20200909,LOC-7885444A,1,12.39,1.24,11.15
1599688809.07942&//linguaignota.bandcamp.com/track/o-ruthless-great-divine-director,ITM-12EC2E40,ART-7AC5CA41,USR-107,20200909,LOC-0B3B97FA,1,1.0,0.15,0.85
1599688812.69267&//sofiefatouretchi.bandcamp.com/track/try-to-reach-me,ITM-726E7254,ART-D8C5EBED,USR-72,20200909,LOC-0B3B97FA,1,1.29,0.19,1.1
1599688813.89375&//plexitofer.bandcamp.com/album/the-new-anime-groove-collection,ITM-6D1B56EB,ART-CFEC435C,USR-189,20200909,LOC-55ADD3D8,1,1.0,0.15,0.85
1599688817.63138&//haroldbudd.bandcamp.com/album/the-white-arcades,ITM-8D6CF205,ART-1FC7E102,USR-21,20200909,LOC-5F02F088,1,6.5,0.98,5.52
1599688823.53451&//favoriterecordings.bandcamp.com/track/better-day-hard-soul-mix,ITM-E7A91EA0,ART-06D701B8,USR-103,20200909,LOC-D88FC6ED,1,2.35,0.35,2.0
1599688825.93404&//amandapalmer.bandcamp.com/track/its-a-fire,ITM-F135A1D5,ART-73D37961,USR-122,20200909,LOC-0B3B97FA,1,1.0,0.15,0.85
1599688835.15601&//thecaptaincreolecollection.bandcamp.com/album/the-ochre-demos-and-designs,ITM-E02EAF58,ART-DAA473B1,USR-467,20200909,LOC-7885444A,1,9.09,1.36,7.7299999999999995
1599688836.80575&//linguaignota.bandcamp.com/track/jolene,ITM-C2DDB5C4,ART-7AC5CA41,USR-215,20200909,LOC-0B3B97FA,1,1.0,0.15,0.85
1599688836.87656&//linguaignota.bandcamp.com/track/wicked-game,ITM-9F991FE1,ART-7AC5CA41,USR-331,20200909,LOC-0B3B97FA,1,2.99,0.45,2.54
1599688837.10089&//cookinsoul.bandcamp.com/album/larry-june-x-cookin-soul-orange-season-ep,ITM-4EE60F6B,ART-8CF2879F,USR-459,20200909,LOC-0B3B97FA,1,8.26,1.24,7.02
1599688845.11123&//kindischoffical.bandcamp.com/album/zoi-ca-prisms-ep,ITM-8738EB96,ART-28D4D412,USR-88,20200909,LOC-5435C69E,1,2.36,0.35,2.01
1599688845.11818&//stephenpaultaylor.bandcamp.com/track/shits-fucked,ITM-C16D264D,ART-29A90BF1,USR-373,20200909,LOC-0B3B97FA,1,1.99,0.3,1.69
1599688845.66974&//kindischoffical.bandcamp.com/track/death-on-the-balcony-para-ser-libre,ITM-9D2B0A7A,ART-7065C618,USR-100,20200909,LOC-5435C69E,1,2.36,0.35,2.01
1599688848.21811&//darcie.bandcamp.com/track/silence,ITM-880A7EF2,ART-777AAE29,USR-360,20200909,LOC-7885444A,1,1.3,0.2,1.1
1599688852.06918&//shellarecords.bandcamp.com/album/jamaican-fruit-of-african-roots-ep,ITM-30A9EC02,ART-CC4FA7E6,USR-152,20200909,LOC-5435C69E,1,10.0,1.5,8.5
1599688865.13856&//unreqvited-northernsilence.bandcamp.com/album/empathica,ITM-DFA096EC,ART-8F7DA2C8,USR-131,20200909,LOC-82A9E4D2,1,16.41,1.64,14.77
1599688868.46945&//plushorganics.bandcamp.com/album/dregs-in-bloom,ITM-C14D835F,ART-A9D098D4,USR-150,20200909,LOC-7885444A,1,2.0,0.3,1.7
1599688869.06688&//flasherdc.bandcamp.com/album/winnie-b-w-burn-blue-2,ITM-A51C485C,ART-81FBEAE1,USR-309,20200909,LOC-0B3B97FA,1,2.0,0.3,1.7
1599688869.28855&//flasherdc.bandcamp.com/album/s-t-ep-2,ITM-864095A0,ART-81FBEAE1,USR-258,20200909,LOC-0B3B97FA,1,7.0,1.05,5.95
1599688870.0492&//boxbedroomrebels.bandcamp.com/album/bbr-36-ciel-movement-6-track-ep,ITM-268D6EAC,ART-BDCCDD5B,USR-344,20200909,LOC-7885444A,1,7.15,0.72,6.430000000000001
1599688871.02832&//bcee.bandcamp.com/album/life-as-we-know-it,ITM-91C5BF31,ART-A7745C3F,USR-492,20200909,LOC-5F02F088,1,25.97,2.6,23.369999999999997
1599688875.25304&//fatigo.bandcamp.com/track/unruly-gentleman-bonus-track,ITM-AB6E6A67,ART-83D95028,USR-414,20200909,LOC-0B3B97FA,1,1.0,0.15,0.85
1599688875.84356&//briangrainger.bandcamp.com/album/poured-out,ITM-21C52451,ART-F592FAD5,USR-294,20200909,LOC-0B3B97FA,1,12.0,1.2,10.8
1599688875.89556&//blaublauband.bandcamp.com/album/kiss-kiss,ITM-C8719336,ART-991A6DE9,USR-386,20200909,LOC-0B3B97FA,1,5.0,0.75,4.25
1599688876.4084&//mogwai.bandcamp.com/album/2018,ITM-84DDFB34,ART-B5A275FD,USR-192,20200909,LOC-7885444A,1,12.99,1.95,11.040000000000001
1599688883.61376&//tvgirl.bandcamp.com/album/french-exit,ITM-95A77F5A,ART-09DBD3DC,USR-444,20200909,LOC-0B3B97FA,1,20.0,2.0,18.0
1599688886.70388&//ppudc.bandcamp.com/track/omae,ITM-AD5635B6,ART-376D34EF,USR-277,20200909,LOC-7885444A,1,3.0,0.45,2.55
1599688888.96698&//starsofthelid.bandcamp.com/album/per-aspera-ad-astra,ITM-9711E7A3,ART-3DC81139,USR-161,20200909,LOC-0B3B97FA,1,9.0,1.35,7.65
1599688890.68525&//nubyagarcia.bandcamp.com/album/source,ITM-810BD681,ART-ED6EAC18,USR-460,20200909,LOC-0B3B97FA,1,30.0,3.0,27.0
1599688890.96119&//ragana.bandcamp.com/merch/dark-woods-tshirt,ITM-4EA6277E,ART-C861B188,USR-314,20200909,LOC-0B3B97FA,1,15.0,1.5,13.5
1599688892.53879&//smartsworld.bandcamp.com/album/who-needs-smarts-anyway,ITM-8AE0FADB,ART-8DDF025C,USR-22,20200909,LOC-8BCC25C9,1,20.36,2.04,18.32
1599688895.10862&//shlohmo.bandcamp.com/album/heaven-inc-ep,ITM-02665B3B,ART-24DC96E3,USR-253,20200909,LOC-0B3B97FA,1,13.0,1.3,11.7
1599688905.75448&//themountaingoats.bandcamp.com/album/transcendental-youth,ITM-E940688F,ART-DFA95A98,USR-236,20200909,LOC-7885444A,1,8.0,1.2,6.8
1599688907.40035&//al3movement.bandcamp.com/album/black-ops-ep,ITM-C152FEA8,ART-7F38926E,USR-345,20200909,LOC-C582DEC9,1,200.0,30.0,170.0
1599688909.77612&//askillz.bandcamp.com/track/staying-alive-a-skillz-remix,ITM-E7D214D9,ART-40358C2B,USR-49,20200909,LOC-0B3B97FA,1,1.3,0.2,1.1
1599688910.03707&//djkmell.bandcamp.com/track/gala-freed-from-desire-summer-remix,ITM-62359886,ART-92F7D0FE,USR-475,20200909,LOC-0D149B90,1,2.36,0.35,2.01
1599688910.23003&//djkmell.bandcamp.com/track/barry-white-cant-get-enough-of-your-love-babe-kmell-re-loved-2020,ITM-E32BCF6F,ART-92F7D0FE,USR-59,20200909,LOC-0D149B90,1,3.54,0.53,3.01
1599688910.24464&//djkmell.bandcamp.com/track/kool-the-gang-straight-ahead-kmell-rework-2020,ITM-AE69DDE2,ART-92F7D0FE,USR-170,20200909,LOC-0D149B90,1,3.54,0.53,3.01
1599688910.44492&//djkmell.bandcamp.com/track/change-a-lovers-holiday-kmell-reedit-2020,ITM-42CB394F,ART-92F7D0FE,USR-476,20200909,LOC-0D149B90,1,2.36,0.35,2.01
1599688910.56721&//djkmell.bandcamp.com/track/kurtis-blow-the-breaks-kmell-remix-2020,ITM-4EF148E6,ART-92F7D0FE,USR-188,20200909,LOC-0D149B90,1,2.36,0.35,2.01
1599688910.61406&//djkmell.bandcamp.com/track/gloria-estefan-conga-kmell-re-cong-2020,ITM-25784DF4,ART-92F7D0FE,USR-464,20200909,LOC-0D149B90,1,2.95,0.44,2.5100000000000002
1599688910.72272&//djkmell.bandcamp.com/track/lisa-stanfield-the-real-thing-kmell-rework-2020,ITM-FA79F10D,ART-92F7D0FE,USR-271,20200909,LOC-0D149B90,1,2.36,0.35,2.01
1599688910.80711&//djkmell.bandcamp.com/track/kim-carnes-bettes-davis-eyes-kmell-re-tide-2020,ITM-9C60AF10,ART-92F7D0FE,USR-190,20200909,LOC-0D149B90,1,2.95,0.44,2.5100000000000002
1599688914.0554&https://music.dandywarhols.com/album/warhol-wednesday-endless-live-album,ITM-C75784F8,ART-72171BB9,USR-446,20200909,LOC-0B3B97FA,1,10.0,1.5,8.5
1599688915.653&//mandolinorange.bandcamp.com/album/austin-city-limits-live-at-the-moody-theater-3,ITM-0E07CA5E,ART-CFA2B5C4,USR-175,20200909,LOC-0B3B97FA,1,40.0,4.0,36.0
1599688916.06573&//officialastarinite.bandcamp.com/album/until-the-end-of-the-moon,ITM-27D99B9D,ART-9C79AF85,USR-446,20200909,LOC-12470FE4,1,1.0,0.15,0.85
1599688916.55951&//godcolony.bandcamp.com/track/turn-my-g-down-feat-stash-marina,ITM-A63F1018,ART-D6C7FC87,USR-51,20200909,LOC-0D149B90,1,1.95,0.29,1.66
1599688919.08886&//cratesmotelrecords.bandcamp.com/track/pat-metheenee-slip-away-conan-liquid-crates-motel-remix,ITM-83D099B1,ART-89FD9E3C,USR-364,20200909,LOC-0D149B90,1,3.12,0.47,2.6500000000000004
1599688919.17168&//alanbraufman.bandcamp.com/album/the-fire-still-burns,ITM-10D18E5C,ART-3FC1CDFB,USR-55,20200909,LOC-0B3B97FA,1,10.0,1.5,8.5
1599688919.22949&//cratesmotelrecords.bandcamp.com/track/elton-jon-are-you-ready-for-love-conan-liquid-reel-to-reel-re-re-re-edit,ITM-C52DFCA3,ART-89FD9E3C,USR-244,20200909,LOC-0D149B90,1,1.56,0.23,1.33
1599688919.3997&//cratesmotelrecords.bandcamp.com/track/jamirokwai-too-young-to-die-conan-liquid-reel-to-reel-re-re-re-edit,ITM-11CEF8E5,ART-89FD9E3C,USR-320,20200909,LOC-0D149B90,1,3.12,0.47,2.6500000000000004
1599688919.5047&//cratesmotelrecords.bandcamp.com/track/alicia-i-want-to-thank-you-conan-liquid-crates-motel-naughty-but-splice-edit,ITM-823B41B8,ART-89FD9E3C,USR-131,20200909,LOC-0D149B90,1,1.56,0.23,1.33
1599688919.93334&//cratesmotelrecords.bandcamp.com/track/jan-jacksun-when-i-think-of-you-conan-liquid-reel-to-reel-re-re-re-edit,ITM-AE412F76,ART-89FD9E3C,USR-485,20200909,LOC-0D149B90,1,1.56,0.23,1.33
1599688924.0009&//dieorakel.bandcamp.com/track/big-cabin,ITM-679BA506,ART-7EEF34D0,USR-307,20200909,LOC-D88FC6ED,1,3.54,0.53,3.01
1599688925.07075&//chrisgs1.bandcamp.com/track/the-power-chris-gs-edit,ITM-F51EA8E7,ART-9DEB1288,USR-135,20200909,LOC-0D149B90,1,8.26,1.24,7.02
1599688925.18235&//chrisgs1.bandcamp.com/track/bim-sala-bim-chris-gs-edit,ITM-70BA588F,ART-9DEB1288,USR-21,20200909,LOC-0D149B90,1,8.26,1.24,7.02
1599688925.31333&//chrisgs1.bandcamp.com/track/mirage-chris-gs-edit,ITM-91D9DD79,ART-9DEB1288,USR-329,20200909,LOC-0D149B90,1,10.62,1.59,9.03
1599688925.39068&//chrisgs1.bandcamp.com/track/the-captain-of-her-heart-chris-gs-edit,ITM-79122029,ART-9DEB1288,USR-167,20200909,LOC-0D149B90,1,23.6,3.54,20.060000000000002
1599688925.39795&//chuwanaga.bandcamp.com/merch/in-the-red-vol-1-2-vinyl-bundle,ITM-0196CED0,ART-63735DAE,USR-274,20200909,LOC-7885444A,1,35.41,3.54,31.869999999999997
1599688925.4526&//chrisgs1.bandcamp.com/track/electrica-salsa-chris-gs-edit,ITM-53DE4ECF,ART-9DEB1288,USR-388,20200909,LOC-0D149B90,1,7.67,1.15,6.52
1599688925.54091&//chrisgs1.bandcamp.com/track/what-a-wonderful-world-chris-gs-edit,ITM-B3619463,ART-9DEB1288,USR-89,20200909,LOC-0D149B90,1,2.95,0.44,2.5100000000000002
1599688925.8862&//chrisgs1.bandcamp.com/track/ring-my-bell-chris-gs-edit,ITM-CDA39D8C,ART-9DEB1288,USR-316,20200909,LOC-0D149B90,1,9.44,1.42,8.02
1599688925.92374&//chrisgs1.bandcamp.com/track/its-a-shame-chris-gs-edit,ITM-3573E26F,ART-9DEB1288,USR-14,20200909,LOC-0D149B90,1,2.36,0.35,2.01
1599688925.92418&//chrisgs1.bandcamp.com/track/dont-send-me-away-chris-gs-edit,ITM-F00060E3,ART-9DEB1288,USR-242,20200909,LOC-0D149B90,1,23.6,3.54,20.060000000000002
1599688925.99716&//chrisgs1.bandcamp.com/track/seed-20-chris-gs-edit,ITM-1723D0B4,ART-9DEB1288,USR-265,20200909,LOC-0D149B90,1,8.26,1.24,7.02
1599688926.394&//loveallday.bandcamp.com/album/chimes,ITM-B1B21447,ART-066F2EF8,USR-346,20200909,LOC-7885444A,1,5.0,0.75,4.25
1599688926.61447&//thewhiteswan.bandcamp.com/merch/limited-edition-gold-sparkle-baseball-t,ITM-AD585195,ART-82E7A1AB,USR-53,20200909,LOC-5435C69E,1,25.0,2.5,22.5
1599688926.84906&//thewhiteswan.bandcamp.com/merch/limited-edition-gold-sparkle-baseball-t,ITM-AD585195,ART-82E7A1AB,USR-386,20200909,LOC-5435C69E,1,25.0,2.5,22.5
1599688928.27319&//creepoutjapan.bandcamp.com/album/svvines-and-heretics,ITM-1D3B2D04,ART-6CC45D8F,USR-340,20200909,LOC-5F02F088,1,6.59,0.99,5.6
1599688929.14511&//petrola80.bandcamp.com/track/low-b4,ITM-178FC14A,ART-E1B97CBD,USR-92,20200909,LOC-D88FC6ED,1,2.36,0.35,2.01
1599688929.85596&//librarytapes.bandcamp.com/track/by-fields-i,ITM-B0C10F55,ART-A941BD69,USR-367,20200909,LOC-0B3B97FA,1,1.18,0.18,1.0
1599688930.87041&//soundsofthedawn.bandcamp.com/track/moon-lush,ITM-F3FEF121,ART-FA5ADFF4,USR-444,20200909,LOC-7885444A,1,1.0,0.15,0.85
1599688931.59097&//andavald.bandcamp.com/album/undir-skygg-arhaldi,ITM-59AEC67E,ART-27E4CAB0,USR-455,20200909,LOC-8BCC25C9,1,1.0,0.15,0.85
1599688932.13327&//kmouta.bandcamp.com/track/jade-dont-walk-away-k-mouta-edit,ITM-9F1D3F25,ART-611A6628,USR-428,20200909,LOC-0D149B90,1,1.18,0.18,1.0
1599688932.1488&//kmouta.bandcamp.com/track/michael-jackson-paul-maccartney-the-girl-is-mine-k-mouta-edit,ITM-27FDBB6A,ART-611A6628,USR-264,20200909,LOC-0D149B90,1,1.59,0.24,1.35
1599688932.65871&//kmouta.bandcamp.com/track/stereophonics-maybe-tomorrow-k-mouta-edit,ITM-0AE12720,ART-611A6628,USR-431,20200909,LOC-0D149B90,1,1.18,0.18,1.0
1599688932.68529&//kmouta.bandcamp.com/track/the-weeknd-blinding-lights-k-mouta-bossa-edit,ITM-79F77832,ART-611A6628,USR-35,20200909,LOC-0D149B90,1,1.59,0.24,1.35
1599688932.79666&//kmouta.bandcamp.com/track/sting-englishman-in-new-york-k-mouta-edit,ITM-D734AFCE,ART-611A6628,USR-206,20200909,LOC-0D149B90,1,1.48,0.22,1.26
1599688932.92204&//kmouta.bandcamp.com/track/osibisa-sunshine-day-k-mouta-edit,ITM-6BEEEE34,ART-611A6628,USR-81,20200909,LOC-0D149B90,1,1.59,0.24,1.35
1599688934.42047&//isthisrealityorjustadream.bandcamp.com/track/naufrage-mental-mix,ITM-95C111B2,ART-653E40CB,USR-420,20200909,LOC-D88FC6ED,1,1.77,0.27,1.5
1599688934.62363&//theconfinementtapes.bandcamp.com/album/confinement-release6,ITM-ECE2EA6F,ART-0670A13A,USR-50,20200909,LOC-7885444A,1,0.97,0.15,0.82
1599688934.90753&//isthisrealityorjustadream.bandcamp.com/track/recovery,ITM-D8AFBC54,ART-653E40CB,USR-360,20200909,LOC-D88FC6ED,1,1.77,0.27,1.5
1599688936.23161&//vill4in.bandcamp.com/track/immersion,ITM-EAF488B5,ART-074C5A6B,USR-388,20200909,LOC-7885444A,1,1.0,0.15,0.85
1599688937.18373&//tvgirl.bandcamp.com/album/french-exit,ITM-95A77F5A,ART-09DBD3DC,USR-2,20200909,LOC-0B3B97FA,1,20.0,2.0,18.0
1599688937.96573&//kaizengameworks.bandcamp.com/album/paradise-killer-original-soundtrack,ITM-383B8628,ART-ABBEE0C5,USR-390,20200909,LOC-0B3B97FA,1,11.68,1.75,9.93
1599688939.4145&//junctionrecords.bandcamp.com/track/hide-seek-aqxdm-remix,ITM-F7F52E3D,ART-70103038,USR-54,20200909,LOC-D88FC6ED,1,1.77,0.27,1.5
1599688942.11742&//lionmilk.bandcamp.com/track/being,ITM-3F4CEDE6,ART-506FF520,USR-106,20200909,LOC-7885444A,1,2.0,0.3,1.7
1599688943.361&//ajjtheband.bandcamp.com/album/people-who-can-eat-people-are-the-luckiest-people-in-the-world,ITM-9C34D24F,ART-BF6ABD77,USR-260,20200909,LOC-0B3B97FA,1,6.66,1.0,5.66
1599688943.79336&//feveram.bandcamp.com/track/tykaepyzo,ITM-E089A11B,ART-F7121D68,USR-310,20200909,LOC-D88FC6ED,1,2.07,0.31,1.7599999999999998
1599688944.1287&//bbemusic.bandcamp.com/track/days-like-this-spinna-ticklah-club-mix,ITM-9AC277D3,ART-F9535C59,USR-477,20200909,LOC-7885444A,1,1.95,0.29,1.66
1599688948.3735&//triprecords.bandcamp.com/track/headache-vs-corona,ITM-C66A4E96,ART-6937F02D,USR-191,20200909,LOC-D88FC6ED,1,1.77,0.27,1.5
1599688948.66233&//xoth.bandcamp.com/merch/green-embroidered-xoth-logo-patch,ITM-11F831D7,ART-B53A7172,USR-402,20200909,LOC-0B3B97FA,1,6.0,0.6,5.4
1599688948.75424&//astronautsetc.bandcamp.com/album/gestures,ITM-9E1F4342,ART-C218D7ED,USR-218,20200909,LOC-7885444A,1,7.0,1.05,5.95
1599688949.0035&//thedeepseadiver.bandcamp.com/album/impossible-weight,ITM-F9ED5E8E,ART-51C718C5,USR-44,20200909,LOC-0B3B97FA,1,25.0,2.5,22.5
1599688949.28085&//chongomusic.bandcamp.com/album/sonic-headrush,ITM-4A9326C2,ART-9BB4BFB9,USR-162,20200909,LOC-0B3B97FA,1,10.0,1.5,8.5
1599688950.73086&//chromeo.bandcamp.com/merch/solidarity-with-beirut-tote-bag,ITM-EBD5B6AF,ART-BA597EB0,USR-202,20200909,LOC-0B3B97FA,1,20.0,2.0,18.0
1599688953.27327&//thehorrorsquad.bandcamp.com/album/dudes-night-horror-squad-split-7,ITM-0376B372,ART-9FA33426,USR-446,20200909,LOC-0B3B97FA,1,5.0,0.75,4.25
1599688953.69928&//nostrohoodsystem.bandcamp.com/track/yau-manifold-lithe-remix,ITM-23063EF5,ART-F299F4F1,USR-484,20200909,LOC-D88FC6ED,1,1.3,0.2,1.1
1599688954.03643&//yialmelicfrequencies.bandcamp.com/album/play-ponds,ITM-9CC42F51,ART-41DB4E72,USR-270,20200909,LOC-7885444A,1,2.5,0.38,2.12
1599688954.95258&//mndsgn.bandcamp.com/album/forever-in-your-sun,ITM-746B767D,ART-9BD687F7,USR-351,20200909,LOC-7885444A,1,5.0,0.75,4.25
1599688958.27048&//roguecuts.bandcamp.com/track/matthew-laundro-cave-level-galtiers-excavation,ITM-C4909F55,ART-97366F2A,USR-304,20200909,LOC-D88FC6ED,1,0.73,0.11,0.62
1599688959.70542&//mandolinorange.bandcamp.com/album/austin-city-limits-live-at-the-moody-theater-3,ITM-0E07CA5E,ART-CFA2B5C4,USR-271,20200909,LOC-0B3B97FA,1,40.0,4.0,36.0
1599688960.96537&//tuluumshimmering.bandcamp.com/album/happiness-is-drumming-fire-on-the-mountain-jam,ITM-2B6900A1,ART-20BECDEE,USR-456,20200909,LOC-7885444A,1,2.6,0.39,2.21
1599688965.65115&//fabioorsi.bandcamp.com/album/di-lumi-e-chiarori-2,ITM-7D149A2D,ART-7314934F,USR-462,20200909,LOC-7885444A,1,30.69,3.07,27.62
1599688967.19653&//bellalune.bandcamp.com,ITM-3505C370,ART-8627395E,USR-215,20200909,LOC-0B3B97FA,1,29.0,4.35,24.65
1599688970.88247&//kevinrichardmartin.bandcamp.com/album/its-time,ITM-D73D6B56,ART-B64F9480,USR-252,20200909,LOC-1A13105B,1,7.08,1.06,6.02
1599688972.27601&//assemblage23.bandcamp.com/album/mourn,ITM-695ECAAB,ART-10311DF5,USR-190,20200909,LOC-0B3B97FA,1,11.0,1.65,9.35
1599688973.947&//desertinme.bandcamp.com/album/all-in-the-desert,ITM-84F047F2,ART-BBFB94FA,USR-296,20200909,LOC-D692BC40,1,10.0,1.5,8.5
1599688979.27293&//humanbydefault.bandcamp.com/track/fairouz-li-beirut-bedouin-2020-tribute-rework,ITM-D5ACE40C,ART-B9500F36,USR-213,20200909,LOC-D692BC40,1,2.6,0.39,2.21
1599688981.88568&//sleepsinatra1.bandcamp.com/album/voodoo-kit,ITM-AA64C292,ART-D2EF3589,USR-208,20200909,LOC-0B3B97FA,1,10.0,1.5,8.5
1599688988.97836&//yokoo.bandcamp.com/album/transition-ep,ITM-FFE5FD54,ART-9F575892,USR-237,20200909,LOC-D692BC40,1,7.08,1.06,6.02
1599688990.05138&//nguzunguzu1.bandcamp.com/album/stimulus,ITM-4BF2C506,ART-46BB189D,USR-338,20200909,LOC-82A9E4D2,1,5.0,0.75,4.25
1599688992.72267&//unleashthearchers.bandcamp.com/album/abyss,ITM-F658CB76,ART-C94686BB,USR-367,20200909,LOC-5F02F088,1,12.99,1.95,11.040000000000001
1599688993.19354&//mlesprg.bandcamp.com/album/water-memory-mount-vision,ITM-505298B4,ART-7504FD8B,USR-53,20200909,LOC-0B3B97FA,1,12.0,1.8,10.2
1599688996.38066&//musicanamorph.bandcamp.com/track/the-crazy-and-the-fool,ITM-0746BD53,ART-B316514C,USR-280,20200909,LOC-161747EC,1,3.54,0.53,3.01
1599689001.06407&//malachi-music.bandcamp.com/track/everybody-wants-to-be,ITM-C9A00378,ART-B4A204F0,USR-410,20200909,LOC-DC634E20,1,1.69,0.25,1.44
1599689004.44718&//somosmusic.bandcamp.com/album/all-u-need-2-know,ITM-C636FDD2,ART-A9F8690D,USR-217,20200909,LOC-0B3B97FA,1,2.0,0.3,1.7
1599689007.1828&//btkmetal.bandcamp.com/album/bind-torture-kill,ITM-A0CC8171,ART-06B9638E,USR-252,20200909,LOC-0B3B97FA,1,1.18,0.18,1.0
1599689007.30135&//btkmetal.bandcamp.com/album/visc-res,ITM-2240C755,ART-06B9638E,USR-188,20200909,LOC-0B3B97FA,1,5.9,0.88,5.0200000000000005
1599689007.32468&//btkmetal.bandcamp.com/album/condamn,ITM-26AD7493,ART-A0CC8171,USR-380,20200909,LOC-0B3B97FA,1,4.72,0.71,4.01
1599689011.65185&//shirleycollins.bandcamp.com/album/hearts-ease,ITM-C47BE9F3,ART-3AB2D081,USR-493,20200909,LOC-7885444A,1,9.99,1.5,8.49
1599689017.76879&//deadpirates.bandcamp.com/album/highmare,ITM-2B07EB44,ART-DE181B83,USR-41,20200909,LOC-0B3B97FA,1,9.09,1.36,7.7299999999999995
1599689018.56031&//macadammambo.bandcamp.com/album/mmlp909-eva-geist-desf-n,ITM-233724C5,ART-139C423E,USR-157,20200909,LOC-82A9E4D2,1,17.71,1.77,15.940000000000001
1599689018.74139&//macadammambo.bandcamp.com/album/mmx808-the-farmers-toss-your-salat,ITM-07840153,ART-F13D2886,USR-15,20200909,LOC-82A9E4D2,1,9.44,0.94,8.5
1599689019.32941&//djswisha.bandcamp.com/album/nothing-but-net,ITM-D770F355,ART-04A6B7D3,USR-301,20200909,LOC-0B3B97FA,1,5.0,0.75,4.25
1599689023.81408&//samgoya.bandcamp.com/track/expresso,ITM-5D2B27D2,ART-5C97CFE0,USR-65,20200909,LOC-161747EC,1,2.95,0.44,2.5100000000000002
1599689024.72853&//shreder.bandcamp.com/album/split,ITM-8A9E64D8,ART-36357C55,USR-345,20200909,LOC-82A9E4D2,1,4.72,0.71,4.01
1599689033.02348&//bossbattlerecords.bandcamp.com/album/no-straight-roads-original-soundtrack,ITM-2FC9ADF9,ART-9E208DF5,USR-327,20200909,LOC-0B3B97FA,1,15.0,2.25,12.75
1599689034.28691&//tvgirl.bandcamp.com/album/french-exit,ITM-95A77F5A,ART-09DBD3DC,USR-9,20200909,LOC-82A9E4D2,1,20.0,2.0,18.0
1599689038.39351&//8205.bandcamp.com/album/mega-city-2-spice,ITM-84FB1706,ART-9FA8C926,USR-344,20200909,LOC-0B3B97FA,1,3.25,0.49,2.76
1599689044.85914&//dubmusik2.bandcamp.com/track/lock-87,ITM-565CD7A1,ART-2CE66097,USR-129,20200909,LOC-161747EC,1,2.95,0.44,2.5100000000000002
1599689049.3344&//nashvillecovers.bandcamp.com/album/live-at-the-bluebird-a-nashville-the-tv-show-covers-compilation,ITM-AEF944EA,ART-49A92700,USR-492,20200909,LOC-0B3B97FA,1,2.0,0.3,1.7
1599689050.4279&//leoshannon.bandcamp.com/album/most-high-thing,ITM-B7934E6F,ART-7D5623E6,USR-136,20200909,LOC-0B3B97FA,1,10.0,1.5,8.5
1599689054.05059&//evergreen2.bandcamp.com/track/final-fantasy-vi-dancing-mad-symphonic-arrange,ITM-56C6D47D,ART-13722E4E,USR-472,20200909,LOC-5435C69E,1,2.0,0.3,1.7
1599689056.38288&//therealselfhood.bandcamp.com/album/free-for-all,ITM-A5DE226E,ART-6EAD97BD,USR-63,20200909,LOC-0B3B97FA,1,0.65,0.1,0.55
1599689056.62163&//kingmost.bandcamp.com/album/pancakes-sequel,ITM-55F7F5D6,ART-3DC7F023,USR-139,20200909,LOC-0B3B97FA,1,7.0,1.05,5.95
1599689059.6626&//vanishingtwinmusic.bandcamp.com/album/cryonic-suspension-may-save-your-life-extended-life-version-who-wants-to-live-forever,ITM-F4EE90CE,ART-53FDC40B,USR-499,20200909,LOC-5F02F088,1,12.99,1.3,11.69
1599689059.85809&//bedouine.bandcamp.com/track/thirteen,ITM-C9C15D36,ART-A5B7EBAB,USR-81,20200909,LOC-0B3B97FA,1,1.75,0.26,1.49
1599689064.50447&//bottombracketil.bandcamp.com/album/i-dont-care-enough-to-stay,ITM-0EDB6988,ART-5C264CD9,USR-392,20200909,LOC-0B3B97FA,1,6.0,0.9,5.1
1599689067.42577&//hyvmine.bandcamp.com,ITM-8A4F207B,ART-2827EFA3,USR-163,20200909,LOC-0B3B97FA,1,10.0,1.5,8.5
1599689069.76853&//zorajones.bandcamp.com/album/ten-billion-angels,ITM-08D83F9F,ART-29506A1C,USR-419,20200909,LOC-82A9E4D2,1,10.0,1.5,8.5
1599689072.92474&//garlabanklubmuzikk.bandcamp.com/album/gkm-vol-01,ITM-ACC1E9A1,ART-6ECE027E,USR-289,20200909,LOC-5F02F088,1,0.59,0.09,0.5
1599689075.70923&//djnativesun.bandcamp.com/album/refix-szn-vol-3,ITM-C210BE08,ART-A3F16708,USR-379,20200909,LOC-0B3B97FA,1,3.0,0.45,2.55
1599689082.74557&//sakerecords.bandcamp.com/track/men-i-trust-lauren-oden-fatzo-edit,ITM-B2BFCB79,ART-9EC3D71B,USR-261,20200909,LOC-82A9E4D2,1,0.59,0.09,0.5
1599689085.02912&//garefowl.bandcamp.com/album/cliffs,ITM-1EFFDC17,ART-A072C9D9,USR-490,20200909,LOC-7885444A,1,15.59,1.56,14.03
1599689086.71194&//mandolinorange.bandcamp.com/album/austin-city-limits-live-at-the-moody-theater-3,ITM-0E07CA5E,ART-CFA2B5C4,USR-231,20200909,LOC-0B3B97FA,1,50.0,5.0,45.0
1599689088.84021&//sc-oneofficial.bandcamp.com/album/the-millennial-edits,ITM-39B8826B,ART-8237D94B,USR-41,20200909,LOC-0B3B97FA,1,11.0,1.65,9.35
1599689089.91432&//mandolinorange.bandcamp.com/album/austin-city-limits-live-at-the-moody-theater-3,ITM-0E07CA5E,ART-CFA2B5C4,USR-28,20200909,LOC-0B3B97FA,1,40.0,4.0,36.0
1599689092.33621&//keithgrave.bandcamp.com/album/shielded-by-death-vol-1-busted-at-the-lit,ITM-B98F208E,ART-F22794F6,USR-135,20200909,LOC-0B3B97FA,1,7.0,1.05,5.95
1599689098.07826&//notebookrecordsjp.bandcamp.com/track/red-rize-revo-remixed-by-cranky,ITM-264236B2,ART-BAE7C793,USR-201,20200909,LOC-8BCC25C9,1,3.76,0.56,3.1999999999999997
1599689098.10403&//notebookrecordsjp.bandcamp.com/track/julianize,ITM-9CE652D0,ART-BAE7C793,USR-328,20200909,LOC-8BCC25C9,1,1.88,0.28,1.5999999999999999
1599689098.86729&//oslated.bandcamp.com/track/general-noise-iii-saphileaums-3rd-sky-digital-only,ITM-C0F8E7E7,ART-7401C1F2,USR-268,20200909,LOC-82A9E4D2,1,1.5,0.22,1.28
1599689098.90941&//notebookrecordsjp.bandcamp.com/track/shc-xtc-feat-ddnakatametal,ITM-21D2FF8E,ART-BAE7C793,USR-418,20200909,LOC-8BCC25C9,1,1.88,0.28,1.5999999999999999
1599689101.91671&//mandolinorange.bandcamp.com/album/austin-city-limits-live-at-the-moody-theater-3,ITM-0E07CA5E,ART-CFA2B5C4,USR-33,20200909,LOC-0B3B97FA,1,40.0,4.0,36.0
1599689102.57742&//jaymiesilk.bandcamp.com/album/from-the-club-to-the-bedroom,ITM-6A0AC9D5,ART-7A927349,USR-48,20200909,LOC-0B3B97FA,1,11.79,1.77,10.02
1599689104.25366&//lowless.bandcamp.com/album/rhizome-03-part-1,ITM-367B4C2C,ART-0486C50B,USR-407,20200909,LOC-82A9E4D2,1,7.08,1.06,6.02
1599689104.67512&//dragonseyerecordings.bandcamp.com/album/spiral,ITM-C978545A,ART-963C9BC5,USR-62,20200909,LOC-8BCC25C9,1,8.5,1.27,7.23
1599689107.04942&//necrot.bandcamp.com/merch/demongram-face-mask,ITM-EDD6FF72,ART-349DA9D2,USR-216,20200909,LOC-0B3B97FA,1,10.0,1.0,9.0
1599689107.77421&//necrot.bandcamp.com/album/mortal,ITM-F1591B95,ART-349DA9D2,USR-293,20200909,LOC-0B3B97FA,1,14.99,1.5,13.49
1599689107.81083&//necrot.bandcamp.com/merch/mortal-coffin-patch,ITM-4F9FF0DA,ART-349DA9D2,USR-99,20200909,LOC-0B3B97FA,1,7.99,0.8,7.19
1599689108.27886&//patronusrecords.bandcamp.com/track/ravenroll,ITM-31AE916E,ART-DC07AC4D,USR-172,20200909,LOC-82A9E4D2,1,1.77,0.27,1.5
1599689108.98852&//tsuioku-circuit.bandcamp.com/album/final-v9-wav,ITM-1CCD798A,ART-7230EA46,USR-360,20200909,LOC-82A9E4D2,1,9.41,1.41,8.0
1599689109.30958&//voida.bandcamp.com/album/dekada,ITM-15B00B29,ART-4C614198,USR-214,20200909,LOC-0B3B97FA,1,10.0,1.5,8.5
1599689111.75951&//alfamist.bandcamp.com/track/keep-on,ITM-FCA0E2D1,ART-89806A1D,USR-475,20200909,LOC-0B3B97FA,1,2.6,0.39,2.21
1599689114.65605&//aristide17.bandcamp.com/track/baiana-rave-mix,ITM-A8E060FF,ART-942FAEEB,USR-35,20200909,LOC-82A9E4D2,1,1.18,0.18,1.0
1599689122.57402&//fkymusic.bandcamp.com/album/offroad-01,ITM-905248E0,ART-93B90736,USR-449,20200909,LOC-82A9E4D2,1,3.54,0.53,3.01
1599689126.65249&//europeancarryall.bandcamp.com/track/mariner-99-mix,ITM-56B94E82,ART-178EA9D4,USR-227,20200909,LOC-28840420,1,2.36,0.35,2.01
1599689126.94966&//officialastarinite.bandcamp.com/album/until-the-end-of-the-moon,ITM-27D99B9D,ART-9C79AF85,USR-101,20200909,LOC-DC634E20,1,1.0,0.15,0.85
1599689133.35644&//emmythegreat.bandcamp.com/album/april,ITM-1EFFDC17,ART-FFFD84C9,USR-431,20200909,LOC-7885444A,1,12.99,1.3,11.69
1599689134.18046&https://suitoflights.com,ITM-8A4F207B,ART-26EB33DF,USR-462,20200909,LOC-0B3B97FA,1,6.75,1.01,5.74
1599689135.55967&//alanbraufman.bandcamp.com/album/the-fire-still-burns,ITM-EF127FC6,ART-3FC1CDFB,USR-131,20200909,LOC-0B3B97FA,1,22.0,2.2,19.8
1599689137.47954&//khruangbin.bandcamp.com/album/con-todo-el-mundo-n-s-america-edition,ITM-E052C3A8,ART-2068511C,USR-257,20200909,LOC-5435C69E,1,12.99,1.3,11.69
1599689140.77816&//karkhana.bandcamp.com/album/bitter-balls,ITM-36F8B481,ART-0B1E7871,USR-5,20200909,LOC-7D0DB380,1,9.0,1.35,7.65
1599689141.38231&//plamen.bandcamp.com/album/--4,ITM-0253499D,ART-58CBF2EE,USR-218,20200909,LOC-89484B14,1,7.29,1.09,6.2
1599689141.74232&//shlohmo.bandcamp.com/album/heaven-inc-ep,ITM-02665B3B,ART-24DC96E3,USR-255,20200909,LOC-0B3B97FA,1,13.0,1.3,11.7
1599689147.75504&//simonposford.bandcamp.com/album/flux-contemplation-portrait-of-an-artist-in-isolation,ITM-750E8954,ART-EBB7FDBA,USR-398,20200909,LOC-0B3B97FA,1,10.39,1.56,8.83
1599689149.03059&//flumo.bandcamp.com/album/fltd015-cosmic-echoes,ITM-0EC33E2E,ART-64C57997,USR-359,20200909,LOC-7885444A,1,12.97,1.3,11.67
1599689149.88396&//mandolinorange.bandcamp.com/album/austin-city-limits-live-at-the-moody-theater-3,ITM-0E07CA5E,ART-CFA2B5C4,USR-283,20200909,LOC-5435C69E,1,40.0,4.0,36.0
1599689150.0411&//homicidrecords.bandcamp.com/track/basswell-breakbeat,ITM-9070C1AE,ART-6F6A28DE,USR-393,20200909,LOC-5F02F088,1,1.77,0.27,1.5
1599689151.23797&//turboknight.bandcamp.com/track/neuromancer,ITM-6029BF62,ART-AD69E052,USR-207,20200909,LOC-5435C69E,1,0.59,0.09,0.5
1599689153.51084&//technopsis.bandcamp.com/merch/pre-order-anti-commercial-sounds-t-shirt-reload,ITM-17BC74B4,ART-A940DE94,USR-15,20200909,LOC-7885444A,1,23.61,2.36,21.25
1599689156.10531&//viqmusic.bandcamp.com/track/illusion,ITM-B89D6BD4,ART-43A301C2,USR-346,20200909,LOC-5435C69E,1,0.59,0.09,0.5
1599689158.81777&//mephiskapheles.bandcamp.com,ITM-06AA23F3,ART-07CD6E6D,USR-42,20200909,LOC-0B3B97FA,1,14.4,2.16,12.24
1599689159.03262&//sergeantthunderhoof.bandcamp.com/album/delicate-sound-of-thunderhoof,ITM-342E02E3,ART-83F45D01,USR-380,20200909,LOC-7885444A,1,28.58,2.86,25.72
1599689159.6534&//sonarkollektiv.bandcamp.com/track/take-the-fall-feat-pete-josef,ITM-C2CD43CC,ART-DFB625D7,USR-461,20200909,LOC-5F02F088,1,1.18,0.18,1.0
1599689159.87274&//mungoshifi.bandcamp.com/album/soul-radio,ITM-9D015845,ART-019AE7EC,USR-179,20200909,LOC-12470FE4,1,10.39,1.56,8.83
1599689161.57523&//krosia.bandcamp.com/track/last-horizon,ITM-B92863CE,ART-F21C2E07,USR-63,20200909,LOC-5435C69E,1,1.18,0.18,1.0
1599689161.85659&//krosia.bandcamp.com/track/viq-krosia-fragments,ITM-C27F3805,ART-F21C2E07,USR-352,20200909,LOC-5435C69E,1,1.18,0.18,1.0
1599689162.68012&//renatazeiguer.bandcamp.com/album/faraway-business,ITM-491E27B1,ART-A00E8F7F,USR-231,20200909,LOC-7D0DB380,1,4.0,0.6,3.4
1599689164.25813&//tropicalfstorm.bandcamp.com/album/legal-ghost-heaven,ITM-07EC4682,ART-D74BD0B0,USR-241,20200909,LOC-0B3B97FA,1,5.0,0.75,4.25
1599689167.11833&//durbatuluk.bandcamp.com/album/aus-anderen-augen,ITM-9ED260E3,ART-AFA882AC,USR-52,20200909,LOC-7FA3B767,1,5.31,0.53,4.779999999999999
1599689169.95306&//bellows.bandcamp.com/album/fist-palm,ITM-E03CDBB5,ART-C8243B04,USR-96,20200909,LOC-0B3B97FA,1,17.0,1.7,15.3
1599689170.49418&//cosmicpintglass.bandcamp.com/track/clouds-over-canigou-m-zaika-remix,ITM-C7151C31,ART-CDADC358,USR-388,20200909,LOC-1A13105B,1,1.3,0.2,1.1
1599689170.71212&//badbadnotgood.bandcamp.com/album/sour-soul-instrumentals,ITM-9142D160,ART-547594EB,USR-222,20200909,LOC-0B3B97FA,1,9.09,1.36,7.7299999999999995
1599689174.63439&//jaydiggs.bandcamp.com/track/w-a-p-funk,ITM-DAEF2B14,ART-0AF3F923,USR-485,20200909,LOC-0B3B97FA,1,0.69,0.1,0.59
1599689177.94025&//hauntthenation.bandcamp.com/album/flashback,ITM-BBD1505A,ART-7B01289C,USR-407,20200909,LOC-5F02F088,1,12.0,1.2,10.8
1599689178.19544&//relapsealumni.bandcamp.com/album/times-of-grace,ITM-F09B12A7,ART-C9D09457,USR-231,20200909,LOC-5435C69E,1,12.0,1.2,10.8
1599689178.23861&//badtimerecords.bandcamp.com/album/ska-against-racism,ITM-19F805A2,ART-35FC5629,USR-237,20200909,LOC-0B3B97FA,1,2.0,0.3,1.7
1599689182.04145&//ellenorvora.bandcamp.com/track/crafted,ITM-F0961A5A,ART-5C05B61F,USR-143,20200909,LOC-0D149B90,1,2.36,0.35,2.01
1599689182.4824&//ellenorvora.bandcamp.com/album/all-the-shards,ITM-1086A5B5,ART-5C05B61F,USR-171,20200909,LOC-0D149B90,1,9.44,1.42,8.02
1599689182.52771&//ellenorvora.bandcamp.com/track/my-own-bed,ITM-4DC0987C,ART-5C05B61F,USR-29,20200909,LOC-0D149B90,1,2.36,0.35,2.01
1599689183.80819&//honestjonsrecords.bandcamp.com/album/wireless,ITM-7BEFF197,ART-06A2ADBA,USR-36,20200909,LOC-7D0DB380,1,5.2,0.78,4.42
1599689185.22682&//blackvalley.bandcamp.com/album/awaken-from-slumber,ITM-63A05F5F,ART-7AF7CEAC,USR-13,20200909,LOC-0B3B97FA,1,5.7,0.86,4.84
1599689187.20807&//bedouine.bandcamp.com/track/thirteen,ITM-C9C15D36,ART-A5B7EBAB,USR-160,20200909,LOC-0B3B97FA,1,1.0,0.15,0.85
1599689189.89849&//vonder.bandcamp.com/album/forlorn,ITM-205D98D2,ART-067852DE,USR-327,20200909,LOC-0D149B90,1,4.72,0.71,4.01
1599689190.24719&//mansurbrown2.bandcamp.com/album/tesuto,ITM-0222B190,ART-191F4DDB,USR-187,20200909,LOC-7885444A,1,6.48,0.97,5.510000000000001
1599689190.71953&//denguedenguedengue.bandcamp.com/album/fiebre,ITM-763DDF5D,ART-6F0BEE0A,USR-243,20200909,LOC-1A13105B,1,17.71,1.77,15.940000000000001
1599689194.59134&//palissade.bandcamp.com/album/palissade,ITM-70A431E2,ART-70A431E2,USR-86,20200909,LOC-0D149B90,1,5.32,0.8,4.5200000000000005
1599689199.53004&//bitcevskypark.bandcamp.com/album/temno-i-strashno,ITM-ADA5FF78,ART-FF09D6EE,USR-284,20200909,LOC-0D149B90,1,7.0,1.05,5.95
1599689200.88505&//tvgirl.bandcamp.com/album/french-exit,ITM-95A77F5A,ART-09DBD3DC,USR-66,20200909,LOC-0B3B97FA,1,25.0,2.5,22.5
1599689201.09654&//mandolinorange.bandcamp.com/album/austin-city-limits-live-at-the-moody-theater-3,ITM-0E07CA5E,ART-CFA2B5C4,USR-170,20200909,LOC-0B3B97FA,1,40.0,4.0,36.0
1599689204.81327&//utmusic.bandcamp.com/album/in-guts-house-2,ITM-03A82B82,ART-51DE5514,USR-45,20200909,LOC-0B3B97FA,1,10.39,1.56,8.83
1599689205.68186&//htrk.bandcamp.com/album/real-headfuck-reverse-d-j-vu,ITM-7859F844,ART-A43C8284,USR-62,20200909,LOC-0D149B90,1,2.91,0.44,2.47
1599689206.93813&//wavinghandsrecords.bandcamp.com/album/la-historia-de-tu-alma-7,ITM-6656D1CA,ART-ACF4D43D,USR-441,20200909,LOC-82A9E4D2,1,11.8,1.18,10.620000000000001
1599689209.8999&//acidtestrecords.bandcamp.com/album/ociya-powers-of-ten,ITM-F9D089AF,ART-2A1D334B,USR-134,20200909,LOC-0B3B97FA,1,11.8,1.77,10.030000000000001
1599689211.63427&//blackmarble.bandcamp.com/album/bigger-than-life,ITM-503FA092,ART-C987224B,USR-284,20200909,LOC-0D149B90,1,10.0,1.5,8.5
1599689212.26663&//curtkennedy.bandcamp.com/album/feelosophy,ITM-394605DA,ART-9D2D762A,USR-28,20200909,LOC-0B3B97FA,1,10.0,1.5,8.5
1599689214.76262&//tommoulton.bandcamp.com/album/tom-moultons-philadelphia-unreleased-mixes,ITM-1A8B5024,ART-45349265,USR-108,20200909,LOC-0B3B97FA,1,20.0,3.0,17.0
1599689217.02147&//solveigmatthildur.bandcamp.com/track/window,ITM-C89686A3,ART-5F4D44EF,USR-44,20200909,LOC-0D149B90,1,1.5,0.22,1.28
1599689217.12778&//theoraclebones.bandcamp.com/merch/oracle-bones-64-kua-t-shirt-white-w-black-print,ITM-6B76F36D,ART-7ABF5E27,USR-340,20200909,LOC-1A13105B,1,23.61,2.36,21.25
1599689217.62916&//catbeatsofficial.bandcamp.com/album/night-chill,ITM-1B45C35C,ART-BC7BB6B8,USR-286,20200909,LOC-0B3B97FA,1,5.25,0.52,4.73
1599689217.70969&//solveigmatthildur.bandcamp.com/track/politician-of-love,ITM-9FDB03C8,ART-5F4D44EF,USR-446,20200909,LOC-0D149B90,1,1.5,0.22,1.28
1599689217.81316&//solveigmatthildur.bandcamp.com/track/last-date,ITM-D5508548,ART-5F4D44EF,USR-331,20200909,LOC-0D149B90,1,1.5,0.22,1.28
1599689222.45443&//mandolinorange.bandcamp.com/album/austin-city-limits-live-at-the-moody-theater-3,ITM-0E07CA5E,ART-CFA2B5C4,USR-128,20200909,LOC-0B3B97FA,1,40.0,4.0,36.0
1599689223.96776&//waronwomen.bandcamp.com/album/capture-the-flag,ITM-03D45F77,ART-F04FAF80,USR-348,20200909,LOC-0B3B97FA,1,9.0,1.35,7.65
1599689225.37141&//ugress.bandcamp.com/track/he-is-my-listener,ITM-324526E5,ART-03B68C66,USR-473,20200909,LOC-5F02F088,1,1.18,0.18,1.0
1599689227.92958&//thestarkillerstn.bandcamp.com/album/american-blues,ITM-B7685152,ART-B0627198,USR-231,20200909,LOC-7885444A,1,5.0,0.75,4.25
1599689229.96883&//emdr.bandcamp.com/album/emdr-a-five-ep-compilation,ITM-96926202,ART-C781E33E,USR-190,20200909,LOC-0B3B97FA,1,20.0,3.0,17.0
1599689230.88078&//sweepingpromises.bandcamp.com/album/hunger-for-a-way-out,ITM-19AADE09,ART-355067CA,USR-225,20200909,LOC-0B3B97FA,1,10.0,1.5,8.5
1599689231.42743&//mandolinorange.bandcamp.com/album/austin-city-limits-live-at-the-moody-theater-3,ITM-0E07CA5E,ART-CFA2B5C4,USR-385,20200909,LOC-0B3B97FA,1,40.0,4.0,36.0
1599689232.60499&//mandolinorange.bandcamp.com/album/austin-city-limits-live-at-the-moody-theater-3,ITM-0E07CA5E,ART-CFA2B5C4,USR-377,20200909,LOC-0B3B97FA,1,40.0,4.0,36.0
1599689233.13933&//mandolinorange.bandcamp.com/album/austin-city-limits-live-at-the-moody-theater-3,ITM-0E07CA5E,ART-CFA2B5C4,USR-283,20200909,LOC-0B3B97FA,1,40.0,4.0,36.0
1599689239.01064&//naturalelectronicsystem.bandcamp.com/album/mantis-02,ITM-DAA0585B,ART-C5E1927F,USR-446,20200909,LOC-7885444A,1,4.72,0.71,4.01
1599689242.10315&//eluize.bandcamp.com/track/suspended,ITM-8BF90683,ART-2D925FE2,USR-121,20200909,LOC-9C049173,1,1.89,0.28,1.6099999999999999
1599689245.8833&//invt.bandcamp.com/track/l-o,ITM-79F331C0,ART-3D6872E7,USR-116,20200909,LOC-7885444A,1,3.05,0.46,2.59
1599689246.04034&//amandapalmer.bandcamp.com/track/its-a-fire,ITM-F135A1D5,ART-73D37961,USR-461,20200909,LOC-8BCC25C9,1,1.0,0.15,0.85
1599689246.22081&//mandolinorange.bandcamp.com/album/austin-city-limits-live-at-the-moody-theater-3,ITM-0E07CA5E,ART-CFA2B5C4,USR-233,20200909,LOC-7885444A,1,40.0,4.0,36.0
1599689247.61083&//soma-records.bandcamp.com/track/capture,ITM-44A50F07,ART-6E8E2595,USR-259,20200909,LOC-82A9E4D2,1,1.95,0.29,1.66
1599689248.68632&//clubjoya.bandcamp.com/track/moloch,ITM-F398345C,ART-D5AD8153,USR-359,20200909,LOC-0B3B97FA,1,1.0,0.15,0.85
1599689249.34138&//visionrecordings.bandcamp.com/track/nagow-with-buunshin,ITM-013122A2,ART-1E2F314A,USR-198,20200909,LOC-0B3B97FA,1,2.36,0.35,2.01
1599689250.82517&//hakunakulala.bandcamp.com/album/walah,ITM-7E10C780,ART-FACC20EA,USR-456,20200909,LOC-7885444A,1,2.36,0.35,2.01
1599689250.96711&//throughloverec.bandcamp.com/album/eremit,ITM-1578D489,ART-6B37A976,USR-411,20200909,LOC-5F02F088,1,21.25,2.12,19.13
1599689251.09228&//badtimerecords.bandcamp.com/album/ska-against-racism,ITM-19F805A2,ART-35FC5629,USR-137,20200909,LOC-8BCC25C9,1,4.0,0.6,3.4
1599689255.1378&//digitalizedplanetb.bandcamp.com/track/spaceship-solaris-xb3-e-gzr-progressive-909-dub,ITM-7427F30C,ART-1911925A,USR-318,20200909,LOC-7885444A,1,2.36,0.35,2.01
1599689257.28759&//crobotmuzik.bandcamp.com/album/robodroid-the-darkness-is-coming-ep,ITM-126F5467,ART-3C459A10,USR-165,20200909,LOC-0BA64A0D,1,0.65,0.1,0.55
1599689257.55556&//mindspringmusic.bandcamp.com/track/highland-valley,ITM-54443500,ART-B04E8AFD,USR-225,20200909,LOC-7885444A,1,1.5,0.22,1.28
1599689258.79509&//capitalkaos.bandcamp.com/track/talk-about-our-love-capital-kaos-get-me-up-vogue-mix,ITM-41025387,ART-4C532B4E,USR-307,20200909,LOC-0B3B97FA,1,3.0,0.45,2.55
1599689260.07895&//moanrec.bandcamp.com/album/moan-pres-milan-minimal-deep-tech-sample-pack,ITM-5F8C4B48,ART-5C67692F,USR-234,20200909,LOC-0D149B90,1,19.48,2.92,16.560000000000002
1599689262.64609&//radicaldreamland.bandcamp.com/album/celeste-original-soundtrack,ITM-6F6C4F4D,ART-8335D5C4,USR-172,20200909,LOC-0B3B97FA,1,12.0,1.2,10.8
1599689264.38933&//prieurlandry.bandcamp.com/album/prieur-landry-2,ITM-CA1E3636,ART-CA1E3636,USR-152,20200909,LOC-5435C69E,1,7.6,1.14,6.46
1599689266.06736&//howielee.bandcamp.com/album/socialism-core-value-ii,ITM-F32865CD,ART-0B04B56E,USR-463,20200909,LOC-0BA64A0D,1,1.0,0.15,0.85
1599689266.23161&//d-styles.bandcamp.com/album/noises-in-the-right-order,ITM-D1137DB9,ART-20A08774,USR-315,20200909,LOC-1A13105B,1,10.0,1.5,8.5
1599689266.77593&//mikrokosmos.bandcamp.com/album/in-the-heart-of-the-home,ITM-24EB1BF9,ART-6BE3F6A3,USR-374,20200909,LOC-7885444A,1,0.97,0.15,0.82
1599689269.59373&//jackievenson.bandcamp.com/merch/modern-earrings-made-from-jackies-used-guitar-strings,ITM-C01E438F,ART-58BFE7ED,USR-160,20200909,LOC-0B3B97FA,1,29.0,2.9,26.1
1599689271.07767&//kikagakumoyo.bandcamp.com/album/forest-of-lost-children,ITM-13A1241E,ART-92C1C59D,USR-96,20200909,LOC-0B3B97FA,1,20.0,2.0,18.0
1599689271.44871&//tvgirl.bandcamp.com/album/french-exit,ITM-95A77F5A,ART-09DBD3DC,USR-472,20200909,LOC-0B3B97FA,1,25.0,2.5,22.5
1599689272.38057&//archivio01.bandcamp.com/track/connection,ITM-C2CC7082,ART-CC80D249,USR-233,20200909,LOC-82A9E4D2,1,1.42,0.21,1.21
1599689274.51811&//cremagames.bandcamp.com/album/temtem-up,ITM-5E1B4DB4,ART-C30546B7,USR-180,20200909,LOC-0B3B97FA,1,1.18,0.18,1.0
1599689277.02171&//ripplemusic.bandcamp.com/album/mental-nudge,ITM-2E89FF17,ART-BDFBA937,USR-113,20200909,LOC-0B3B97FA,1,10.0,1.0,9.0
1599689277.57243&//cmpbld.bandcamp.com/merch/camp-blood-logo-t-shirt,ITM-05A1FE7E,ART-0610D729,USR-318,20200909,LOC-0B3B97FA,1,15.69,1.57,14.12
1599689277.88788&//samshackleton.bandcamp.com/album/primal-forms,ITM-5060E594,ART-579D665B,USR-497,20200909,LOC-1A13105B,1,7.08,1.06,6.02
1599689290.47371&//felipefelino.bandcamp.com/track/sim,ITM-CBB5486E,ART-70878BCC,USR-442,20200909,LOC-0B3B97FA,1,2.0,0.3,1.7
1599689290.90809&//picazhoven.bandcamp.com/album/doom-na-kraji-lesa,ITM-A49529AB,ART-2D05630D,USR-52,20200909,LOC-9C049173,1,0.89,0.13,0.76
1599689294.80985&//peterwalkeerecords.bandcamp.com/album/simon-lebron-monster-manual,ITM-8962CC6B,ART-137E53B7,USR-268,20200909,LOC-0B3B97FA,1,5.0,0.75,4.25
1599689295.30825&//fieldmedic.bandcamp.com/album/fade-into-the-dawn,ITM-5CEA3D73,ART-624229CB,USR-295,20200909,LOC-0B3B97FA,1,20.0,2.0,18.0
1599689297.47378&//fidde.bandcamp.com/track/fidde-i-wonder-if-you-know-dreams,ITM-5B7BC4A7,ART-55FB0B9A,USR-386,20200909,LOC-7885444A,1,1.42,0.21,1.21
1599689299.75698&//point7.bandcamp.com/track/space-formula,ITM-4EEFD9CB,ART-E16ED45C,USR-387,20200909,LOC-7885444A,1,1.3,0.2,1.1
1599689303.84248&//mandolinorange.bandcamp.com/album/austin-city-limits-live-at-the-moody-theater-3,ITM-0E07CA5E,ART-CFA2B5C4,USR-113,20200909,LOC-0B3B97FA,1,40.0,4.0,36.0
1599689306.81966&//pictureplane.bandcamp.com/album/slit-red-bird-throat,ITM-04284F32,ART-945125C1,USR-101,20200909,LOC-0B3B97FA,1,5.0,0.75,4.25
1599689307.7065&//betinaquest.bandcamp.com/track/ikangure,ITM-177FF514,ART-21C10A85,USR-113,20200909,LOC-5F02F088,1,1.18,0.18,1.0
1599689308.74854&//hospitalrecords.bandcamp.com/track/two-mics-feat-missing,ITM-D0ECE04F,ART-AC4E4A6D,USR-440,20200909,LOC-0D149B90,1,1.3,0.2,1.1
1599689313.73916&//singwithmi.bandcamp.com/album/stay-tuned,ITM-344C1C6F,ART-7F0944A8,USR-81,20200909,LOC-5435C69E,1,7.6,1.14,6.46
1599689313.75726&//jtholen.bandcamp.com/album/hypnospace-outlaw-ost-vol-1,ITM-0158229A,ART-96C1B810,USR-187,20200909,LOC-0B3B97FA,1,6.0,0.9,5.1
1599689313.76627&//meadowargus.bandcamp.com/album/phosphenes-vol-1-re-structure,ITM-1AE61FD9,ART-CC3A63FE,USR-113,20200909,LOC-8BCC25C9,1,5.09,0.76,4.33
1599689314.72696&//jeremiahcymerman.bandcamp.com/track/transmigration-from-soil-to-soil,ITM-F1D5F436,ART-6BCAAF28,USR-2,20200909,LOC-8BCC25C9,1,10.0,1.5,8.5
1599689314.92574&//bluetech.bandcamp.com/album/underwater-cities,ITM-C09AD586,ART-5DAF1661,USR-130,20200909,LOC-82A9E4D2,1,6.0,0.9,5.1
1599689314.99856&//selfcutbangs.bandcamp.com/album/self-cut-bangs,ITM-2DCD0D9D,ART-2DCD0D9D,USR-220,20200909,LOC-5435C69E,1,0.76,0.11,0.65
1599689315.33626&//cults.bandcamp.com/album/offering,ITM-BF11F487,ART-5B92D093,USR-54,20200909,LOC-0B3B97FA,1,6.5,0.65,5.85
1599689315.80654&//sebamanos.bandcamp.com/track/reflect,ITM-74DE3E45,ART-1CF75EA8,USR-343,20200909,LOC-0D149B90,1,2.36,0.35,2.01
1599689317.46477&//pusher-indicate.bandcamp.com/track/triple-vision,ITM-FCCA0FA6,ART-FE03F17F,USR-485,20200909,LOC-25400724,1,2.07,0.31,1.7599999999999998
1599689321.00751&//domandroland.bandcamp.com/track/tundra,ITM-C63E2BF2,ART-7AA47BBB,USR-224,20200909,LOC-0D149B90,1,2.6,0.39,2.21
1599689321.94178&https://music.dandywarhols.com/album/warhol-wednesday-endless-live-album,ITM-C75784F8,ART-72171BB9,USR-225,20200909,LOC-0B3B97FA,1,15.0,2.25,12.75
1599689324.50205&//vocallective.bandcamp.com,ITM-0B8C0C1B,ART-30831385,USR-385,20200909,LOC-0B3B97FA,1,0.5,0.08,0.42
1599689325.10565&//tvgirl.bandcamp.com/album/french-exit,ITM-95A77F5A,ART-09DBD3DC,USR-403,20200909,LOC-0B3B97FA,1,20.0,2.0,18.0
1599689326.30611&//precipices.bandcamp.com/album/lent-l-chie-du-malheur,ITM-32693EB8,ART-E28B7D27,USR-126,20200909,LOC-5435C69E,1,3.8,0.38,3.42
1599689326.91894&//2020ldnrecordings.bandcamp.com/track/rickety-cricket-mad-zach-remix,ITM-7F965BAC,ART-1DBE8380,USR-130,20200909,LOC-0D149B90,1,1.3,0.2,1.1
1599689327.69191&//cormorant.bandcamp.com/album/dwellings,ITM-7BC2854A,ART-F314BEC4,USR-53,20200909,LOC-0B3B97FA,1,9.0,0.9,8.1
1599689329.17877&//katavasia.bandcamp.com/album/magnus-venator,ITM-5AB91617,ART-36C5E025,USR-172,20200909,LOC-0B3B97FA,1,8.26,1.24,7.02
1599689330.70654&//metalheadz.bandcamp.com/track/outer-origins,ITM-7E0F4B49,ART-5CD2ADC9,USR-218,20200909,LOC-0D149B90,1,3.9,0.58,3.32
1599689332.13615&//mandolinorange.bandcamp.com/album/austin-city-limits-live-at-the-moody-theater-3,ITM-0E07CA5E,ART-CFA2B5C4,USR-160,20200909,LOC-0B3B97FA,1,40.0,4.0,36.0
1599689332.81342&//badtimerecords.bandcamp.com/album/ska-against-racism,ITM-19F805A2,ART-35FC5629,USR-198,20200909,LOC-0B3B97FA,1,3.0,0.45,2.55
1599689334.22243&//octave1.bandcamp.com/track/telepopmusik-dont-look-back-octave-edit,ITM-F29DCEB8,ART-1A30C5D3,USR-416,20200909,LOC-18BD9197,1,0.3,0.04,0.26
1599689337.4886&//sofasoundbristol.bandcamp.com/track/thematic-mutation-2,ITM-B4D92D5E,ART-50710216,USR-247,20200909,LOC-0D149B90,1,2.6,0.39,2.21
1599689337.77548&//dumdumgirls.bandcamp.com/track/red-sun,ITM-E786951C,ART-507066F0,USR-324,20200909,LOC-5F02F088,1,1.0,0.15,0.85
1599689337.87557&//dumdumgirls.bandcamp.com/album/coming-down,ITM-69E7DC79,ART-082A60DD,USR-439,20200909,LOC-5F02F088,1,2.0,0.3,1.7
1599689349.68138&//interceptingpattern.bandcamp.com/album/the-encounter-morphed,ITM-3AF766F2,ART-226AE6A7,USR-203,20200909,LOC-0B3B97FA,1,8.26,1.24,7.02
1599689351.21734&//washedout.bandcamp.com/merch/paracosm-cream-t-shirt,ITM-677B830F,ART-2720ABD3,USR-184,20200909,LOC-0B3B97FA,1,15.0,1.5,13.5
1599689354.56625&//mandolinorange.bandcamp.com/album/austin-city-limits-live-at-the-moody-theater-3,ITM-0E07CA5E,ART-CFA2B5C4,USR-123,20200909,LOC-0B3B97FA,1,40.0,4.0,36.0
1599689361.70524&//spiraltrax.bandcamp.com/album/nerso-middle-mode-deep-blue-hippy-cat-remix-spit219-spiral-trax,ITM-75190C26,ART-97070758,USR-401,20200909,LOC-8BCC25C9,1,1.18,0.18,1.0
1599689364.71928&//harpsona.bandcamp.com/track/breathe,ITM-0D9B0A3B,ART-DDD8C1C9,USR-255,20200909,LOC-EFAD7ABB,1,2.0,0.3,1.7
1599689368.0495&//lukeabbottmusic.bandcamp.com/album/translate,ITM-DECCBE4E,ART-46CEEE11,USR-294,20200909,LOC-0B3B97FA,1,10.39,1.56,8.83
1599689371.51994&//manticora.bandcamp.com/album/to-live-to-kill-to-live,ITM-77513449,ART-7971F8DD,USR-280,20200909,LOC-0B3B97FA,1,11.8,1.77,10.030000000000001
1599689371.70909&//jenswartout.bandcamp.com/album/again,ITM-13DB2D9F,ART-6D820992,USR-325,20200909,LOC-0B3B97FA,1,20.0,3.0,17.0
1599689377.28613&//humanbydefault.bandcamp.com/track/fairouz-li-beirut-bedouin-2020-tribute-rework,ITM-D5ACE40C,ART-B9500F36,USR-372,20200909,LOC-C582DEC9,1,2.6,0.39,2.21
1599689377.29925&//sichtexot.bandcamp.com/track/kauf,ITM-AB306503,ART-D775ECF8,USR-98,20200909,LOC-5F02F088,1,1.18,0.18,1.0
1599689378.68729&//lobec.bandcamp.com/track/5am-nostalgia,ITM-5F33A1E4,ART-3B295B93,USR-198,20200909,LOC-EFAD7ABB,1,1.95,0.29,1.66
1599689382.65534&//battlelore.bandcamp.com/album/doombound,ITM-9623DCB7,ART-5FE85CA0,USR-470,20200909,LOC-0B3B97FA,1,11.8,1.18,10.620000000000001
1599689385.55698&//georgianettleton.bandcamp.com/album/danny-boy-instrumental-harmony-sheet-music-for-fiddle-duet-or-trio,ITM-D396E6D9,ART-5DAE231E,USR-395,20200909,LOC-0B3B97FA,1,1.95,0.29,1.66
1599689385.88882&//mandolinorange.bandcamp.com/album/austin-city-limits-live-at-the-moody-theater-3,ITM-0E07CA5E,ART-CFA2B5C4,USR-240,20200909,LOC-0B3B97FA,1,40.0,4.0,36.0
1599689393.49685&//seventhsounds.bandcamp.com,ITM-28225299,ART-12E67AAC,USR-144,20200909,LOC-7885444A,1,34.5,5.18,29.32
1599689396.40578&//aesoprock.bandcamp.com/album/spirit-world-field-guide,ITM-E7F497DB,ART-EC49A94B,USR-97,20200909,LOC-0B3B97FA,1,10.0,1.5,8.5
1599689396.56923&//djudju2.bandcamp.com/track/wurk,ITM-CA6556D2,ART-885F5DD8,USR-201,20200909,LOC-5435C69E,1,1.0,0.15,0.85
1599689398.68366&//blackbirdraum.bandcamp.com/merch/dill-witch-shirt,ITM-8DFDC328,ART-A86EA2FD,USR-124,20200909,LOC-0B3B97FA,1,15.0,1.5,13.5
1599689401.16271&//jennylapp.bandcamp.com/album/lake-demos,ITM-7EDA2373,ART-FB6FC6D4,USR-187,20200909,LOC-0B3B97FA,1,19.0,2.85,16.15
1599689402.77114&//lomelda.bandcamp.com/album/hannah,ITM-CEE6A913,ART-C5CC70AD,USR-326,20200909,LOC-0B3B97FA,1,20.0,2.0,18.0
1599689404.25306&//aqeelaadam.bandcamp.com/album/hollow-moon,ITM-6F6C4F4D,ART-B5088905,USR-464,20200909,LOC-0B3B97FA,1,1.0,0.1,0.9
1599689412.81443&//trepanationrecordings.bandcamp.com/album/trepanned-volume-one,ITM-B184B08E,ART-0486C50B,USR-349,20200909,LOC-0B3B97FA,1,25.98,2.6,23.38
1599689412.82562&//panosigma.bandcamp.com/track/fox-the-fox-precious-little-diamond-panosigma-edit,ITM-2D9D71B1,ART-832CF551,USR-259,20200909,LOC-7885444A,1,1.42,0.21,1.21
1599689413.6571&//necrot.bandcamp.com/album/mortal,ITM-AD759615,ART-349DA9D2,USR-148,20200909,LOC-5435C69E,1,6.99,1.05,5.94
1599689417.4399&//against-all-logic.bandcamp.com/track/now-u-got-me-hooked,ITM-46846737,ART-B8E0DB11,USR-252,20200909,LOC-5F02F088,1,1.0,0.15,0.85
1599689419.28014&//icube.bandcamp.com/track/gastro-funk,ITM-57AAC663,ART-98D0A54F,USR-443,20200909,LOC-0D149B90,1,1.77,0.27,1.5
1599689420.02582&//badtimerecords.bandcamp.com/album/ska-against-racism,ITM-19F805A2,ART-35FC5629,USR-420,20200909,LOC-0B3B97FA,1,1.0,0.15,0.85
1599689422.21014&//officialastarinite.bandcamp.com/album/stereo-waltz,ITM-BF64611E,ART-9C79AF85,USR-403,20200909,LOC-12470FE4,1,7.0,1.05,5.95
1599689424.44711&//bienvenuerecordings.bandcamp.com/album/city-of-dreams,ITM-AD20331E,ART-02E19A9A,USR-346,20200909,LOC-5435C69E,1,6.08,0.91,5.17
1599689428.49323&//joeyweisenberg.bandcamp.com/album/nigunim-vol-vii-songs-of-ascent,ITM-8CD85024,ART-19FF8F43,USR-451,20200909,LOC-0B3B97FA,1,10.0,1.5,8.5
1599689430.17932&//smartsworld.bandcamp.com/album/who-needs-smarts-anyway,ITM-8AE0FADB,ART-8DDF025C,USR-147,20200909,LOC-8BCC25C9,1,20.36,2.04,18.32
1599689431.67637&//denguedenguedengue.bandcamp.com/album/fiebre,ITM-196A5FE6,ART-6F0BEE0A,USR-148,20200909,LOC-0B3B97FA,1,7.01,1.05,5.96
1599689436.13067&//mandolinorange.bandcamp.com/album/austin-city-limits-live-at-the-moody-theater-3,ITM-0E07CA5E,ART-CFA2B5C4,USR-352,20200909,LOC-0B3B97FA,1,40.0,4.0,36.0
1599689436.67323&//mandolinorange.bandcamp.com/album/austin-city-limits-live-at-the-moody-theater-3,ITM-0E07CA5E,ART-CFA2B5C4,USR-199,20200909,LOC-0B3B97FA,1,40.0,4.0,36.0
1599689436.67812&//opolopo.bandcamp.com/album/the-grit,ITM-A863BD8A,ART-DD176114,USR-308,20200909,LOC-0B3B97FA,1,6.5,0.98,5.52
1599689439.12652&//kaizengameworks.bandcamp.com/album/paradise-killer-original-soundtrack,ITM-383B8628,ART-ABBEE0C5,USR-489,20200909,LOC-0B3B97FA,1,11.69,1.75,9.94
1599689440.16727&//marcelosahea.bandcamp.com/album/plet-rax,ITM-D11156D0,ART-345ACBA5,USR-417,20200909,LOC-FC9FDF08,1,17.71,2.66,15.05
1599689442.59536&//wldv.bandcamp.com/track/the-residents-diskomo-wldv-edit,ITM-548A5D94,ART-09BEFEAD,USR-424,20200909,LOC-0B3B97FA,1,1.18,0.18,1.0
1599689446.02337&//nyp-records.bandcamp.com/album/global-riddims-volume-3,ITM-94DC7A77,ART-F931E32A,USR-128,20200909,LOC-7885444A,1,1.18,0.18,1.0
1599689446.14577&//actress.bandcamp.com/album/karma-desire,ITM-6D753BBA,ART-3A51B9F8,USR-39,20200909,LOC-0B3B97FA,1,31.18,3.12,28.06
1599689447.82598&//summerlesskeep.bandcamp.com/album/the-illithid-demo,ITM-B2C05EE6,ART-28780C21,USR-338,20200909,LOC-0B3B97FA,1,3.0,0.45,2.55
1599689447.82985&//seanschafianski.bandcamp.com/album/breath-of-fire-iii-remastered-tracks,ITM-0E8AFEC1,ART-06D9470D,USR-360,20200909,LOC-0B3B97FA,1,10.0,1.5,8.5
1599689448.15451&//ufohawaii.bandcamp.com/album/the-residents-resifted,ITM-92B7898D,ART-60435D42,USR-129,20200909,LOC-0B3B97FA,1,1.18,0.18,1.0
1599689452.24103&//kaizengameworks.bandcamp.com/album/paradise-killer-original-soundtrack,ITM-383B8628,ART-ABBEE0C5,USR-267,20200909,LOC-7885444A,1,12.99,1.95,11.040000000000001
1599689452.84851&//secretrecords.bandcamp.com/album/new-bobuck-hardy-fox-nineteen-sixty-seven-2017-solo-residents-sr24,ITM-CF4E4D15,ART-9828C235,USR-476,20200909,LOC-0B3B97FA,1,8.0,1.2,6.8
1599689452.89285&//rankatan.bandcamp.com/track/billie-eilish-ilomilo-ran-katan-remix,ITM-8CA6A514,ART-8BE63877,USR-441,20200909,LOC-7885444A,1,1.45,0.22,1.23
1599689453.38891&//graz.bandcamp.com/merch/partyline-tee,ITM-94896DB2,ART-CA7668A0,USR-473,20200909,LOC-0B3B97FA,1,30.0,3.0,27.0
1599689453.52673&//graz.bandcamp.com/merch/plz-rave-from-home-tee-pre-order,ITM-CB53B9E1,ART-CA7668A0,USR-434,20200909,LOC-0B3B97FA,1,30.0,3.0,27.0
1599689453.68843&//graz.bandcamp.com/merch/plz-rave-from-home-swag-bag,ITM-EF5F4389,ART-CA7668A0,USR-151,20200909,LOC-0B3B97FA,1,25.0,2.5,22.5
1599689455.15705&//badtimerecords.bandcamp.com/album/ska-against-racism,ITM-19F805A2,ART-35FC5629,USR-415,20200909,LOC-0B3B97FA,1,10.0,1.5,8.5
1599689458.39188&//mandolinorange.bandcamp.com/album/austin-city-limits-live-at-the-moody-theater-3,ITM-0E07CA5E,ART-CFA2B5C4,USR-478,20200909,LOC-0B3B97FA,1,40.0,4.0,36.0
1599689459.73061&//mixcult.bandcamp.com/album/a-cosmic-dreams,ITM-5179BE53,ART-DA6A729E,USR-298,20200909,LOC-0B3B97FA,1,4.72,0.71,4.01
1599689459.92406&//tsuioku-circuit.bandcamp.com/album/scarlet-system,ITM-1D1F4B97,ART-7230EA46,USR-99,20200909,LOC-82A9E4D2,1,1.88,0.28,1.5999999999999999
1599689461.87535&//nostoppingepoch.bandcamp.com/album/encounters,ITM-89FAA524,ART-D5D00ABE,USR-263,20200909,LOC-0B3B97FA,1,3.9,0.58,3.32
1599689463.16579&//blackbirdraum.bandcamp.com/album/swidden,ITM-4DE1E462,ART-A86EA2FD,USR-252,20200909,LOC-0B3B97FA,1,8.0,0.8,7.2
1599689469.03199&//flexxseal.bandcamp.com/track/leaving-ringworld,ITM-6C289937,ART-A008865B,USR-144,20200909,LOC-AE417185,1,1.77,0.27,1.5
1599689470.19877&//sweettime.bandcamp.com/merch/sweet-time-vinyl-bundle,ITM-37B32EC4,ART-D015DAF7,USR-346,20200909,LOC-0B3B97FA,1,20.0,2.0,18.0
1599689470.64402&//sweettime.bandcamp.com/album/sweet-time-rnr-comp,ITM-A0147F22,ART-D015DAF7,USR-112,20200909,LOC-0B3B97FA,1,20.0,2.0,18.0
1599689475.45516&//bluehour909.bandcamp.com/track/front-d-dan-remix-2,ITM-BD99D415,ART-E560DC5C,USR-60,20200909,LOC-AE417185,1,1.77,0.27,1.5
1599689477.76496&//elpeche.bandcamp.com,ITM-96986E37,ART-FCE01768,USR-369,20200909,LOC-DC634E20,1,9.0,1.35,7.65
1599689479.06784&//smooveturrell.bandcamp.com/album/it-aint-working-remixes,ITM-146DC98C,ART-F66C6545,USR-2,20200909,LOC-5F02F088,1,1.95,0.29,1.66
1599689479.13413&//smooveturrell.bandcamp.com/album/elgin-towers-remixes,ITM-31ACFF3C,ART-F66C6545,USR-385,20200909,LOC-5F02F088,1,1.95,0.29,1.66
1599689479.34237&//eisel.bandcamp.com/album/take-care,ITM-7F2E9BBE,ART-E7024CF5,USR-304,20200909,LOC-0B3B97FA,1,100.0,15.0,85.0
1599689481.61133&//mandolinorange.bandcamp.com/album/austin-city-limits-live-at-the-moody-theater-3,ITM-0E07CA5E,ART-CFA2B5C4,USR-254,20200909,LOC-0B3B97FA,1,40.0,4.0,36.0
1599689484.36049&//bedouine.bandcamp.com/track/thirteen,ITM-C9C15D36,ART-A5B7EBAB,USR-140,20200909,LOC-0B3B97FA,1,1.0,0.15,0.85
1599689484.68714&//allthemwitches.bandcamp.com/album/nothing-as-the-ideal,ITM-595EB011,ART-9707F439,USR-453,20200909,LOC-0B3B97FA,1,10.0,1.5,8.5
1599689485.54488&//goatprayerrecords.bandcamp.com/album/seven-inches-of-hell-the-complete-collection,ITM-4606B746,ART-3C1A838F,USR-37,20200909,LOC-7885444A,1,20.79,2.08,18.71
1599689489.53559&//ebalunga.bandcamp.com/album/dreams,ITM-A1AF6991,ART-E18C4A6A,USR-160,20200909,LOC-EFAD7ABB,1,8.26,1.24,7.02
1599689490.51418&//tvgirl.bandcamp.com/album/french-exit,ITM-95A77F5A,ART-09DBD3DC,USR-9,20200909,LOC-0B3B97FA,1,20.0,2.0,18.0
1599689491.86108&//totalementsublime.bandcamp.com/album/totalement-sublime,ITM-B522BE68,ART-E28B52A9,USR-233,20200909,LOC-5435C69E,1,15.19,1.52,13.67
1599689493.39404&//gaborszabo.bandcamp.com/album/1969,ITM-4D855669,ART-E18C4A6A,USR-99,20200909,LOC-EFAD7ABB,1,10.0,1.5,8.5
1599689497.11598&//coastalhaze.bandcamp.com/album/international-wafter,ITM-DC969C31,ART-2F0713AC,USR-147,20200909,LOC-0B3B97FA,1,5.2,0.78,4.42
1599689499.64127&//astarinitengp.bandcamp.com/album/here-lies,ITM-4BFBFE6E,ART-9C79AF85,USR-304,20200909,LOC-12470FE4,1,8.0,1.2,6.8
1599689500.25632&//dillydally.bandcamp.com/track/gender-role,ITM-9506DAB8,ART-512CFF83,USR-208,20200909,LOC-0B3B97FA,1,1.52,0.23,1.29
1599689501.81891&https://music.dandywarhols.com/album/warhol-wednesday-endless-live-album,ITM-C75784F8,ART-72171BB9,USR-131,20200909,LOC-8BCC25C9,1,10.0,1.5,8.5
1599689501.87879&//keller-label.bandcamp.com/album/metalacid,ITM-C2023176,ART-37AF8919,USR-404,20200909,LOC-5F02F088,1,7.08,1.06,6.02
1599689503.58957&//zealandardor.bandcamp.com/album/wake-of-a-nation-ep,ITM-8E843553,ART-4DF35725,USR-152,20200909,LOC-0B3B97FA,1,19.49,1.95,17.54
1599689506.11547&//blastrecords.bandcamp.com/album/25-7,ITM-3904AE84,ART-1D01C419,USR-54,20200909,LOC-0B3B97FA,1,17.71,2.66,15.05
1599689506.17009&//blastrecords.bandcamp.com/album/daily-dose,ITM-DD90520C,ART-0C4B2EE0,USR-120,20200909,LOC-0B3B97FA,1,17.71,2.66,15.05
1599689506.30001&//blastrecords.bandcamp.com/album/highko-selective-mood,ITM-8E1A7212,ART-1464EC2D,USR-161,20200909,LOC-0B3B97FA,1,4.72,0.71,4.01
1599689506.73195&//wettuna.bandcamp.com/album/eaud-to-a-fake-bookie-vol-2,ITM-8FE6289E,ART-34350A1A,USR-408,20200909,LOC-0B3B97FA,1,11.0,1.65,9.35
1599689506.74432&//blastrecords.bandcamp.com/album/highko-2nd-dose,ITM-7A2B621C,ART-0C4B2EE0,USR-116,20200909,LOC-0B3B97FA,1,17.71,2.66,15.05
1599689508.00021&//leonvynehall.bandcamp.com/album/nothing-is-still,ITM-26D413D6,ART-EE5DA88A,USR-75,20200909,LOC-7885444A,1,22.09,2.21,19.88
1599689508.10583&//laptitefumee.bandcamp.com/album/la-ptite-fum-e-thunderbird,ITM-00F14797,ART-884E9F10,USR-113,20200909,LOC-82A9E4D2,1,12.98,1.95,11.030000000000001
1599689508.36825&//lascafeteras.bandcamp.com/merch/no-fronteras-tee-black,ITM-40312240,ART-09B201F4,USR-456,20200909,LOC-0B3B97FA,1,30.0,3.0,27.0
1599689517.07574&//themissionuk.bandcamp.com/album/resurrection-best-of,ITM-9D52CFEF,ART-25D813BA,USR-420,20200909,LOC-910955A9,1,7.0,1.05,5.95
1599689517.46026&//40ozrecords.bandcamp.com/album/swopom-ep,ITM-6F3F167A,ART-54C33362,USR-422,20200909,LOC-0B3B97FA,1,5.0,0.75,4.25
1599689518.70236&//jaydiggs.bandcamp.com/track/w-a-p-funk,ITM-DAEF2B14,ART-0AF3F923,USR-104,20200909,LOC-0B3B97FA,1,2.0,0.3,1.7
1599689521.81642&//dappytkeys.bandcamp.com/track/rest-3,ITM-55276C10,ART-362EA7F9,USR-340,20200909,LOC-0B3B97FA,1,2.29,0.34,1.95
1599689523.49616&//rupertoxlade.bandcamp.com/album/in-return-2,ITM-3B08DCAB,ART-AF1651B0,USR-254,20200909,LOC-7885444A,1,9.09,1.36,7.7299999999999995
1599689524.04575&//xozmusic.bandcamp.com/album/xoz004-fifth-force,ITM-75D9EA3D,ART-D9F3EC02,USR-227,20200909,LOC-0D149B90,1,5.9,0.88,5.0200000000000005
1599689524.05773&//xozmusic.bandcamp.com/track/h-ggur,ITM-EA221A43,ART-941D0A20,USR-112,20200909,LOC-0D149B90,1,1.77,0.27,1.5
1599689524.23059&//tallblackguy.bandcamp.com/album/tall-black-guy-x-craig-mack-flavor-in-ya-ear-remix,ITM-EF74947D,ART-977AB935,USR-473,20200909,LOC-5F02F088,1,2.6,0.39,2.21
1599689524.27879&//xozmusic.bandcamp.com/track/slurp-gurken-marinn,ITM-7BF0CD4E,ART-5133BB97,USR-99,20200909,LOC-0D149B90,1,5.31,0.8,4.51
1599689524.69084&//xozmusic.bandcamp.com/track/confusion,ITM-54894E44,ART-7D7824BE,USR-153,20200909,LOC-0D149B90,1,1.77,0.27,1.5
1599689526.14523&//sonormusiceditions.bandcamp.com/album/il-dio-sotto-la-pelle-ost,ITM-9B939355,ART-A60E32E4,USR-349,20200909,LOC-0D149B90,1,35.41,3.54,31.869999999999997
1599689526.39627&//bslade.bandcamp.com/album/the-london-letters,ITM-4EF81462,ART-E1827CA0,USR-402,20200909,LOC-0B3B97FA,1,20.0,3.0,17.0
1599689526.55218&//death.bandcamp.com/merch/halloween-classic-logo-pullover-hoodie,ITM-B1F3D00E,ART-6097F89E,USR-384,20200909,LOC-0B3B97FA,1,37.0,3.7,33.3
1599689526.75428&//sonormusiceditions.bandcamp.com/album/lingua-dargento-original-soundtrack,ITM-E78ED8F5,ART-8CAB1B09,USR-366,20200909,LOC-0D149B90,1,29.51,2.95,26.560000000000002
1599689526.97485&//sonormusiceditions.bandcamp.com/album/alessandro-alessandroni,ITM-E78ED8F5,ART-E3AA9CDE,USR-338,20200909,LOC-0D149B90,1,35.41,3.54,31.869999999999997
1599689529.73623&//krsmix.bandcamp.com/track/fallen,ITM-95B67A21,ART-005663B0,USR-194,20200909,LOC-7885444A,1,0.5,0.08,0.42
1599689532.3013&//werendia.bandcamp.com,ITM-D8704B17,ART-EE83253A,USR-310,20200909,LOC-0D149B90,1,1.0,0.15,0.85
1599689532.86327&//highriseukg.bandcamp.com/album/flattrax-flat1-highrise-ollie-rant,ITM-652D4607,ART-CEEC6921,USR-163,20200909,LOC-7885444A,1,3.9,0.58,3.32
1599689534.9489&//e-mantra-altar.bandcamp.com/album/raining-lights-24bits,ITM-05D23810,ART-5FC949A5,USR-208,20200909,LOC-0B3B97FA,1,10.0,1.0,9.0
1599689536.77116&//dillydally.bandcamp.com/album/candy-mountain,ITM-9F0A517D,ART-512CFF83,USR-445,20200909,LOC-0B3B97FA,1,1.52,0.23,1.29
1599689539.66735&//nicklurwick.bandcamp.com/album/clandestine-tramp,ITM-568F5050,ART-63CF4283,USR-169,20200909,LOC-0B3B97FA,1,30.0,4.5,25.5
1599689546.73575&//desolatorblacklion.bandcamp.com/album/sermon-of-apathy,ITM-572E98BA,ART-8AC7EF66,USR-484,20200909,LOC-8BCC25C9,1,15.34,1.53,13.81
1599689548.96829&//tallblackguy.bandcamp.com/album/we-rollin-for-you-main-remixes,ITM-F341C771,ART-977AB935,USR-161,20200909,LOC-5F02F088,1,3.0,0.45,2.55
1599689551.70475&//mogwai.bandcamp.com/album/2018,ITM-84DDFB34,ART-B5A275FD,USR-68,20200909,LOC-7885444A,1,25.98,3.9,22.080000000000002
1599689553.30143&//tvgirl.bandcamp.com/album/french-exit,ITM-95A77F5A,ART-09DBD3DC,USR-289,20200909,LOC-0B3B97FA,1,20.0,2.0,18.0
1599689556.18552&//greenbaywax.bandcamp.com/album/gbw-010-equinox-the-theme-ep-12-vinyl-limited-pre-order,ITM-A8ADE1E0,ART-F140CE6D,USR-398,20200909,LOC-7885444A,1,14.29,1.43,12.86
1599689556.19228&//greenbaywax.bandcamp.com/album/3agic-02-dwarde-x-tim-reaper-12-vinyl-limited-pre-order,ITM-BFACD978,ART-F140CE6D,USR-277,20200909,LOC-7885444A,1,14.29,1.43,12.86
1599689556.56167&//greenbaywax.bandcamp.com/album/3agic-03-kid-lib-x-mr-sensi-12-vinyl-limited-pre-order,ITM-15E05226,ART-F140CE6D,USR-304,20200909,LOC-7885444A,1,14.29,1.43,12.86
1599689559.37084&//amandapalmer.bandcamp.com/track/its-a-fire,ITM-F135A1D5,ART-73D37961,USR-404,20200909,LOC-0B3B97FA,1,5.0,0.75,4.25
1599689563.05911&//klassewrecks.bandcamp.com/track/conquest,ITM-9FA8E033,ART-0200F916,USR-384,20200909,LOC-0D149B90,1,2.36,0.35,2.01
1599689565.24106&//regainrecords.bandcamp.com/album/det-besegrade-lifvet,ITM-3EF3AA1A,ART-F21C79F9,USR-392,20200909,LOC-EFAD7ABB,1,22.71,2.27,20.44
1599689565.4177&//teenagemenopause.bandcamp.com/album/iii,ITM-11A066FA,ART-D1B7E2F2,USR-135,20200909,LOC-82A9E4D2,1,18.89,1.89,17.0
1599689565.76434&//teenagemenopause.bandcamp.com/album/victoire-chose,ITM-03964DAC,ART-C8F04AF0,USR-195,20200909,LOC-82A9E4D2,1,23.61,2.36,21.25
1599689569.10034&//laptitefumee.bandcamp.com/album/la-ptite-fum-e-owl-rising,ITM-E5D4B3AF,ART-884E9F10,USR-401,20200909,LOC-82A9E4D2,1,12.98,1.95,11.030000000000001
1599689569.27205&//scentedpoultice.bandcamp.com/album/water-shots,ITM-386C354F,ART-BD2AD355,USR-128,20200909,LOC-0B3B97FA,1,1.0,0.15,0.85
1599689570.88788&//mandolinorange.bandcamp.com/album/austin-city-limits-live-at-the-moody-theater-3,ITM-0E07CA5E,ART-CFA2B5C4,USR-33,20200909,LOC-0B3B97FA,1,40.0,4.0,36.0
1599689571.04568&//noage.bandcamp.com/album/goons-be-gone,ITM-C8E52563,ART-70D28D17,USR-176,20200909,LOC-0B3B97FA,1,9.0,1.35,7.65
1599689572.07819&//soulsupremerecords.bandcamp.com/album/check-the-rhime-lyrics-to-go-2,ITM-867F126A,ART-918C05B4,USR-460,20200909,LOC-5F02F088,1,2.36,0.35,2.01
1599689572.55549&//yeskabeatzcrew.bandcamp.com,ITM-4A5FB31C,ART-CC068F73,USR-443,20200909,LOC-0B3B97FA,1,40.0,6.0,34.0
1599689572.95687&//gusandiggy.bandcamp.com/merch/nothing-conquers-t-shirt,ITM-75E434C8,ART-7AFDFB77,USR-371,20200909,LOC-8BCC25C9,1,25.45,2.54,22.91
1599689574.36336&//itsyourunhappybirthday.bandcamp.com/album/mondchateau,ITM-884F247D,ART-CD50F873,USR-470,20200909,LOC-0D149B90,1,11.8,1.77,10.030000000000001
1599689575.50377&//ninjasexparty.bandcamp.com/album/under-the-covers-volume-ii,ITM-9A162169,ART-B59DD127,USR-375,20200909,LOC-7FA3B767,1,10.0,1.5,8.5
1599689575.58839&//ninjasexparty.bandcamp.com/album/under-the-covers,ITM-BA716429,ART-B59DD127,USR-22,20200909,LOC-7FA3B767,1,10.0,1.5,8.5
1599689575.81632&//ninjasexparty.bandcamp.com/album/under-the-covers-vol-iii,ITM-FD94B281,ART-B59DD127,USR-238,20200909,LOC-7FA3B767,1,10.0,1.5,8.5
1599689575.94138&//maral.bandcamp.com/album/push,ITM-92D5859B,ART-23F4EB0F,USR-158,20200909,LOC-0B3B97FA,1,20.0,2.0,18.0
1599689579.19224&//mandolinorange.bandcamp.com/album/austin-city-limits-live-at-the-moody-theater-3,ITM-0E07CA5E,ART-CFA2B5C4,USR-38,20200909,LOC-0B3B97FA,1,40.0,4.0,36.0
1599689585.17906&//mtrproject.bandcamp.com/album/mtr-project-ep,ITM-6D96D199,ART-E3A11D2E,USR-230,20200909,LOC-0B3B97FA,1,6.0,0.9,5.1
1599689587.79917&//dillydally.bandcamp.com/album/alexander,ITM-B7A71D87,ART-512CFF83,USR-365,20200909,LOC-0B3B97FA,1,1.52,0.23,1.29
1599689595.65652&//equipment.bandcamp.com/album/madrigal,ITM-44A26898,ART-9CCDA2D5,USR-51,20200909,LOC-0B3B97FA,1,15.0,1.5,13.5
1599689601.47816&//vjsilver1.bandcamp.com/track/silver-pozzoli-around-my-dream-rmx,ITM-EFA14C9D,ART-2F4B6B69,USR-438,20200909,LOC-7885444A,1,2.36,0.35,2.01
1599689602.13363&//basementtapesmaine.bandcamp.com/album/apis-mailfiore-mokujikigyo,ITM-C722ECF1,ART-042954A0,USR-264,20200909,LOC-0B3B97FA,1,7.0,0.7,6.3
1599689602.20934&//basementtapesmaine.bandcamp.com/album/basement-tapes-volume-two,ITM-1008AC3E,ART-596D7DF6,USR-283,20200909,LOC-0B3B97FA,1,5.0,0.5,4.5
1599689604.85899&//worldofpaint.bandcamp.com/track/cousins-birthday-party,ITM-4BC27471,ART-24B1F774,USR-27,20200909,LOC-7885444A,1,1.18,0.18,1.0
1599689609.47602&//fortunecookieclub.bandcamp.com/album/les-chansons-de-la-gloire,ITM-6F976C11,ART-17D782C2,USR-226,20200909,LOC-5435C69E,1,3.8,0.57,3.23
1599689609.50784&//stroomtv.bandcamp.com/track/lidojums-uz-sauli,ITM-EA728F68,ART-D31E8A4A,USR-277,20200909,LOC-7885444A,1,1.18,0.18,1.0
1599689614.71968&//isolar.bandcamp.com/track/born-of-the-jackal,ITM-7D62F6AF,ART-ACA2C1C2,USR-286,20200909,LOC-7885444A,1,1.3,0.2,1.1
1599689616.66676&//newretrowave.bandcamp.com/track/avenger,ITM-074AFEDA,ART-6A1E61BD,USR-97,20200909,LOC-0B3B97FA,1,1.29,0.19,1.1
1599689618.46805&//badtimerecords.bandcamp.com/album/ska-against-racism,ITM-19F805A2,ART-35FC5629,USR-284,20200909,LOC-0B3B97FA,1,1.0,0.15,0.85
1599689619.18226&//garlabanklubmuzikk.bandcamp.com/album/dj-zvonimir-true-garlabian-klub-muzikk,ITM-2BA92F3D,ART-1989C468,USR-367,20200909,LOC-5F02F088,1,0.59,0.09,0.5
1599689620.54644&//bellerophonrecords.bandcamp.com/track/ride-to-paradise-vintage-version,ITM-1F5E3A36,ART-9C45B88C,USR-448,20200909,LOC-7885444A,1,1.18,0.18,1.0
1599689622.36126&//tvgirl.bandcamp.com/album/french-exit,ITM-95A77F5A,ART-09DBD3DC,USR-481,20200909,LOC-0B3B97FA,1,20.0,2.0,18.0
1599689622.44589&https://music.badelephant.co.uk/merch/shineback-t-shirt,ITM-658CFC97,ART-267A7D35,USR-453,20200909,LOC-7885444A,1,12.99,1.3,11.69
1599689625.1229&//emrecords.bandcamp.com/track/summer-jam,ITM-5CC5F76A,ART-339B6FC9,USR-317,20200909,LOC-7885444A,1,3.77,0.57,3.2
1599689625.52672&//cheekymusicgroup.bandcamp.com/album/breaks-n-pieces-vol-2,ITM-144C5B2E,ART-0486C50B,USR-304,20200909,LOC-0B3B97FA,1,7.8,1.17,6.63
1599689625.60821&//cheekymusicgroup.bandcamp.com/album/breaks-n-pieces-vol-1,ITM-5C74E300,ART-0486C50B,USR-147,20200909,LOC-0B3B97FA,1,7.8,1.17,6.63
1599689626.12676&//m-r-m.bandcamp.com/album/the-visionary,ITM-9B5F6825,ART-62686B52,USR-4,20200909,LOC-0D149B90,1,11.8,1.77,10.030000000000001
1599689639.95908&//wiaiwya.bandcamp.com/album/european-sun,ITM-9E221FCB,ART-9E221FCB,USR-35,20200909,LOC-7885444A,1,9.09,1.36,7.7299999999999995
1599689643.46435&//griffinmcelroy.bandcamp.com/album/the-adventure-zone-the-crystal-kingdom-ost,ITM-CA4AC7AF,ART-BC915878,USR-192,20200909,LOC-0B3B97FA,1,1.0,0.15,0.85
1599689647.9446&//anopendoor.bandcamp.com/album/memory-loss,ITM-04CDE1FB,ART-4CF0BD04,USR-49,20200909,LOC-0D149B90,1,2.0,0.3,1.7
1599689650.05135&//astral-travel-agency.bandcamp.com/track/more-beautiful-astral-travel-agency-remix,ITM-E3D76E13,ART-BBD8B925,USR-17,20200909,LOC-8BCC25C9,1,0.59,0.09,0.5
1599689650.90565&//harpsona.bandcamp.com/track/breathe,ITM-0D9B0A3B,ART-DDD8C1C9,USR-172,20200909,LOC-0B3B97FA,1,10.0,1.5,8.5
1599689671.99483&//vindsvept.bandcamp.com/track/sleeper,ITM-00EE22AA,ART-7849DBE1,USR-220,20200909,LOC-0B3B97FA,1,1.0,0.15,0.85
1599689675.03127&//krysalisound.bandcamp.com/album/ammil,ITM-B94188BF,ART-C07DEF39,USR-158,20200909,LOC-55ADD3D8,1,1.18,0.18,1.0
1599689678.00778&//klassewrecks.bandcamp.com/track/stonks-go-up,ITM-ECFCC8A8,ART-7E803A59,USR-477,20200909,LOC-5F02F088,1,2.36,0.35,2.01
1599689678.46156&//klassewrecks.bandcamp.com/track/i-sol-8,ITM-DC06D1F1,ART-B1AF1016,USR-46,20200909,LOC-5F02F088,1,2.36,0.35,2.01
1599689681.13759&//droidbishop.bandcamp.com/track/super-nova,ITM-63B3D4DC,ART-924DFD96,USR-373,20200909,LOC-7885444A,1,1.0,0.15,0.85
1599689681.54136&//droidbishop.bandcamp.com/album/music,ITM-47DCBD83,ART-EA1C5B49,USR-6,20200909,LOC-7885444A,1,11.0,1.65,9.35
1599689686.43511&//bruce-brubaker.bandcamp.com/album/glassforms,ITM-FD978D27,ART-C17D5859,USR-99,20200909,LOC-82A9E4D2,1,10.62,1.59,9.03
1599689687.88324&//heavypsychsoundsrecords.bandcamp.com/album/acid-mammoth-under-acid-hoof,ITM-4827A23A,ART-8DC7582A,USR-380,20200909,LOC-7885444A,1,15.34,1.53,13.81
1599689693.21818&//synthesizer.bandcamp.com/album/323-tekc-909-heart-compressor,ITM-BBB50300,ART-F5CB6B70,USR-233,20200909,LOC-4605F628,1,3.54,0.53,3.01
1599689698.22074&//huntleyspalmers.bandcamp.com/track/wraetlic-bumfluff-smagghe-cross-remix,ITM-46FE6116,ART-DBAB789A,USR-37,20200909,LOC-4605F628,1,3.9,0.58,3.32
1599689698.98321&//amandapalmer.bandcamp.com/track/its-a-fire,ITM-F135A1D5,ART-73D37961,USR-280,20200909,LOC-5F02F088,1,5.0,0.75,4.25
1599689704.31075&//tsbox.bandcamp.com/track/coming-to-you-house-n-hd-terry-hunter-mike-dunn-soulfrica-mix,ITM-177C795C,ART-92F67BC3,USR-349,20200909,LOC-0B3B97FA,1,2.0,0.3,1.7
1599689705.92859&//roamrecordings.bandcamp.com/track/sextant-original,ITM-EC6A15D7,ART-FA626332,USR-497,20200909,LOC-4605F628,1,1.0,0.15,0.85
1599689709.24146&//girlspissingongirlspissing.bandcamp.com/album/tangiwai,ITM-22F44086,ART-4E948D1F,USR-302,20200909,LOC-0B3B97FA,1,3.34,0.5,2.84
1599689709.46244&//hauntologists.bandcamp.com/album/hauntologists,ITM-2141B7E6,ART-2141B7E6,USR-181,20200909,LOC-5F02F088,1,7.0,1.05,5.95
1599689710.15096&//richarddorfmeister.bandcamp.com/track/lovers-riddim-feat-og,ITM-7B7AC450,ART-45C358D2,USR-95,20200909,LOC-0B3B97FA,1,1.18,0.18,1.0
1599689713.33224&//snuffedonsight7k.bandcamp.com/album/promo-2020-ncs,ITM-8DEB02A7,ART-A2B64BCA,USR-99,20200909,LOC-0B3B97FA,1,2.0,0.3,1.7
1599689714.91594&//incidentp.bandcamp.com/track/incident-prism-sonar-discipline,ITM-EE4ACD71,ART-CAE8C41A,USR-188,20200909,LOC-5F02F088,1,1.17,0.18,0.99
1599689716.71853&//trevorhallmusic.bandcamp.com/album/in-and-through-the-body,ITM-A7947335,ART-54D1952B,USR-481,20200909,LOC-0B3B97FA,1,11.0,1.65,9.35
1599689717.47484&//smartsworld.bandcamp.com/album/who-needs-smarts-anyway,ITM-4FC7C158,ART-8DDF025C,USR-116,20200909,LOC-8BCC25C9,1,36.36,3.64,32.72
1599689717.94377&//jeancroche.bandcamp.com/album/birds-of-venezuela,ITM-233724C5,ART-3B7E1E8F,USR-191,20200909,LOC-08A4415E,1,23.61,2.36,21.25
1599689718.4058&//tempers.bandcamp.com/track/the-use-of-my-belonging,ITM-072F1576,ART-33837219,USR-253,20200909,LOC-0D149B90,1,1.0,0.15,0.85
1599689718.47755&//gila-00.bandcamp.com/track/death-slump-2,ITM-87E07FEA,ART-704C69F3,USR-469,20200909,LOC-4605F628,1,1.3,0.2,1.1
1599689718.72262&//saluteaut.bandcamp.com/track/skepta-dub,ITM-0D677F05,ART-D1DB352A,USR-416,20200909,LOC-0B3B97FA,1,1.3,0.2,1.1
1599689718.78766&https://brainoil.com/album/singularity-to-extinction,ITM-57F01F30,ART-D01C8321,USR-471,20200909,LOC-0B3B97FA,1,12.0,1.2,10.8
1599689721.38497&//bedouine.bandcamp.com/track/thirteen,ITM-C9C15D36,ART-A5B7EBAB,USR-161,20200909,LOC-0B3B97FA,1,1.0,0.15,0.85
1599689721.9887&//defected.bandcamp.com/album/born-to-love-extended-mix,ITM-C3487BE1,ART-4B9AC7D8,USR-256,20200909,LOC-0B3B97FA,1,1.95,0.29,1.66
1599689724.61436&//moustacherecords1.bandcamp.com/album/martin-matiske-robotic-theatre-moustache-records-044,ITM-0DE3B086,ART-55620574,USR-323,20200909,LOC-4605F628,1,7.67,1.15,6.52
1599689725.43552&//dubmission.bandcamp.com/album/pangolin,ITM-F76AFC6A,ART-267AE1A5,USR-128,20200909,LOC-0B3B97FA,1,4.33,0.65,3.68
1599689732.03226&//tcfsr.bandcamp.com/album/berg-7,ITM-21F25694,ART-EDA165A7,USR-18,20200909,LOC-5F02F088,1,1.3,0.2,1.1
1599689732.29715&//mandolinorange.bandcamp.com/album/austin-city-limits-live-at-the-moody-theater-3,ITM-0E07CA5E,ART-CFA2B5C4,USR-281,20200909,LOC-0B3B97FA,1,40.0,4.0,36.0
1599689732.51456&//themidnight.bandcamp.com/album/monsters,ITM-F460CDC8,ART-22A7C568,USR-490,20200909,LOC-7885444A,1,12.99,1.95,11.040000000000001
1599689732.69598&//darkdescentrecords.bandcamp.com/album/decomposed-sacramentum,ITM-CA3CF8AD,ART-FE39FC12,USR-223,20200909,LOC-0B3B97FA,1,7.0,1.05,5.95
1599689735.64163&//navybluethetruest.bandcamp.com/track/lifes-riddle,ITM-D580890A,ART-C1C7589E,USR-54,20200909,LOC-0B3B97FA,1,2.0,0.3,1.7
1599689737.47147&//strut.bandcamp.com/track/maritime-tatami,ITM-534AB81B,ART-D9246779,USR-58,20200909,LOC-7885444A,1,0.93,0.14,0.79
1599689740.6092&//cloudkicker.bandcamp.com/album/solitude,ITM-185E99B9,ART-3E2887F1,USR-323,20200909,LOC-0B3B97FA,1,5.0,0.75,4.25
1599689741.43896&//mokaonly.bandcamp.com/track/decemberized,ITM-6A56360A,ART-62E9AB17,USR-360,20200909,LOC-0B3B97FA,1,1.0,0.15,0.85
1599689741.7278&//mrc0s1d0.bandcamp.com/track/redman-lets-get-dirty-i-cant-get-in-da-club-is-it-dirty-enuff-remix,ITM-7F668392,ART-407E7D6A,USR-174,20200909,LOC-0B3B97FA,1,1.26,0.19,1.07
1599689742.97986&//raverraver.bandcamp.com/album/srilantrax,ITM-2CE10C4B,ART-6499BFC5,USR-280,20200909,LOC-82A9E4D2,1,11.8,1.18,10.620000000000001
1599689744.12516&//allthemwitches.bandcamp.com/album/nothing-as-the-ideal,ITM-3A198B28,ART-9707F439,USR-114,20200909,LOC-0B3B97FA,1,12.0,1.2,10.8
1599689746.31093&//abdominal.bandcamp.com/track/head-games-ii,ITM-80A2DC35,ART-3B4299A5,USR-288,20200909,LOC-0B3B97FA,1,2.6,0.39,2.21
1599689746.51894&//swissdarknights.bandcamp.com/album/abrahadabra,ITM-04A04131,ART-3FD66E06,USR-431,20200909,LOC-0D149B90,1,11.8,1.77,10.030000000000001
1599689751.14899&//scuderia.bandcamp.com/album/hard-techno-maniacs,ITM-B888BB64,ART-916E113B,USR-342,20200909,LOC-0B3B97FA,1,14.16,2.12,12.04
1599689751.39378&//blisspointsound.bandcamp.com/album/max-in-the-world-radiant-city,ITM-7015519C,ART-AAB5C926,USR-151,20200909,LOC-7885444A,1,5.0,0.75,4.25
1599689753.28734&//newcoolcollective.bandcamp.com/track/snowball,ITM-C0429B6A,ART-30710E2E,USR-450,20200909,LOC-7885444A,1,1.17,0.18,0.99
1599689754.65969&//forestdrivewest.bandcamp.com/album/terminus-ep,ITM-5EC9514F,ART-4215EF66,USR-127,20200909,LOC-5F02F088,1,5.2,0.78,4.42
1599689757.34581&//nahawadoumbia.bandcamp.com/track/blonda-yirini,ITM-A267AC91,ART-18AF2A47,USR-155,20200909,LOC-0B3B97FA,1,1.0,0.15,0.85
1599689761.42924&https://music.dandywarhols.com/album/warhol-wednesday-endless-live-album,ITM-C75784F8,ART-72171BB9,USR-490,20200909,LOC-8BCC25C9,1,10.0,1.5,8.5
1599689761.5477&//djswisha.bandcamp.com/album/nothing-but-net,ITM-D770F355,ART-04A6B7D3,USR-386,20200909,LOC-0B3B97FA,1,8.0,1.2,6.8
1599689761.80382&//justinjaymusic.bandcamp.com/track/travis-scott-antidote-justin-jays-party-on-a-sunday-edit,ITM-45140B5E,ART-E696BBF7,USR-474,20200909,LOC-7885444A,1,1.5,0.22,1.28
1599689762.17598&//nadejda.bandcamp.com/album/lng,ITM-FF13DCC3,ART-F59F7757,USR-273,20200909,LOC-82A9E4D2,1,7.08,0.71,6.37
1599689762.26351&//nadejda.bandcamp.com/album/1312,ITM-EC2EC719,ART-F59F7757,USR-104,20200909,LOC-82A9E4D2,1,7.08,0.71,6.37
1599689762.67626&//nadejda.bandcamp.com/merch/1312-t-shirt-homme,ITM-C723226C,ART-F59F7757,USR-417,20200909,LOC-82A9E4D2,1,23.61,2.36,21.25
1599689762.71382&//geneonearth.bandcamp.com/track/turbo-island,ITM-36D83040,ART-2A6D51C7,USR-393,20200909,LOC-25400724,1,2.95,0.44,2.5100000000000002
1599689764.23588&//iamlouislaroche.bandcamp.com/album/saturday-night-griever,ITM-B4560E29,ART-328486C2,USR-299,20200909,LOC-7885444A,1,11.69,1.75,9.94
1599689764.25008&//urbanstghetto.bandcamp.com/track/find-yall,ITM-E05E2629,ART-81741A9F,USR-246,20200909,LOC-5F02F088,1,1.0,0.15,0.85
1599689766.0899&//mord.bandcamp.com/album/word-ep,ITM-D4E3B73D,ART-3B129D96,USR-176,20200909,LOC-7885444A,1,10.03,1.0,9.03
1599689766.12178&//mord.bandcamp.com/album/inverse-theory-ep,ITM-D4E3B73D,ART-98058ABA,USR-39,20200909,LOC-7885444A,1,10.03,1.0,9.03
1599689766.21972&//mord.bandcamp.com/album/life-of-pleasures-ep,ITM-D4E3B73D,ART-47B372CC,USR-477,20200909,LOC-7885444A,1,10.03,1.0,9.03
1599689766.26933&//mord.bandcamp.com/album/till-love-do-us-part-ep,ITM-D4E3B73D,ART-40561E7A,USR-170,20200909,LOC-7885444A,1,10.03,1.0,9.03
1599689766.2808&//mord.bandcamp.com/album/oracle-ep,ITM-D4E3B73D,ART-109C7E2E,USR-247,20200909,LOC-7885444A,1,10.03,1.0,9.03
1599689766.32889&//mord.bandcamp.com/album/further-too-far-ep,ITM-D4E3B73D,ART-B40D6140,USR-26,20200909,LOC-7885444A,1,10.03,1.0,9.03
1599689766.3463&//mord.bandcamp.com/album/tyranny-ep,ITM-D4E3B73D,ART-374499E8,USR-355,20200909,LOC-7885444A,1,10.03,1.0,9.03
1599689766.42445&//mord.bandcamp.com/album/tympana-ep,ITM-90E61E3E,ART-FDC32A55,USR-306,20200909,LOC-7885444A,1,20.07,2.01,18.060000000000002
1599689766.43952&//mord.bandcamp.com/album/grida-e-caos-ep,ITM-D4E3B73D,ART-39691DDB,USR-409,20200909,LOC-7885444A,1,10.03,1.0,9.03
1599689766.60191&//mord.bandcamp.com/album/in-transit-ep,ITM-D4E3B73D,ART-24D01AB8,USR-408,20200909,LOC-7885444A,1,10.03,1.0,9.03
1599689766.68278&//mord.bandcamp.com/album/interlock-one-ep,ITM-D4E3B73D,ART-23E6D85C,USR-13,20200909,LOC-7885444A,1,10.03,1.0,9.03
1599689766.7647&//mord.bandcamp.com/album/unequal-struggle-ep,ITM-D4E3B73D,ART-374499E8,USR-316,20200909,LOC-7885444A,1,10.03,1.0,9.03
1599689766.93901&//mord.bandcamp.com/album/all-the-children-are-insane-ep-2,ITM-D4E3B73D,ART-9EC7A0F0,USR-391,20200909,LOC-7885444A,1,10.03,1.0,9.03
1599689766.94139&//mord.bandcamp.com/album/killed-soil-sinking-ep,ITM-D4E3B73D,ART-BFC41A3B,USR-313,20200909,LOC-7885444A,1,10.03,1.0,9.03
1599689767.00568&//volur.bandcamp.com/album/death-cult,ITM-1DFA68F9,ART-F0085F5D,USR-36,20200909,LOC-C97B334F,1,7.0,1.05,5.95
1599689767.04496&//billpohl.bandcamp.com/album/let-it-burn,ITM-F7891443,ART-8E78E7E4,USR-173,20200909,LOC-0B3B97FA,1,10.0,1.5,8.5
1599689770.40055&//drewmcdowall.bandcamp.com/album/agalma,ITM-53E9121B,ART-E8C5C62D,USR-20,20200909,LOC-0B3B97FA,1,20.99,2.1,18.889999999999997
1599689771.41706&//besvendsen.bandcamp.com/album/man-on-the-run-remixes,ITM-98E55212,ART-3079ACC8,USR-321,20200909,LOC-0B3B97FA,1,3.17,0.48,2.69
1599689771.57082&//lineaaspera.bandcamp.com/album/linea-aspera-lp-ii,ITM-106BEDE9,ART-783608CC,USR-264,20200909,LOC-0D149B90,1,11.8,1.77,10.030000000000001
1599689773.68071&//unptitcaf.bandcamp.com,ITM-7877C606,ART-78977C75,USR-494,20200909,LOC-4605F628,1,27.27,4.09,23.18
1599689774.35983&//wayfarercolorado.bandcamp.com/album/a-romance-with-violence,ITM-23EEC943,ART-60F06D1F,USR-400,20200909,LOC-C97B334F,1,6.84,1.03,5.81
1599689777.30495&//whossusan.bandcamp.com/album/asquith-temple-runner,ITM-261ABC05,ART-E09C55D5,USR-142,20200909,LOC-7885444A,1,5.9,0.88,5.0200000000000005
1599689777.61295&//whossusan.bandcamp.com/album/axefield-keep-talking,ITM-8CFC9536,ART-2FD3F688,USR-460,20200909,LOC-7885444A,1,5.9,0.88,5.0200000000000005
1599689778.68959&//carnivorousbells.bandcamp.com/album/the-upturned-stone,ITM-11177EF1,ART-BF15E399,USR-371,20200909,LOC-55ADD3D8,1,8.0,1.2,6.8
1599689778.93175&//clppng.bandcamp.com/album/chapter-319,ITM-94B9DDA2,ART-65F36FA1,USR-471,20200909,LOC-0B3B97FA,1,5.0,0.75,4.25
1599689778.94836&//pyecorneraudio.bandcamp.com/album/magnetic-acid-ep,ITM-22EBC13A,ART-045DECD4,USR-143,20200909,LOC-5F02F088,1,0.65,0.1,0.55
1599689782.93103&//rilokileyrkives.bandcamp.com/album/rilo-kiley,ITM-F4EE90CE,ART-606257BC,USR-92,20200909,LOC-0B3B97FA,1,20.0,2.0,18.0
1599689788.65908&//brookpridemore.bandcamp.com/album/the-book-of-pridemore,ITM-C46EEE26,ART-7E8E8246,USR-354,20200909,LOC-0B3B97FA,1,30.0,3.0,27.0
1599689789.05595&//volur.bandcamp.com/album/psychopomp,ITM-1634ED9A,ART-F0085F5D,USR-322,20200909,LOC-0B3B97FA,1,5.0,0.75,4.25
1599689791.35083&//indianwells.bandcamp.com/album/new-ruins,ITM-A870CFD7,ART-D4F01A95,USR-288,20200909,LOC-7885444A,1,15.59,1.56,14.03
1599689794.3871&//mandolinorange.bandcamp.com/album/austin-city-limits-live-at-the-moody-theater-3,ITM-0E07CA5E,ART-CFA2B5C4,USR-215,20200909,LOC-0B3B97FA,1,40.0,4.0,36.0
1599689795.05599&//sheofficial.bandcamp.com/album/harvest,ITM-CB49AD33,ART-9EB0D040,USR-447,20200909,LOC-0B3B97FA,1,4.0,0.6,3.4
1599689795.21225&//sheofficial.bandcamp.com/album/aspire,ITM-D8059003,ART-9EB0D040,USR-342,20200909,LOC-0B3B97FA,1,9.0,1.35,7.65
1599689796.73701&//babanaga.bandcamp.com/merch/baba-naga-robe,ITM-8319FA0E,ART-13EC6451,USR-51,20200909,LOC-82A9E4D2,1,12.99,1.3,11.69
1599689797.13581&//art-e-fax.bandcamp.com/album/downfall-of-the-nemesis,ITM-6C77938B,ART-6428C7FB,USR-153,20200909,LOC-7885444A,1,6.5,0.98,5.52
1599689800.81161&//tennisdj.bandcamp.com/album/dj-kicks-dj-tennis,ITM-E7A434AF,ART-B9661AA0,USR-186,20200909,LOC-5F02F088,1,11.8,1.77,10.030000000000001
1599689803.50941&//footprint-project.bandcamp.com/album/leggi-leggi,ITM-1BE59B90,ART-DFE89197,USR-63,20200909,LOC-5F02F088,1,22.43,2.24,20.189999999999998
1599689803.87739&//omunit.bandcamp.com/album/ambient-breakbeat-sample-pack,ITM-D6BD504F,ART-C7E6F0E4,USR-190,20200909,LOC-FC9FDF08,1,20.79,3.12,17.669999999999998
1599689804.69018&//bokitproduction.bandcamp.com/merch/t-shirt-white-rum-the-bolokos,ITM-2503CF46,ART-4D82C07C,USR-125,20200909,LOC-82A9E4D2,1,17.71,1.77,15.940000000000001
1599689804.70775&//thebeverlycrushers.bandcamp.com/merch/vinyl-sick-bay-t-shirt-combo,ITM-D192B042,ART-409F18F2,USR-150,20200909,LOC-0B3B97FA,1,35.0,3.5,31.5
1599689806.10775&//wristroll.bandcamp.com/album/immaculate-inadequacy,ITM-4B4CA87D,ART-5587DD4F,USR-314,20200909,LOC-0B3B97FA,1,10.0,1.5,8.5
1599689811.75698&//bloodshotrecords.bandcamp.com/album/pandemophenia,ITM-20C512F5,ART-117D1FD0,USR-58,20200909,LOC-0B3B97FA,1,10.0,1.5,8.5
1599689812.38839&//molekul.bandcamp.com/album/lets-dance-ep-mlkl021,ITM-DB0AF73D,ART-CAE8C41A,USR-342,20200909,LOC-1A13105B,1,12.98,1.3,11.68
1599689814.24929&//mandolinorange.bandcamp.com/album/austin-city-limits-live-at-the-moody-theater-3,ITM-0E07CA5E,ART-CFA2B5C4,USR-305,20200909,LOC-0B3B97FA,1,40.0,4.0,36.0
1599689816.09009&//michaelnau.bandcamp.com/album/so-on-so-on,ITM-EB601E44,ART-9719FA45,USR-180,20200909,LOC-0B3B97FA,1,12.0,1.8,10.2
1599689816.53886&//fatherdaughterrecords.bandcamp.com/album/saving-for-a-custom-van,ITM-7F1D8B28,ART-0486C50B,USR-170,20200909,LOC-0B3B97FA,1,10.0,1.5,8.5
1599689821.67136&//aesoprock.bandcamp.com/album/spirit-world-field-guide,ITM-E7F497DB,ART-EC49A94B,USR-326,20200909,LOC-0B3B97FA,1,10.0,1.5,8.5
1599689822.05605&//feelingsldn.bandcamp.com/track/casualty,ITM-1145FD76,ART-976ECB1C,USR-271,20200909,LOC-7885444A,1,1.95,0.29,1.66
1599689822.46157&//chunklet.bandcamp.com/track/rock-n-roll-dreamsll-come-through,ITM-F413B068,ART-AA4A0E19,USR-54,20200909,LOC-0B3B97FA,1,1.0,0.15,0.85
1599689822.60633&//feelingsldn.bandcamp.com/album/along-the-river-ep,ITM-21371159,ART-200C523B,USR-491,20200909,LOC-7885444A,1,6.5,0.98,5.52
1599689823.21797&//keithfullertonwhitman.bandcamp.com/album/late-monoliths-2011-2013,ITM-69BD3B6E,ART-EC41A0CC,USR-444,20200909,LOC-0B3B97FA,1,15.0,2.25,12.75
1599689823.61087&https://shallnotfade.co.uk/album/blocked-ep,ITM-98A76782,ART-62660332,USR-101,20200909,LOC-7885444A,1,12.99,1.3,11.69
1599689824.7974&//deepmedimusik.bandcamp.com/album/elephant-dub-heavy-as-stone,ITM-B58DC998,ART-C7DADCE0,USR-481,20200909,LOC-5F02F088,1,2.6,0.39,2.21
1599689827.32772&//slingerland.bandcamp.com/album/pail-fire,ITM-F1D0B114,ART-DD2A5ED4,USR-264,20200909,LOC-0B3B97FA,1,0.76,0.11,0.65
1599689831.94565&//plushorganics.bandcamp.com/album/material-hangover,ITM-D945151B,ART-A9D098D4,USR-53,20200909,LOC-7885444A,1,4.0,0.6,3.4
1599689832.78511&//exoticfever.bandcamp.com/album/dont-know-when-ill-be-back-again-a-compilation-benefiting-american-veterans-of-the-vietnam-war,ITM-5DBBCD8A,ART-0486C50B,USR-60,20200909,LOC-0B3B97FA,1,7.0,1.05,5.95
1599689834.86397&//mandolinorange.bandcamp.com/album/austin-city-limits-live-at-the-moody-theater-3,ITM-0E07CA5E,ART-CFA2B5C4,USR-492,20200909,LOC-0B3B97FA,1,40.0,4.0,36.0
1599689836.85831&https://dangerfive.com/track/hey-ted-leo,ITM-6EF58D64,ART-F7029CC0,USR-108,20200909,LOC-0B3B97FA,1,1.0,0.15,0.85
1599689840.2832&//fusq.bandcamp.com/track/yeah,ITM-A2F1A04C,ART-896C06FD,USR-5,20200909,LOC-7885444A,1,1.5,0.22,1.28
1599689840.84572&//fusq.bandcamp.com/track/like-you,ITM-8917A7A1,ART-896C06FD,USR-103,20200909,LOC-7885444A,1,1.0,0.15,0.85
1599689843.23372&//tvgirl.bandcamp.com/album/french-exit,ITM-95A77F5A,ART-09DBD3DC,USR-196,20200909,LOC-0B3B97FA,1,20.0,2.0,18.0
1599689843.42724&//shed030.bandcamp.com/album/shedding-the-past,ITM-0603FBF0,ART-F3C60D81,USR-262,20200909,LOC-0B3B97FA,1,11.8,1.77,10.030000000000001
1599689843.92444&//andrewlowden.bandcamp.com/album/2014-04-12-bluefields-cafe-oneonta-ny,ITM-1F422B34,ART-6A678EEE,USR-365,20200909,LOC-0B3B97FA,1,1.0,0.15,0.85
1599689844.56419&//fkymusic.bandcamp.com/album/offroad-02,ITM-0F83966F,ART-93B90736,USR-480,20200909,LOC-82A9E4D2,1,3.54,0.53,3.01
1599689846.3206&//thomasknak.bandcamp.com/album/opto-files-opiate-parts,ITM-BAD88E36,ART-5F36707C,USR-372,20200909,LOC-5F02F088,1,2.95,0.44,2.5100000000000002
1599689847.28964&//mmdiscos.bandcamp.com/track/tropic-quarentino,ITM-60116288,ART-7850E7F5,USR-350,20200909,LOC-12470FE4,1,1.77,0.27,1.5
1599689847.68777&//e-v-o-l.bandcamp.com/album/diag909,ITM-DE07D8AD,ART-EC45A52D,USR-47,20200909,LOC-0B3B97FA,1,1.3,0.2,1.1
1599689848.10034&//rosaanschuetz.bandcamp.com/track/rigid,ITM-C7207657,ART-2021F8A0,USR-355,20200909,LOC-0D149B90,1,2.19,0.33,1.8599999999999999
1599689848.85928&//rosaanschuetz.bandcamp.com/track/opacity-2,ITM-BAD6A5DD,ART-2021F8A0,USR-311,20200909,LOC-0D149B90,1,2.19,0.33,1.8599999999999999
1599689850.01731&//cookinsoul.bandcamp.com/track/pick-up,ITM-069AB15D,ART-8CF2879F,USR-424,20200909,LOC-0B3B97FA,1,1.77,0.27,1.5
1599689857.39886&//nbdknw.bandcamp.com/album/re-flex-ion,ITM-723E97B7,ART-CC2AB148,USR-308,20200909,LOC-82A9E4D2,1,13.0,1.3,11.7
1599689861.66789&https://music.dandywarhols.com/album/warhol-wednesday-endless-live-album,ITM-C75784F8,ART-72171BB9,USR-144,20200909,LOC-0B3B97FA,1,10.0,1.5,8.5
1599689862.8073&//mossferatu.bandcamp.com/album/nature-family,ITM-938616DC,ART-FFE3FC54,USR-269,20200909,LOC-0B3B97FA,1,7.0,1.05,5.95
1599689863.20532&//radiantlove.bandcamp.com/album/bliss-inc-hacking-the-planet,ITM-023331EB,ART-5036DFFB,USR-370,20200909,LOC-0B3B97FA,1,7.08,1.06,6.02
1599689863.72885&//belltowers.bandcamp.com/track/another-lonely-night-in-berlin,ITM-94168EEF,ART-46C44ABF,USR-124,20200909,LOC-1A13105B,1,1.18,0.18,1.0
1599689867.88508&//jake-walker.bandcamp.com/track/thinkin-jakes-2002-groove-version,ITM-7F5F1704,ART-771A1B14,USR-106,20200909,LOC-25400724,1,1.3,0.2,1.1
1599689869.29148&//dlvmusic.bandcamp.com/track/rave-instructor-original-mix,ITM-C30962BA,ART-EDE320F6,USR-158,20200909,LOC-82A9E4D2,1,2.36,0.35,2.01
1599689872.93396&//cmpbld.bandcamp.com/merch/camp-blood-logo-t-shirt,ITM-05A1FE7E,ART-0610D729,USR-147,20200909,LOC-0B3B97FA,1,15.0,1.5,13.5
1599689874.79119&//spindarecords.bandcamp.com/album/la-tumba,ITM-D46E5D6C,ART-398995F5,USR-145,20200909,LOC-12470FE4,1,5.9,0.88,5.0200000000000005
1599689875.37703&//modern-technology.bandcamp.com/album/service-provider-2,ITM-508A05A7,ART-30D6537D,USR-120,20200909,LOC-25400724,1,6.5,0.98,5.52
1599689875.94834&https://music.midwestcollective.us/album/odyssey,ITM-C3BBD504,ART-710533DD,USR-319,20200909,LOC-0B3B97FA,1,5.0,0.75,4.25
1599689878.57347&//noaloharecords.bandcamp.com/album/we-are-never-alone-songs-of-vic-chesnutt,ITM-B6700850,ART-772DEFE5,USR-275,20200909,LOC-7885444A,1,17.71,1.77,15.940000000000001
1599689879.71461&//gloga.bandcamp.com/album/erotic-salts,ITM-A0F74D92,ART-A9D098D4,USR-92,20200909,LOC-7885444A,1,1.0,0.15,0.85
1599689884.78276&//lightningdust.bandcamp.com/album/material-life,ITM-25E86DDC,ART-038B2B26,USR-58,20200909,LOC-0B3B97FA,1,2.0,0.3,1.7
1599689885.2225&//chuwanaga.bandcamp.com/track/try-it-out,ITM-0C2127EA,ART-FDAE8593,USR-439,20200909,LOC-82A9E4D2,1,1.77,0.27,1.5
1599689886.49987&//konx-om-pax.bandcamp.com/track/rez-skee-mask-remix,ITM-9B003FB2,ART-35F71553,USR-346,20200909,LOC-D88FC6ED,1,1.3,0.2,1.1
1599689886.65561&//julianlynch.bandcamp.com/album/terra,ITM-9C557202,ART-425E038B,USR-229,20200909,LOC-0B3B97FA,1,12.0,1.2,10.8
1599689887.45122&//mattmays.bandcamp.com/album/dog-city,ITM-F96F79E5,ART-0A057B77,USR-474,20200909,LOC-0B3B97FA,1,26.6,2.66,23.94
1599689888.90457&//jmmstr.bandcamp.com/track/in-the-stone-jam-masters-remix-rework,ITM-AC7B98FD,ART-ABCD5190,USR-117,20200909,LOC-55ADD3D8,1,2.36,0.35,2.01
1599689890.11265&//middlemanrecords.bandcamp.com/album/piri-reis-coma-regalia-split-10,ITM-4B1A4257,ART-4987EE01,USR-318,20200909,LOC-0B3B97FA,1,10.0,1.0,9.0
1599689890.20364&//middlemanrecords.bandcamp.com/album/death-of-spring,ITM-E502FBDD,ART-4987EE01,USR-279,20200909,LOC-0B3B97FA,1,14.0,1.4,12.6
1599689890.69432&//middlemanrecords.bandcamp.com/album/treading-water,ITM-80922D4E,ART-1C83C3C9,USR-127,20200909,LOC-0B3B97FA,1,15.0,1.5,13.5
1599689890.95069&//middlemanrecords.bandcamp.com/album/s-t-6,ITM-2E9D10F6,ART-BF19856E,USR-393,20200909,LOC-0B3B97FA,1,13.0,1.3,11.7
1599689892.18033&//breathing-rainbow.bandcamp.com/track/toxic-ocean-nuclear-sea,ITM-CC72AA5C,ART-3ED21982,USR-396,20200909,LOC-0B3B97FA,1,1.0,0.15,0.85
1599689896.56437&//detritirecords.bandcamp.com/album/the-populists-aka-yan-wagner-belgian-trip,ITM-2F7B2D81,ART-2C2F4FF9,USR-129,20200909,LOC-82A9E4D2,1,3.54,0.53,3.01
1599689899.18539&//kutiman.bandcamp.com/album/kutiman-feat-melike-ahin-elimi-tut-ep,ITM-EB2EDCE1,ART-D063277E,USR-58,20200909,LOC-8BCC25C9,1,7.0,0.7,6.3
1599689899.56771&//evitceles.bandcamp.com/album/--2,ITM-0EBA4416,ART-4E570A8C,USR-122,20200909,LOC-0B3B97FA,1,8.26,0.83,7.43
1599689902.16689&//clubglow.bandcamp.com/track/cheatin,ITM-1C5280D1,ART-DEE212F3,USR-1,20200909,LOC-1A13105B,1,1.3,0.2,1.1
1599689904.59357&//anaroxanne.bandcamp.com/album/because-of-a-flower-2,ITM-233724C5,ART-B841641B,USR-239,20200909,LOC-8BCC25C9,1,14.0,1.4,12.6
1599689908.03276&//joanshelley.bandcamp.com/album/live-at-the-bomhard,ITM-58324F04,ART-2C5AA813,USR-290,20200909,LOC-0B3B97FA,1,10.0,1.5,8.5
1599689909.22396&//annereburn.bandcamp.com/track/you-keep-me-hangin-on-the-supremes-cover,ITM-BFF6CF41,ART-A91EE5FA,USR-96,20200909,LOC-82A9E4D2,1,1.5,0.22,1.28
1599689909.64927&//annereburn.bandcamp.com/track/me-too-meghan-trainor-cover,ITM-BCA7B6AB,ART-A91EE5FA,USR-126,20200909,LOC-82A9E4D2,1,1.5,0.22,1.28
1599689909.82596&//annereburn.bandcamp.com/track/addicted-to-love-cover,ITM-BE720308,ART-A91EE5FA,USR-118,20200909,LOC-82A9E4D2,1,1.5,0.22,1.28
1599689918.65132&//busdriver-thumbs.bandcamp.com/album/unreleased-hits-single,ITM-DA73A47C,ART-A365D790,USR-48,20200909,LOC-EFAD7ABB,1,1.0,0.15,0.85
1599689924.61137&//bingsatellites.bandcamp.com/track/waterfall,ITM-09C9EA00,ART-F5B65F2F,USR-89,20200909,LOC-7885444A,1,1.3,0.2,1.1
1599689925.24432&//bodytheory.bandcamp.com/track/b1-a-man-of-god,ITM-C6EBC246,ART-15332BCF,USR-488,20200909,LOC-82A9E4D2,1,1.77,0.27,1.5
1599689928.14261&//youvechangedrecords.bandcamp.com/track/it-is-what-it-is-radio-edit,ITM-53800F59,ART-74C80AB0,USR-237,20200909,LOC-5435C69E,1,0.76,0.11,0.65
1599689928.17287&//toomanyzooz.bandcamp.com/track/make-room,ITM-F0FD1642,ART-3DBEEBE5,USR-373,20200909,LOC-0B3B97FA,1,1.0,0.15,0.85
1599689931.28348&//jacidorex.bandcamp.com/track/trave,ITM-B77306EB,ART-61824D90,USR-385,20200909,LOC-5F02F088,1,1.77,0.27,1.5
1599689932.9866&//plushorganics.bandcamp.com/album/rain-for-love,ITM-1915EFA1,ART-A9D098D4,USR-272,20200909,LOC-7885444A,1,1.0,0.15,0.85
1599689935.05839&//astralwaves.bandcamp.com/album/la-danse-de-la-lune,ITM-02EFF908,ART-90490442,USR-189,20200909,LOC-0B3B97FA,1,1.0,0.15,0.85
1599689935.53013&//auroraxmusic.bandcamp.com/track/tribe-earth-2,ITM-09E4363F,ART-BE641F76,USR-487,20200909,LOC-0B3B97FA,1,1.5,0.22,1.28
1599689935.63178&//cosmic-dust-music.bandcamp.com/track/sadogashima,ITM-D9FF2D23,ART-A29AF5DA,USR-192,20200909,LOC-0B3B97FA,1,1.5,0.22,1.28
1599689935.66539&//labscloud.bandcamp.com/track/the-friendship-of-the-lonely-chords,ITM-19D1DD1B,ART-5E9E488C,USR-447,20200909,LOC-0B3B97FA,1,4.5,0.68,3.82
1599689935.67997&//primabot.bandcamp.com/track/exotic-biotic,ITM-A5C17E2F,ART-66AAD3A0,USR-69,20200909,LOC-0B3B97FA,1,1.5,0.22,1.28
1599689935.69875&//lydia-music.bandcamp.com/track/levitate,ITM-B51220A3,ART-056DE85F,USR-278,20200909,LOC-0B3B97FA,1,4.5,0.68,3.82
1599689935.74339&//imd-music.bandcamp.com/track/hertz-01,ITM-1A7CC0AA,ART-276BE5D0,USR-349,20200909,LOC-0B3B97FA,1,1.0,0.15,0.85
1599689935.78998&//zero-theory.bandcamp.com/track/duat-land-of-the-dead,ITM-35735BF3,ART-711D71C1,USR-247,20200909,LOC-0B3B97FA,1,1.5,0.22,1.28
1599689939.59045&//petbrick.bandcamp.com/album/deafbrick,ITM-01A830EA,ART-8BC54BBB,USR-451,20200909,LOC-1A13105B,1,25.98,2.6,23.38
1599689943.50205&//paulbabelay.bandcamp.com/album/my-vibe-the-album,ITM-D2269F4F,ART-3DA84BA7,USR-76,20200909,LOC-0B3B97FA,1,20.0,3.0,17.0
1599689943.76941&//tabbalfadi.bandcamp.com,ITM-D8704B17,ART-5C5BF1AB,USR-154,20200909,LOC-0B3B97FA,1,14.0,2.1,11.9
1599689945.51763&//hiraeth-records.bandcamp.com/album/--3,ITM-5602B347,ART-28F3B382,USR-144,20200909,LOC-8BCC25C9,1,5.9,0.88,5.0200000000000005
1599689951.09684&//mogwai.bandcamp.com/album/2018,ITM-84DDFB34,ART-B5A275FD,USR-435,20200909,LOC-7885444A,1,12.99,1.95,11.040000000000001
1599689952.77845&//scarletseason.bandcamp.com/track/meditation-01,ITM-9900BDB9,ART-906D4F1D,USR-485,20200909,LOC-0B3B97FA,1,1.0,0.15,0.85
1599689953.64357&//mandolinorange.bandcamp.com/album/austin-city-limits-live-at-the-moody-theater-3,ITM-0E07CA5E,ART-CFA2B5C4,USR-86,20200909,LOC-0B3B97FA,1,40.0,4.0,36.0
1599689953.78202&//sylvanesso.bandcamp.com/album/free-love,ITM-65F1583B,ART-5E90C4F3,USR-185,20200909,LOC-0B3B97FA,1,12.0,1.2,10.8
1599689953.86727&//animalialabel.bandcamp.com/track/resurgence,ITM-E2A65FBA,ART-45047FD6,USR-285,20200909,LOC-4605F628,1,2.55,0.38,2.17
1599689956.35568&//williammccarthy1.bandcamp.com/album/the-bloodline-e-p,ITM-1F140164,ART-1065274D,USR-462,20200909,LOC-7885444A,1,5.0,0.75,4.25
1599689956.87727&//denguedenguedengue.bandcamp.com/album/fiebre,ITM-763DDF5D,ART-6F0BEE0A,USR-220,20200909,LOC-0D149B90,1,17.71,1.77,15.940000000000001
1599689958.26941&//davidnance.bandcamp.com/album/basket-music-w-gun-outfit,ITM-13400B25,ART-32DAE029,USR-69,20200909,LOC-0B3B97FA,1,7.0,1.05,5.95
1599689959.2299&//steveroach.bandcamp.com/album/stillpoint,ITM-2929BCE5,ART-299AE1EE,USR-47,20200909,LOC-0B3B97FA,1,1.0,0.15,0.85
1599689959.36071&//steveroach.bandcamp.com/album/back-to-life,ITM-F464DCC0,ART-299AE1EE,USR-497,20200909,LOC-0B3B97FA,1,1.0,0.15,0.85
1599689959.83735&//mandolinorange.bandcamp.com/album/austin-city-limits-live-at-the-moody-theater-3,ITM-0E07CA5E,ART-CFA2B5C4,USR-94,20200909,LOC-0B3B97FA,1,40.0,4.0,36.0
1599689959.97913&//steveroach.bandcamp.com/album/inannas-dream,ITM-32D68F91,ART-9B7126D7,USR-238,20200909,LOC-0B3B97FA,1,1.0,0.15,0.85
1599689962.6097&//artistsfromnowhere.bandcamp.com/album/afn-004,ITM-4D20C361,ART-83F4BE2D,USR-446,20200909,LOC-8BCC25C9,1,10.62,1.59,9.03
1599689963.32828&//arthurrobert.bandcamp.com/track/concentration,ITM-C9E7480C,ART-2C8DDE97,USR-453,20200909,LOC-9C049173,1,3.54,0.53,3.01
1599689965.04457&//mutualintentions.bandcamp.com/merch/ivan-ave-x-club-121-project-cap,ITM-9413CF15,ART-65AEA56C,USR-204,20200909,LOC-7FA3B767,1,46.03,4.6,41.43
1599689974.91439&//universaltriberecords.bandcamp.com/album/eartheogen-tweaked-tiki-free-release,ITM-8E4928F6,ART-DC4A7723,USR-400,20200909,LOC-7885444A,1,0.73,0.11,0.62
1599689976.38357&//c64music.bandcamp.com/album/the-calm,ITM-64D62191,ART-13637FEA,USR-218,20200909,LOC-7885444A,1,7.8,1.17,6.63
1599689976.58233&//romasa.bandcamp.com/album/insufferable-cave-of-rotting-aspiration,ITM-A3B03CB9,ART-8C4E637F,USR-474,20200909,LOC-0B3B97FA,1,6.66,0.67,5.99
1599689977.7817&//prophetrecordings.bandcamp.com/track/on-own-beach,ITM-1380CEB5,ART-7CBF9E72,USR-432,20200909,LOC-82A9E4D2,1,2.11,0.32,1.7899999999999998
1599689978.00521&//patjaffe.bandcamp.com/album/eldorado,ITM-F4EE90CE,ART-8A2A2597,USR-341,20200909,LOC-8BCC25C9,1,25.45,2.54,22.91
1599689978.22208&//sentakumusic.bandcamp.com/album/ushi,ITM-BF818CA3,ART-59C4B85B,USR-39,20200909,LOC-7885444A,1,5.9,0.88,5.0200000000000005
1599689979.92841&//wiretaprecords.bandcamp.com/album/grower,ITM-53D0C4B4,ART-9006F200,USR-100,20200909,LOC-0B3B97FA,1,4.0,0.6,3.4
1599689980.47639&//chromeo.bandcamp.com/merch/solidarity-with-beirut-t-shirt,ITM-280B0D28,ART-BA597EB0,USR-289,20200909,LOC-0B3B97FA,1,30.0,3.0,27.0
1599689980.88657&//fashionqueens.bandcamp.com/track/music-is-my-life-wilsons-original,ITM-31C878DA,ART-94594778,USR-254,20200909,LOC-4605F628,1,2.6,0.39,2.21
1599689981.0312&//cyberjit.bandcamp.com/track/astral,ITM-82D37D79,ART-D30B756D,USR-222,20200909,LOC-5F02F088,1,1.77,0.27,1.5
1599689984.31763&//churchwoodatx.bandcamp.com/album/plenty-wrong-to-go-awry,ITM-331D0F2A,ART-F74E8390,USR-357,20200909,LOC-0B3B97FA,1,22.0,2.2,19.8
1599689984.37476&//harveymc.bandcamp.com/album/rascality,ITM-22E7C9ED,ART-B666EA6B,USR-23,20200909,LOC-0B3B97FA,1,22.0,2.2,19.8
1599689984.74087&//digitallandscapesrec.bandcamp.com/track/key-to-insaniity-vs-tokoloshe-totem-tamers,ITM-8275FE55,ART-B129B60A,USR-250,20200909,LOC-5F02F088,1,1.18,0.18,1.0
1599689985.00381&//bedouine.bandcamp.com/track/thirteen,ITM-C9C15D36,ART-A5B7EBAB,USR-10,20200909,LOC-0B3B97FA,1,1.0,0.15,0.85
1599689985.23699&//bedouine.bandcamp.com/track/the-hum,ITM-4BF07FA8,ART-B4A8072C,USR-246,20200909,LOC-0B3B97FA,1,1.0,0.15,0.85
1599689988.31643&//yairlevi.bandcamp.com/track/yair-levi-asaf-goren-shai-sol-ben-adam,ITM-810C8FF1,ART-AF2ABF08,USR-325,20200909,LOC-0B3B97FA,1,2.94,0.44,2.5
1599689988.82261&//yairlevi.bandcamp.com/track/refa-na,ITM-74F2691A,ART-91756A74,USR-100,20200909,LOC-0B3B97FA,1,1.47,0.22,1.25
1599689989.8438&//vertigoaway.bandcamp.com/album/jungle-witch,ITM-1B19BA14,ART-1B389C93,USR-290,20200909,LOC-0B3B97FA,1,5.0,0.75,4.25
1599689990.95649&//origamiangel.bandcamp.com/album/somewhere-city,ITM-8A77BE8D,ART-7E734D40,USR-180,20200909,LOC-0B3B97FA,1,1.0,0.15,0.85
1599689991.45645&//jeku.bandcamp.com/track/hydrostatic,ITM-5B0FBA89,ART-4F40E2A8,USR-223,20200909,LOC-82A9E4D2,1,2.07,0.31,1.7599999999999998
1599689994.42264&//sahale.bandcamp.com/track/hell-on-earth,ITM-1304BF0A,ART-C3F661B1,USR-394,20200909,LOC-0B3B97FA,1,1.18,0.18,1.0
1599689994.49824&//sahale.bandcamp.com/track/jaber-fayad-sufi-taksim-sahal-edit,ITM-2F820EA5,ART-C3F661B1,USR-250,20200909,LOC-0B3B97FA,1,0.59,0.09,0.5
1599689994.79566&//hypnoticdirgerecords.bandcamp.com/album/echoes,ITM-D8C92F5E,ART-826A75F1,USR-147,20200909,LOC-EFAD7ABB,1,3.8,0.57,3.23
1599689998.14666&//cellojoe.bandcamp.com/track/waltz-ala-peter-gundry,ITM-C69FB0C4,ART-DE7B2077,USR-442,20200909,LOC-0B3B97FA,1,0.5,0.08,0.42
1599690001.55778&//nebulamusicstore.bandcamp.com/album/kromestar-lost-gemz-ep,ITM-F95F4AA1,ART-8682B5EA,USR-96,20200909,LOC-7885444A,1,3.88,0.58,3.3
1599690003.46064&//moodymann.bandcamp.com/album/demos-cassettes-adats-floppies-pt-1-kdj-51,ITM-B4DF90A2,ART-1EAA97C1,USR-257,20200909,LOC-1A13105B,1,5.67,0.85,4.82
1599690004.5304&//evernewohcanada.bandcamp.com/album/ever-new,ITM-88DC67E5,ART-F22794F6,USR-325,20200909,LOC-5435C69E,1,26.6,3.99,22.61
1599690005.08549&//vladimirgnatenko.bandcamp.com/track/stun,ITM-27E9C0D7,ART-C34F4485,USR-493,20200909,LOC-4605F628,1,2.36,0.35,2.01
1599690009.55804&//yearofnolight.bandcamp.com/album/split-w-bagarre-g-n-rale,ITM-477AD6FF,ART-9BD63CC5,USR-4,20200909,LOC-5F02F088,1,9.44,1.42,8.02
1599690010.02158&//amandapalmer.bandcamp.com/track/its-a-fire,ITM-F135A1D5,ART-73D37961,USR-16,20200909,LOC-8BCC25C9,1,10.0,1.5,8.5
1599690020.36999&//hieronymusbogs.bandcamp.com/album/the-mystic-way,ITM-FE77E1C1,ART-CB602C05,USR-280,20200909,LOC-5435C69E,1,10.0,1.5,8.5
1599690021.11315&//balintboldizsar.bandcamp.com/track/samba-de-velho,ITM-DD7FDB9A,ART-D6B2DE3C,USR-336,20200909,LOC-0B3B97FA,1,1.16,0.17,0.9899999999999999
1599690021.26649&//balintboldizsar.bandcamp.com/track/mama-africa,ITM-60B3DCCC,ART-D6B2DE3C,USR-247,20200909,LOC-0B3B97FA,1,0.33,0.05,0.28
1599690021.7843&//balintboldizsar.bandcamp.com/track/sigalala,ITM-D093E294,ART-D6B2DE3C,USR-258,20200909,LOC-0B3B97FA,1,0.33,0.05,0.28
1599690027.77551&//whitechapelmetal.bandcamp.com/album/the-valley,ITM-B83B2EBB,ART-C2855B66,USR-497,20200909,LOC-0B3B97FA,1,10.0,1.5,8.5
1599690030.10279&//hypnoticdirgerecords.bandcamp.com/album/the-heavens-are-not-on-fire,ITM-968FCFF4,ART-826A75F1,USR-476,20200909,LOC-EFAD7ABB,1,3.8,0.57,3.23
1599690033.24088&//djkanednb.bandcamp.com/album/dj-kane-feat-future-forces-morpheus-2020-remaster,ITM-F2CDDE7C,ART-EA6157F3,USR-384,20200909,LOC-5435C69E,1,1.95,0.29,1.66
1599690033.54772&//templo.bandcamp.com/album/imaginary-dancing-volume-one,ITM-CB71DAE8,ART-097AD562,USR-160,20200909,LOC-4605F628,1,7.0,1.05,5.95
1599690035.32515&//epicureanescapism.bandcamp.com/album/the-hunters-in-the-snow-a-contemplation-on-pieter-bruegel-s-series-of-the-seasons,ITM-5ABAE7AC,ART-5D620F3B,USR-475,20200909,LOC-5F02F088,1,16.52,1.65,14.87
1599690035.72764&//epicureanescapism.bandcamp.com/album/golden-temple-cd,ITM-FB33B29F,ART-468DD35A,USR-340,20200909,LOC-5F02F088,1,15.93,1.59,14.34
1599690037.66364&//reallyslowmotion.bandcamp.com,ITM-A63408D4,ART-C810DB99,USR-152,20200909,LOC-12470FE4,1,90.0,13.5,76.5
1599690039.54599&//absoluteremixes.bandcamp.com/track/suzi-quatro-chris-norman-stumblin-in-absolute-remix,ITM-9EE7F29D,ART-9EE7F29D,USR-396,20200909,LOC-3605C251,1,2.22,0.33,1.8900000000000001
1599690039.94319&//absoluteremixes.bandcamp.com/track/marvin-gaye-vs-beyonc-sexual-boy-absolute-remix,ITM-9C6142A3,ART-9C6142A3,USR-178,20200909,LOC-3605C251,1,2.22,0.33,1.8900000000000001
1599690040.05363&//ballerinablackmusic.bandcamp.com/album/whails-ep,ITM-372B8904,ART-DFCEFB25,USR-163,20200909,LOC-12470FE4,1,4.0,0.6,3.4
1599690042.91244&//mandolinorange.bandcamp.com/album/austin-city-limits-live-at-the-moody-theater-3,ITM-0E07CA5E,ART-CFA2B5C4,USR-380,20200909,LOC-0B3B97FA,1,40.0,4.0,36.0
1599690043.31574&//thehalobenders.bandcamp.com/album/the-rebels-not-in,ITM-AEC497CC,ART-61950296,USR-33,20200909,LOC-0B3B97FA,1,7.0,1.05,5.95
1599690043.3539&//zegemabeachrecords.bandcamp.com/album/marked,ITM-B80C545E,ART-59DF053E,USR-417,20200909,LOC-0B3B97FA,1,1.0,0.15,0.85
1599690043.6797&//mandolinorange.bandcamp.com/album/austin-city-limits-live-at-the-moody-theater-3,ITM-0E07CA5E,ART-CFA2B5C4,USR-445,20200909,LOC-0B3B97FA,1,45.0,4.5,40.5
1599690045.87922&//thexav.bandcamp.com/album/black-duke,ITM-9913928C,ART-7CAC821B,USR-179,20200909,LOC-0B3B97FA,1,10.0,1.5,8.5
1599690046.27514&//repeatoffenderca.bandcamp.com/album/demo,ITM-F0258B66,ART-EA9E35AE,USR-427,20200909,LOC-5435C69E,1,4.0,0.6,3.4
1599690047.90899&//cyberjit.bandcamp.com/track/yoimergency,ITM-24F688EE,ART-392ACE06,USR-101,20200909,LOC-5F02F088,1,1.77,0.27,1.5
1599690049.0145&//griffinmcelroy.bandcamp.com/album/the-beast-the-water-music-from-the-adventure-zone-amnesty-2,ITM-54029545,ART-BC915878,USR-268,20200909,LOC-0B3B97FA,1,5.0,0.75,4.25
1599690049.09025&//griffinmcelroy.bandcamp.com/album/the-adventure-zone-the-eleventh-hour-ost,ITM-55333A6B,ART-BC915878,USR-323,20200909,LOC-0B3B97FA,1,5.0,0.75,4.25
1599690049.69573&//griffinmcelroy.bandcamp.com/album/the-adventure-zone-the-crystal-kingdom-ost,ITM-CA4AC7AF,ART-BC915878,USR-65,20200909,LOC-0B3B97FA,1,5.0,0.75,4.25
1599690049.73414&//griffinmcelroy.bandcamp.com/album/journeys-end-music-from-the-adventure-zone,ITM-0A93F54E,ART-BC915878,USR-417,20200909,LOC-0B3B97FA,1,5.0,0.75,4.25
1599690049.85408&//griffinmcelroy.bandcamp.com/album/radio-quiet-music-from-the-adventure-zone-amnesty,ITM-EA7DFCDF,ART-BC915878,USR-168,20200909,LOC-0B3B97FA,1,5.0,0.75,4.25
1599690049.95181&//griffinmcelroy.bandcamp.com/album/semesters-i-and-ii-music-from-the-adventure-zone-graduation,ITM-692A6E2A,ART-BC915878,USR-330,20200909,LOC-0B3B97FA,1,5.0,0.75,4.25
1599690049.99747&//griffinmcelroy.bandcamp.com/album/the-adventure-zone-the-suffering-game-ost,ITM-E949CD9E,ART-BC915878,USR-43,20200909,LOC-0B3B97FA,1,5.0,0.75,4.25
1599690053.30875&//aidanknight.bandcamp.com/album/aidan-knight,ITM-8B561394,ART-46EDBCC7,USR-44,20200909,LOC-5435C69E,1,22.8,2.28,20.52
1599690053.35896&//sentakumusic.bandcamp.com/track/o-ren-ishii,ITM-10185D5B,ART-8B0E8D52,USR-285,20200909,LOC-7885444A,1,1.77,0.27,1.5
1599690058.13308&//camilleandhaley.bandcamp.com/track/keep-america-great-single,ITM-2E1C12DF,ART-87F9DAED,USR-397,20200909,LOC-0B3B97FA,1,1.0,0.15,0.85
1599690063.09172&//tvgirl.bandcamp.com/album/french-exit,ITM-95A77F5A,ART-09DBD3DC,USR-12,20200909,LOC-0B3B97FA,1,20.0,2.0,18.0
1599690066.64104&//hotmood.bandcamp.com/track/touch-of-velvet,ITM-D68DAB53,ART-20B95565,USR-95,20200909,LOC-28840420,1,2.0,0.3,1.7
1599690068.21481&//thisisourtime.bandcamp.com/album/the-time-capsule-experiment,ITM-6211DC48,ART-B1410AA0,USR-302,20200909,LOC-12470FE4,1,7.08,1.06,6.02
1599690070.04204&//wilsontanner.bandcamp.com/track/further-than-your-headlights,ITM-04A2005A,ART-3D2A9F0F,USR-386,20200909,LOC-4605F628,1,0.73,0.11,0.62
1599690071.61034&//malojian.bandcamp.com/album/humm,ITM-2E43DC36,ART-642EAFF6,USR-253,20200909,LOC-7885444A,1,9.09,1.36,7.7299999999999995
1599690071.90027&//thependletonssf.bandcamp.com/album/keep-it-working-jacques-renault-remix,ITM-ADDFD170,ART-82C24C91,USR-499,20200909,LOC-7885444A,1,3.0,0.45,2.55
1599690072.26748&//tvgirl.bandcamp.com/album/french-exit,ITM-95A77F5A,ART-09DBD3DC,USR-242,20200909,LOC-0B3B97FA,1,20.0,2.0,18.0
1599690072.33155&//darknet2.bandcamp.com/track/svzz-mother-textasy-edit,ITM-EC2D06CE,ART-9DD65525,USR-35,20200909,LOC-D692BC40,1,1.0,0.15,0.85
1599690073.48234&//mandolinorange.bandcamp.com/album/austin-city-limits-live-at-the-moody-theater-3,ITM-0E07CA5E,ART-CFA2B5C4,USR-215,20200909,LOC-0B3B97FA,1,40.0,4.0,36.0
1599690074.00839&//regainrecords.bandcamp.com/merch/marduk-malice-striker-tour-2008-t-shirt,ITM-9D4DB06A,ART-EFC0932A,USR-337,20200909,LOC-EFAD7ABB,1,7.87,0.79,7.08
1599690074.23348&//regainrecords.bandcamp.com/album/world-funeral-jaws-of-hell-mmiii,ITM-FB56B45A,ART-EB2C788D,USR-90,20200909,LOC-EFAD7ABB,1,31.83,3.18,28.65
1599690074.63539&//regainrecords.bandcamp.com/merch/ofermod-pentagrammaton-t-shirt,ITM-F2F0D8D7,ART-EFC0932A,USR-264,20200909,LOC-EFAD7ABB,1,20.42,2.04,18.380000000000003
1599690079.14038&//tompkinssquare.bandcamp.com/album/imaginational-anthem-vol-x-overseas-edition,ITM-09A2B022,ART-0486C50B,USR-93,20200909,LOC-0ECBF942,1,10.0,1.5,8.5
1599690079.23294&//alcopop.bandcamp.com/album/redevelopment-ep,ITM-DF1F5B8B,ART-92727675,USR-410,20200909,LOC-1A13105B,1,6.5,0.98,5.52
1599690081.40588&//arubuavua.bandcamp.com,ITM-7877C606,ART-E6496219,USR-458,20200909,LOC-0B3B97FA,1,29.21,4.38,24.830000000000002
1599690082.49013&//sullyuk.bandcamp.com/album/swandive,ITM-C9815A89,ART-D6D65087,USR-90,20200909,LOC-7885444A,1,12.99,1.3,11.69
1599690088.31001&//desertsand.bandcamp.com/album/--19,ITM-6259211A,ART-67DBA931,USR-418,20200909,LOC-0B3B97FA,1,1.3,0.2,1.1
1599690089.21463&//squarelabmusic1.bandcamp.com/track/dezzert-instinct-reason,ITM-D80C9526,ART-0153E30B,USR-115,20200909,LOC-5F02F088,1,1.65,0.25,1.4
1599690093.4093&//hawxxmusic.bandcamp.com/track/low,ITM-28D0EDD0,ART-C2E5A8E6,USR-105,20200909,LOC-7885444A,1,1.3,0.2,1.1
1599690097.69916&//cyberjit.bandcamp.com/track/bass-on-dolph,ITM-9BFD70FC,ART-F74D67C7,USR-391,20200909,LOC-5F02F088,1,1.77,0.27,1.5
1599690100.74022&//mandolinorange.bandcamp.com/album/austin-city-limits-live-at-the-moody-theater-3,ITM-0E07CA5E,ART-CFA2B5C4,USR-196,20200909,LOC-0B3B97FA,1,40.0,4.0,36.0
1599690105.08895&//knxwledge.bandcamp.com/album/hx-prt-15,ITM-6AD86C0E,ART-0E567B3B,USR-314,20200909,LOC-0B3B97FA,1,10.0,1.5,8.5
1599690106.40212&//michefambro.bandcamp.com/album/caf-vignettes,ITM-F9077C40,ART-90A29518,USR-114,20200909,LOC-0B3B97FA,1,1.0,0.15,0.85
1599690106.77068&//michefambro.bandcamp.com/album/miche-and-the-big-band-live-at-the-riviera,ITM-153D15A8,ART-90A29518,USR-493,20200909,LOC-0B3B97FA,1,5.0,0.75,4.25
1599690109.61959&//berceuseheroique.bandcamp.com/track/jay-glass-dubs-apple-sliced,ITM-316FA432,ART-D9D2CAF3,USR-75,20200909,LOC-4605F628,1,1.95,0.29,1.66
1599690109.75377&//dyingvictimsproductions.bandcamp.com/album/hexecutor-beyond-any-human-conception-of-knowledge-2,ITM-4170ACD6,ART-91BCC3C6,USR-413,20200909,LOC-7885444A,1,12.98,1.3,11.68
1599690110.29267&//bitterlakerecordings.bandcamp.com/album/s-t-2xlp,ITM-C3993498,ART-121AAB32,USR-376,20200909,LOC-0B3B97FA,1,28.0,2.8,25.2
1599690113.07477&//mandolinorange.bandcamp.com/album/austin-city-limits-live-at-the-moody-theater-3,ITM-0E07CA5E,ART-CFA2B5C4,USR-420,20200909,LOC-0B3B97FA,1,40.0,4.0,36.0
1599690113.61108&//mandolinorange.bandcamp.com/album/austin-city-limits-live-at-the-moody-theater-3,ITM-BBBDBE37,ART-CFA2B5C4,USR-217,20200909,LOC-0B3B97FA,1,17.0,1.7,15.3
1599690115.59395&//donniejoeemerson.bandcamp.com/track/dont-disguise-the-way-you-feel,ITM-B2A64B56,ART-4313E170,USR-277,20200909,LOC-7885444A,1,1.0,0.15,0.85
1599690116.55746&//jumpstartrecords.bandcamp.com/album/get-wise,ITM-58CAC833,ART-401FF9ED,USR-249,20200909,LOC-0B3B97FA,1,5.99,0.6,5.390000000000001
1599690117.00809&//johnmarkmcmillan.bandcamp.com/album/basement-sessions-volume-1,ITM-FB53826D,ART-8A868044,USR-164,20200909,LOC-0B3B97FA,1,5.0,0.75,4.25
1599690117.55906&//johnmarkmcmillan.bandcamp.com/album/basement-sessions-volume-3,ITM-C2D2E6FF,ART-8A868044,USR-394,20200909,LOC-0B3B97FA,1,10.0,1.5,8.5
1599690117.66113&//pcmusic.bandcamp.com/album/appleville-golden-ticket,ITM-33DE36AE,ART-85C21F8C,USR-357,20200909,LOC-0B3B97FA,1,9.09,1.36,7.7299999999999995
1599690117.91433&//johnmarkmcmillan.bandcamp.com/album/basement-sessions-volume-2,ITM-2E4AC833,ART-8A868044,USR-457,20200909,LOC-0B3B97FA,1,10.0,1.5,8.5
1599690122.60434&//bossbattlerecords.bandcamp.com/album/no-straight-roads-original-soundtrack,ITM-2FC9ADF9,ART-9E208DF5,USR-408,20200909,LOC-0B3B97FA,1,10.0,1.5,8.5
1599690122.95791&//reinventingjude.bandcamp.com/track/transition-song,ITM-C21C17BD,ART-7D9358B6,USR-192,20200909,LOC-0B3B97FA,1,1.0,0.15,0.85
1599690124.43698&//mocky.bandcamp.com/album/saskamodie-10-years-anniversary-edition,ITM-7DA51959,ART-CE6E6B56,USR-227,20200909,LOC-0B3B97FA,1,10.62,1.59,9.03
1599690131.14753&//annamcclellan.bandcamp.com/album/i-saw-first-light,ITM-EF38D598,ART-CCE2D711,USR-177,20200909,LOC-0B3B97FA,1,9.0,0.9,8.1
1599690135.2125&//limbssss.bandcamp.com/track/oh-sweet-nothing-velvet-underground,ITM-035083A8,ART-CEC0A4FC,USR-99,20200909,LOC-7885444A,1,0.65,0.1,0.55
1599690135.36123&//meganemercury.bandcamp.com/album/fr33-b33f,ITM-90EED20B,ART-C864AB9F,USR-496,20200909,LOC-12470FE4,1,5.9,0.88,5.0200000000000005
1599690135.63919&//markvanhoen.bandcamp.com/track/real-love,ITM-C6ABDA8A,ART-436CA6AA,USR-36,20200909,LOC-4605F628,1,4.86,0.73,4.130000000000001
1599690137.43364&//anmarecords.bandcamp.com/album/cosmic-echoes,ITM-8C30CBF9,ART-64C57997,USR-466,20200909,LOC-7885444A,1,20.79,2.08,18.71
1599690140.68663&//rocksteadydisco.bandcamp.com/album/rsd-cs002-belle-isle-balearic-live-for-the-chill-out-tent-around-the-world-for-solstice-dj-mix,ITM-DC21CE30,ART-E95EB1DB,USR-497,20200909,LOC-0B3B97FA,1,10.0,1.0,9.0
1599690144.07602&//soulr3volution.bandcamp.com/album/flashbacks-vol-2,ITM-95CEB359,ART-F6ADC25E,USR-487,20200909,LOC-7885444A,1,7.8,1.17,6.63
1599690144.66362&//soulr3volution.bandcamp.com/album/flashbacks-vol-1,ITM-DEB51895,ART-F6ADC25E,USR-96,20200909,LOC-7885444A,1,7.8,1.17,6.63
1599690146.21312&//houndsteeeth.bandcamp.com/album/stain-your-tongue,ITM-5EEE52FF,ART-B0D91A05,USR-152,20200909,LOC-0B3B97FA,1,7.0,1.05,5.95
1599690147.30354&//pcmusic.bandcamp.com/album/appleville-golden-ticket,ITM-33DE36AE,ART-85C21F8C,USR-151,20200909,LOC-0B3B97FA,1,9.09,1.36,7.7299999999999995
1599690152.66228&//nickhemptonband.bandcamp.com/album/trio-stonk-live-at-smalls,ITM-1CF8AF47,ART-C2270F43,USR-190,20200909,LOC-0B3B97FA,1,10.0,1.5,8.5
1599690159.98165&//terencefixmer.bandcamp.com/album/issue-n-8,ITM-250CC08A,ART-09B43DEC,USR-224,20200909,LOC-5435C69E,1,3.54,0.53,3.01
1599690161.32549&//keepthefeel.bandcamp.com/merch/abstract-rude-mens-t-shirt-hoodie-set,ITM-47413504,ART-A6519F55,USR-37,20200909,LOC-0B3B97FA,1,85.0,8.5,76.5
1599690161.79816&//mandolinorange.bandcamp.com/album/austin-city-limits-live-at-the-moody-theater-3,ITM-0E07CA5E,ART-CFA2B5C4,USR-268,20200909,LOC-0B3B97FA,1,40.0,4.0,36.0
1599690162.31347&//kilogramrecords.bandcamp.com/album/kler,ITM-91F993E1,ART-FEA50531,USR-369,20200909,LOC-D91AF695,1,6.65,1.0,5.65
1599690164.16095&//phasefatalemusic.bandcamp.com/album/issue-n-fifteen,ITM-DF0BC7C3,ART-1795C61E,USR-183,20200909,LOC-5435C69E,1,7.08,1.06,6.02
1599690164.94127&//sebastiandali1.bandcamp.com/album/dali-three-good-boys-flying-mountain-ep,ITM-2A49082B,ART-DD67C667,USR-13,20200909,LOC-5F02F088,1,7.08,1.06,6.02
1599690164.99155&//phasefatalemusic.bandcamp.com/album/issue-n-ten,ITM-6A728BB5,ART-1795C61E,USR-279,20200909,LOC-5435C69E,1,7.08,1.06,6.02
1599690165.97121&//arabdigital-ibogarecords.bandcamp.com/track/buoyancy,ITM-3B66290E,ART-C5DB0F99,USR-217,20200909,LOC-4605F628,1,1.3,0.2,1.1
1599690169.74639&//kikagakumoyo.bandcamp.com/album/forest-of-lost-children,ITM-13A1241E,ART-92C1C59D,USR-355,20200909,LOC-0B3B97FA,1,20.0,2.0,18.0
1599690169.9044&//december4.bandcamp.com/album/issue-eleven-ep-jealous-god,ITM-0EBE40C5,ART-82331503,USR-361,20200909,LOC-5435C69E,1,5.9,0.88,5.0200000000000005
1599690171.22062&//ohhms.bandcamp.com/merch/matador-hoodie-hrr261,ITM-107CF519,ART-86106E61,USR-286,20200909,LOC-7885444A,1,16.88,1.69,15.19
1599690171.55609&//ohhms.bandcamp.com/album/close,ITM-4170ACD6,ART-86106E61,USR-273,20200909,LOC-7885444A,1,12.98,1.3,11.68
1599690175.0483&//blackmerlin-music.bandcamp.com/album/issue-n-fourteen,ITM-8C6A1302,ART-769DF046,USR-369,20200909,LOC-5435C69E,1,6.5,0.98,5.52
1599690176.7628&//topshelfrecords.bandcamp.com/album/3,ITM-B6C22E05,ART-2EAC6717,USR-62,20200909,LOC-0B3B97FA,1,18.0,1.8,16.2
1599690179.77652&//alessandroadriani.bandcamp.com/album/a-martyrs-death-jg-018,ITM-BD865A58,ART-823812F6,USR-84,20200909,LOC-5435C69E,1,8.26,1.24,7.02
1599690184.07011&//infantisland.bandcamp.com/merch/collections-shirt,ITM-973BB967,ART-1CAD16FC,USR-368,20200909,LOC-0B3B97FA,1,15.0,1.5,13.5
1599690184.33892&//beauwanzer.bandcamp.com/album/beau-wanzer-jealous-god-issue-twenty-s-t,ITM-ECFAE127,ART-CA6F36DC,USR-217,20200909,LOC-5435C69E,1,10.0,1.5,8.5
1599690185.83038&//forbiddenplacerecords.bandcamp.com/album/dungeon-weed-mind-palace-of-the-mushroom-god,ITM-0F9A1303,ART-74829419,USR-342,20200909,LOC-0B3B97FA,1,8.99,0.9,8.09
1599690188.27771&//operentzia.bandcamp.com/track/belgr-d,ITM-2786BE1F,ART-ABF20EBB,USR-397,20200909,LOC-4605F628,1,1.18,0.18,1.0
1599690188.35937&//rezzzn.bandcamp.com/merch/turquoise-logo-sticker,ITM-341637ED,ART-5CBCA265,USR-187,20200909,LOC-5435C69E,1,1.0,0.1,0.9
1599690188.39192&//rezzzn.bandcamp.com/merch/desert-portal-tee,ITM-359BB36A,ART-5CBCA265,USR-19,20200909,LOC-5435C69E,1,15.0,1.5,13.5
1599690191.67416&//sneakersocialclub.bandcamp.com/album/old-gold-ep,ITM-6597FA3E,ART-9763E47C,USR-177,20200909,LOC-28840420,1,5.2,0.78,4.42
1599690196.20512&//urgerecords.bandcamp.com/album/live-at-urge-records-cs,ITM-1009F257,ART-497478EE,USR-100,20200909,LOC-0B3B97FA,1,1.0,0.15,0.85
1599690196.38859&//mikemfnlove.bandcamp.com/track/you-walking-on-thin-ice-mike-mfn-love-edit,ITM-D79B57E5,ART-DCF6D8B1,USR-396,20200909,LOC-0B3B97FA,1,2.0,0.3,1.7
1599690198.99922&//restaurantmusic.bandcamp.com/album/free-music-npj,ITM-92F305F1,ART-4DCA3D36,USR-445,20200909,LOC-0B3B97FA,1,10.0,1.5,8.5
1599690201.06412&//krytentheredeemer.bandcamp.com/album/soda-jerk-e-p,ITM-5B50026B,ART-255BD87D,USR-233,20200909,LOC-0B3B97FA,1,1.0,0.15,0.85
1599690202.24012&//tvgirl.bandcamp.com/album/french-exit,ITM-95A77F5A,ART-09DBD3DC,USR-403,20200909,LOC-0B3B97FA,1,20.0,2.0,18.0
1599690205.76282&//freakscene1.bandcamp.com/album/lunch-money-ep-freak008,ITM-32003CE5,ART-9A5D1876,USR-76,20200909,LOC-0B3B97FA,1,3.9,0.58,3.32
1599690207.83237&//gazelletwin.bandcamp.com/album/unflesh,ITM-1AFCF649,ART-F572690E,USR-265,20200909,LOC-C97B334F,1,10.39,1.56,8.83
1599690209.60062&//hypercube-audio.bandcamp.com/track/candida-albicans,ITM-8490C40F,ART-D725A4C0,USR-455,20200909,LOC-4605F628,1,1.3,0.2,1.1
1599690210.33995&//bedouine.bandcamp.com/track/thirteen,ITM-C9C15D36,ART-A5B7EBAB,USR-284,20200909,LOC-7885444A,1,1.0,0.15,0.85
1599690214.31472&//joshuaburnside.bandcamp.com/track/i-saw-the-night,ITM-3F44FFDC,ART-CF7956F9,USR-206,20200909,LOC-0B3B97FA,1,0.99,0.15,0.84
1599690214.80808&//skeletonbirds.bandcamp.com/album/skeleton-birds,ITM-2D883303,ART-2D883303,USR-223,20200909,LOC-0B3B97FA,1,12.0,1.8,10.2
1599690217.09381&//aesoprock.bandcamp.com/album/spirit-world-field-guide,ITM-E7F497DB,ART-EC49A94B,USR-384,20200909,LOC-0B3B97FA,1,10.0,1.5,8.5
1599690224.59177&//timjordan1.bandcamp.com/album/dream-sweet-dreams,ITM-87B48FA4,ART-8F5D1526,USR-52,20200909,LOC-0B3B97FA,1,4.0,0.6,3.4
1599690226.79058&//theblindsidemusic.bandcamp.com/track/secrets,ITM-FFB85BFE,ART-B2CBA5D6,USR-339,20200909,LOC-8BCC25C9,1,7.27,1.09,6.18
1599690229.47944&//songsforsupper.bandcamp.com/album/songs-for-supper-vol-1,ITM-7BACA772,ART-A50CA028,USR-367,20200909,LOC-0B3B97FA,1,6.5,0.98,5.52
1599690232.89625&//abandonsilence.bandcamp.com/track/lucas-welle-dont-tell-me-mele-edit,ITM-C4CCA6F8,ART-93A9F601,USR-144,20200909,LOC-25400724,1,1.5,0.22,1.28
1599690233.81058&//jasonisbell.bandcamp.com/album/live-at-merriweather-post-pavilion-columbia-md-6-18-16,ITM-F4C831B8,ART-2661AD37,USR-373,20200909,LOC-0B3B97FA,1,10.0,1.5,8.5
1599690235.60159&//kippersforbreakfast.bandcamp.com/track/have-yourself-a-merry-little-christmas,ITM-6B932E4C,ART-9DC446AE,USR-69,20200909,LOC-0B3B97FA,1,1.3,0.2,1.1
1599690235.77237&//conradschnitzler.bandcamp.com/album/auf-dem-schwarzen-kanal,ITM-4F791B7D,ART-BE0C4208,USR-99,20200909,LOC-4605F628,1,4.71,0.71,4.0
1599690239.05193&//sadhusensi.bandcamp.com/album/tales-of-the-red-cat,ITM-2073A927,ART-B39E8D9B,USR-396,20200909,LOC-0B3B97FA,1,7.0,1.05,5.95
1599690239.42003&//paysagedhiver.bandcamp.com/album/das-tor,ITM-C89DE189,ART-3DA6A1B8,USR-25,20200909,LOC-0B3B97FA,1,7.0,1.05,5.95
1599690239.8518&//manikmc.bandcamp.com/merch/midnight-express-t-shirt,ITM-918745E1,ART-4A379457,USR-436,20200909,LOC-7885444A,1,25.98,2.6,23.38
1599690239.8532&//paysagedhiver.bandcamp.com/album/nacht,ITM-C96C1810,ART-3DA6A1B8,USR-379,20200909,LOC-0B3B97FA,1,7.0,1.05,5.95
1599690239.96393&//paysagedhiver.bandcamp.com/album/im-wald,ITM-8A4D44E1,ART-3DA6A1B8,USR-469,20200909,LOC-0B3B97FA,1,11.0,1.65,9.35
1599690245.32193&//atanganarecords.bandcamp.com/album/talon-haut-ce-bon-comme-ca,ITM-E19153CF,ART-F22794F6,USR-484,20200909,LOC-12470FE4,1,3.54,0.53,3.01
1599690247.03178&//heycolossus.bandcamp.com/album/project-death,ITM-C7E94C65,ART-37989ADA,USR-53,20200909,LOC-0B3B97FA,1,10.39,1.56,8.83
1599690250.02616&//flippendisks.bandcamp.com/track/tamboe,ITM-CC28A67E,ART-A306465C,USR-151,20200909,LOC-0D149B90,1,1.77,0.27,1.5
1599690250.0466&//smartsworld.bandcamp.com/album/who-needs-smarts-anyway-2,ITM-0AC799CE,ART-8DDF025C,USR-144,20200909,LOC-0B3B97FA,1,20.0,2.0,18.0
1599690252.08558&//neuralcave.bandcamp.com/album/seven-auras,ITM-2BC46048,ART-2E1CBA89,USR-57,20200909,LOC-12470FE4,1,8.26,1.24,7.02
1599690252.96757&//georgiaannemuldrow.bandcamp.com/album/vweto-ii,ITM-9948A066,ART-01B67F39,USR-39,20200909,LOC-0B3B97FA,1,9.0,1.35,7.65
1599690253.28331&//rzmuzik.bandcamp.com/track/the-message-hip-house-mix,ITM-52D140E2,ART-CD727074,USR-109,20200909,LOC-7885444A,1,1.18,0.18,1.0
1599690253.83306&//jeku.bandcamp.com/track/dream-reality,ITM-62E4B063,ART-4F40E2A8,USR-181,20200909,LOC-82A9E4D2,1,2.07,0.31,1.7599999999999998
1599690255.95492&//mandolinorange.bandcamp.com/album/austin-city-limits-live-at-the-moody-theater-3,ITM-0E07CA5E,ART-CFA2B5C4,USR-42,20200909,LOC-0B3B97FA,1,40.0,4.0,36.0
1599690256.64454&//themangoalley.bandcamp.com/album/narere,ITM-BF414FA0,ART-35515451,USR-186,20200909,LOC-12470FE4,1,2.0,0.3,1.7
1599690259.26119&//stastheeboss.bandcamp.com/album/on-the-quarner-mastered,ITM-61627CD9,ART-3F428E23,USR-423,20200909,LOC-0B3B97FA,1,10.0,1.5,8.5
1599690260.0657&//piezopz.bandcamp.com/track/xerotonin,ITM-FCFB0CA4,ART-2482BAD1,USR-398,20200909,LOC-4605F628,1,1.77,0.27,1.5
1599690260.82965&//junkshopguru.bandcamp.com/album/les-baxter-the-sound-of-selling,ITM-5292C4C9,ART-1C4BE399,USR-223,20200909,LOC-0B3B97FA,1,1.0,0.15,0.85
1599690261.36167&//gaveasby.bandcamp.com/album/galvanised-ep-galvanised,ITM-64F9E6D9,ART-1B059777,USR-122,20200909,LOC-12470FE4,1,1.3,0.2,1.1
1599690263.1198&//dogger.bandcamp.com/track/dogger-mindstate-ft-sp-mc-no-more-moshpits-bon-jovi,ITM-98FDBD50,ART-9344DEAA,USR-133,20200909,LOC-7885444A,1,1.3,0.2,1.1
1599690264.02437&//paisleyshirtrecords.bandcamp.com/album/free-advice,ITM-502DC93E,ART-24B1F774,USR-163,20200909,LOC-0B3B97FA,1,3.0,0.45,2.55
1599690265.24805&//danzanativa.bandcamp.com/track/mb4,ITM-41E76DDA,ART-7F0746FC,USR-215,20200909,LOC-12470FE4,1,2.36,0.35,2.01
1599690265.34878&//intlanthem.bandcamp.com/album/universal-beings-e-f-sides,ITM-8943E76F,ART-E39AEC0E,USR-221,20200909,LOC-0B3B97FA,1,9.0,1.35,7.65
1599690267.22924&//newagehealers.bandcamp.com/album/debris,ITM-6365DAC2,ART-6B54C8B1,USR-235,20200909,LOC-25400724,1,20.0,2.0,18.0
1599690268.13114&//100gecs.bandcamp.com/album/1000-gecs,ITM-85F51E5B,ART-DAB61F98,USR-331,20200909,LOC-0B3B97FA,1,7.0,1.05,5.95
1599690269.86629&//hairymotherofgod.bandcamp.com/track/lorna-jane,ITM-E5B64798,ART-6AD02E50,USR-146,20200909,LOC-8BCC25C9,1,3.64,0.55,3.09
1599690271.6367&//alexandar.bandcamp.com/album/kaeporas-vision,ITM-72C41041,ART-91DB1D19,USR-239,20200909,LOC-12470FE4,1,5.31,0.8,4.51
1599690271.80025&//alexandar.bandcamp.com/track/ground-movement,ITM-7983FCAD,ART-64B25295,USR-76,20200909,LOC-12470FE4,1,1.77,0.27,1.5
1599690272.05303&//fungi-music.bandcamp.com/album/tendre-jeudi,ITM-5308A25D,ART-85CCAD9D,USR-9,20200909,LOC-0B3B97FA,1,8.26,1.24,7.02
1599690275.90005&//arcingseas.bandcamp.com/track/solstice,ITM-490E0FAE,ART-6BC884D4,USR-74,20200909,LOC-12470FE4,1,2.95,0.44,2.5100000000000002
1599690276.32765&//bfrome.bandcamp.com/track/jump-2-this-raw-mix,ITM-26DF97C9,ART-752986F5,USR-442,20200909,LOC-7885444A,1,0.4,0.06,0.34
1599690280.05187&//sambarker.bandcamp.com/track/cascade-effect,ITM-41FFD733,ART-F320481F,USR-492,20200909,LOC-12470FE4,1,3.54,0.53,3.01
1599690281.41646&//iseecolors.bandcamp.com/album/moving-cities,ITM-80211CFC,ART-79F01275,USR-401,20200909,LOC-0B3B97FA,1,10.62,1.59,9.03
1599690282.34123&//cassetteartclassics.bandcamp.com/album/the-dying-man-1987,ITM-26465438,ART-64EC84FE,USR-253,20200909,LOC-4605F628,1,1.0,0.15,0.85
1599690284.09437&//bergaudio.bandcamp.com/track/pedro-dalessandro-dellacasa-a-message-to-the-moon-original-mix,ITM-3F0B208C,ART-2B827CD3,USR-230,20200909,LOC-12470FE4,1,2.36,0.35,2.01
1599690284.40345&//bergaudio.bandcamp.com/track/ada-kaleh-traumer-speranta-original-mix,ITM-B95F921F,ART-2B827CD3,USR-7,20200909,LOC-12470FE4,1,2.36,0.35,2.01
1599690284.4279&//thecaretaker.bandcamp.com/album/everywhere-an-empty-bliss,ITM-90ACD0ED,ART-BE60DF49,USR-174,20200909,LOC-1A13105B,1,1.3,0.2,1.1
1599690285.12562&//annereburn.bandcamp.com/track/roxanne-the-police-cover,ITM-AF109833,ART-A91EE5FA,USR-141,20200909,LOC-7885444A,1,5.0,0.75,4.25
1599690285.56565&//kutiman.bandcamp.com/album/kutiman-feat-melike-ahin-elimi-tut-ep,ITM-EB2EDCE1,ART-D063277E,USR-168,20200909,LOC-0B3B97FA,1,7.0,0.7,6.3
1599690285.63493&//thistlestreet.bandcamp.com/album/the-sea-from-above-the-breeze,ITM-1F752745,ART-E5125BD1,USR-170,20200909,LOC-0B3B97FA,1,1.0,0.15,0.85
1599690286.26004&//menaceparis.bandcamp.com/album/bluestaeb-s-fidelity-present-underground-canopy,ITM-B575CEC5,ART-8B3D861F,USR-393,20200909,LOC-0B3B97FA,1,10.62,1.59,9.03
1599690288.73159&//wakeup-records.bandcamp.com/track/--3,ITM-E1F7B0D8,ART-6D972838,USR-434,20200909,LOC-7885444A,1,1.18,0.18,1.0
1599690289.0989&//thegodsplanet.bandcamp.com/track/aethernal,ITM-A2674EAA,ART-112551A9,USR-283,20200909,LOC-12470FE4,1,2.36,0.35,2.01
1599690290.80557&//cannibal.bandcamp.com/album/fire-meets-steel,ITM-96D411A2,ART-77252CD8,USR-122,20200909,LOC-0B3B97FA,1,6.99,0.7,6.29
1599690291.12517&//bada-bada.bandcamp.com/album/i-2,ITM-DD753679,ART-4AD9BBA8,USR-194,20200909,LOC-0B3B97FA,1,5.9,0.88,5.0200000000000005
1599690292.33251&//valdur.bandcamp.com/album/molted-single,ITM-9EEE7897,ART-852A0BAE,USR-5,20200909,LOC-0B3B97FA,1,5.0,0.75,4.25
1599690293.54985&//mimoton.bandcamp.com/track/ireru-asem-shama-remix,ITM-DA098FAF,ART-A76DC0AA,USR-29,20200909,LOC-12470FE4,1,1.53,0.23,1.3
1599690293.76315&//jackj.bandcamp.com/track/looking-forward-to-you,ITM-6BBA68C5,ART-B6A9BE19,USR-165,20200909,LOC-5F02F088,1,1.5,0.22,1.28
1599690295.04999&//bitterlakerecordings.bandcamp.com/album/s-t-2xlp,ITM-C3993498,ART-121AAB32,USR-422,20200909,LOC-0B3B97FA,1,28.0,2.8,25.2
1599690295.47393&//clipp-art.bandcamp.com/track/body-language,ITM-E4FD4081,ART-C5062A6F,USR-339,20200909,LOC-0B3B97FA,1,1.45,0.22,1.23
1599690297.55999&//oslated.bandcamp.com/track/fear-forest-on-stasys-remix,ITM-1CF93EA3,ART-6C7619A9,USR-136,20200909,LOC-12470FE4,1,2.0,0.3,1.7
1599690297.88935&//kurtbakerwcr.bandcamp.com/album/after-party,ITM-D2C18B26,ART-D61A8477,USR-496,20200909,LOC-0B3B97FA,1,14.99,1.5,13.49
1599690297.93474&//allyshajoy.bandcamp.com/album/acadie-raw,ITM-258FC27D,ART-4ACED4EF,USR-365,20200909,LOC-0B3B97FA,1,10.39,1.56,8.83
1599690299.4495&//tvgirl.bandcamp.com/album/french-exit,ITM-95A77F5A,ART-09DBD3DC,USR-321,20200909,LOC-0B3B97FA,1,25.0,2.5,22.5
1599690301.70516&//sydarthur.bandcamp.com,ITM-DF072E0B,ART-0994FEA7,USR-342,20200909,LOC-7885444A,1,28.06,4.21,23.849999999999998
1599690302.74064&//bablbluz.bandcamp.com/album/nayda,ITM-6CEB767F,ART-B20B08FF,USR-145,20200909,LOC-0B3B97FA,1,9.09,1.36,7.7299999999999995
1599690303.18511&//kllosounds.bandcamp.com/album/maybe-we-could,ITM-ACBA1883,ART-4A7479AF,USR-327,20200909,LOC-0B3B97FA,1,10.0,1.5,8.5
1599690305.39606&//iroaka.bandcamp.com/track/zorro-colorado,ITM-DF09F40B,ART-30EC94D9,USR-217,20200909,LOC-4605F628,1,5.31,0.8,4.51
1599690306.36096&//rawar.bandcamp.com/track/tiroler-stier,ITM-45A08343,ART-D0AEEAE7,USR-301,20200909,LOC-5F02F088,1,0.3,0.04,0.26
1599690309.89179&//catmullinsthemboys.bandcamp.com/album/cowards,ITM-3D695E2D,ART-01CAB4AB,USR-132,20200909,LOC-0B3B97FA,1,20.0,2.0,18.0
1599690311.20147&//thistlestreet.bandcamp.com/album/two-houses-split-with-salt-meadow,ITM-995C4606,ART-E5125BD1,USR-292,20200909,LOC-0B3B97FA,1,6.0,0.6,5.4
1599690313.47525&//sineo.bandcamp.com/album/social-fear-club-pt-1,ITM-A8C6E465,ART-DE4002C8,USR-70,20200909,LOC-0B3B97FA,1,7.0,1.05,5.95
1599690319.74048&//kaizengameworks.bandcamp.com/album/paradise-killer-original-soundtrack,ITM-383B8628,ART-ABBEE0C5,USR-252,20200909,LOC-0B3B97FA,1,11.68,1.75,9.93
1599690321.49836&//mogwai.bandcamp.com/album/2018,ITM-84DDFB34,ART-B5A275FD,USR-415,20200909,LOC-0D149B90,1,1.3,0.2,1.1
1599690321.72269&//bernietorme.bandcamp.com/album/die-pretty-die-young,ITM-D5D1C844,ART-EA23A04B,USR-275,20200909,LOC-0B3B97FA,1,10.39,1.56,8.83
1599690326.16443&//tzavhashaa.bandcamp.com/album/--2,ITM-3C279CD7,ART-0FCD3ACC,USR-445,20200909,LOC-4605F628,1,17.66,2.65,15.01
1599690328.18779&//banoffeepiesrecords.bandcamp.com/track/dance-like-dolphin-jay-remix,ITM-D7E6B65B,ART-7427DE99,USR-364,20200909,LOC-12470FE4,1,1.95,0.29,1.66
1599690328.54109&//twinsystem.bandcamp.com/track/this-branch-is-weak,ITM-A4DD502B,ART-E536805F,USR-182,20200909,LOC-4605F628,1,1.3,0.2,1.1
1599690339.84837&//anzdj.bandcamp.com/album/loos-in-twos-nrg,ITM-4966533E,ART-84C25B02,USR-167,20200909,LOC-A2A551A6,1,9.09,0.91,8.18
1599690342.99077&//infantisland.bandcamp.com/merch/final-hour-hoodie-preorder,ITM-FE5EC78C,ART-1CAD16FC,USR-91,20200909,LOC-0B3B97FA,1,35.0,3.5,31.5
1599690346.66953&//dieorakel.bandcamp.com/track/inside,ITM-9B6D3000,ART-7EEF34D0,USR-202,20200909,LOC-0B3B97FA,1,1.77,0.27,1.5
1599690350.25947&//publicpossession.bandcamp.com/track/cushion,ITM-ABC6C92A,ART-E63E28D8,USR-346,20200909,LOC-4605F628,1,1.77,0.27,1.5
1599690350.67179&//nicegirl.bandcamp.com/album/whistling-thorn,ITM-C4746491,ART-9EEB4DE3,USR-19,20200909,LOC-4605F628,1,5.9,0.88,5.0200000000000005
1599690353.52898&//thelunareffect.bandcamp.com/merch/call-it-in-t-shirt,ITM-A0DD56DB,ART-36E98066,USR-39,20200909,LOC-5435C69E,1,12.99,1.3,11.69
1599690355.82824&//orgonemusic.bandcamp.com/track/the-way,ITM-49575B03,ART-FE2F8FA6,USR-126,20200909,LOC-7885444A,1,1.0,0.15,0.85
1599690356.7559&//jaydiggs.bandcamp.com/track/w-a-p-funk,ITM-DAEF2B14,ART-0AF3F923,USR-451,20200909,LOC-5435C69E,1,3.0,0.45,2.55
1599690357.36277&//darian.bandcamp.com/track/rave-station,ITM-9BB03D12,ART-E39997D7,USR-173,20200909,LOC-5435C69E,1,1.5,0.22,1.28
1599690362.3122&//orpheusnine.bandcamp.com/album/transcendental-circus,ITM-E398F4BF,ART-A8A5976C,USR-141,20200909,LOC-0B3B97FA,1,3.33,0.5,2.83
1599690362.49095&//purpletapepedigree.bandcamp.com/merch/book-3rd-final-edition-cash-money-rules-a-photo-documentary-book-by-richard-r-ross,ITM-91AD55AF,ART-36F49BCD,USR-242,20200909,LOC-0B3B97FA,1,18.0,1.8,16.2
1599690363.18777&//eirkti.bandcamp.com/track/--13,ITM-2376501C,ART-2E3B398E,USR-220,20200909,LOC-5435C69E,1,1.18,0.18,1.0
1599690365.65067&https://music.dandywarhols.com/album/warhol-wednesday-endless-live-album,ITM-C75784F8,ART-72171BB9,USR-126,20200909,LOC-0B3B97FA,1,10.0,1.5,8.5
1599690370.37492&//azzur.bandcamp.com/track/palavas-so-far-away-rayko-remix,ITM-57EF34F8,ART-E5FDA9D8,USR-58,20200909,LOC-0B3B97FA,1,1.77,0.27,1.5
1599690371.10869&//yorkfactorycomplaint.bandcamp.com/album/apology,ITM-E4E95717,ART-346A9BA3,USR-148,20200909,LOC-0B3B97FA,1,7.0,1.05,5.95
1599690371.26689&//chicosdenazca.bandcamp.com/track/sunshine-ride,ITM-B552D48E,ART-8EB54DC3,USR-476,20200909,LOC-89484B14,1,1.18,0.18,1.0
1599690371.29414&//yorkfactorycomplaint.bandcamp.com/album/we-call-it-prayer,ITM-160CFDB6,ART-346A9BA3,USR-456,20200909,LOC-0B3B97FA,1,3.0,0.45,2.55
1599690372.02931&//beatspace-deviantforce.bandcamp.com/album/alien-orchestra,ITM-32CB3830,ART-D3B08F39,USR-317,20200909,LOC-5F02F088,1,0.59,0.09,0.5
1599690373.49093&//ulver.bandcamp.com/album/flowers-of-evil,ITM-7E5C095A,ART-FAA62D9A,USR-383,20200909,LOC-C97B334F,1,8.26,1.24,7.02
1599690377.65921&//marcopassarani.bandcamp.com/track/coldrain,ITM-A1B10DE2,ART-95CDD70C,USR-361,20200909,LOC-4605F628,1,1.18,0.18,1.0
1599690379.75267&//toomanyzooz.bandcamp.com/track/make-room,ITM-F0FD1642,ART-3DBEEBE5,USR-423,20200909,LOC-0B3B97FA,1,3.5,0.52,2.98
1599690381.03165&//higgo.bandcamp.com/album/lost-files-part-2,ITM-6FB9454B,ART-15D9128C,USR-1,20200909,LOC-7885444A,1,2.6,0.39,2.21
1599690383.76213&//powertrip.bandcamp.com/merch/bleach-everything-feat-riley-gale-integrity-rftcc-x-sdk-split-lp,ITM-2A7BDDD1,ART-6B51B842,USR-387,20200909,LOC-0B3B97FA,1,15.0,1.5,13.5
1599690387.62445&//mandolinorange.bandcamp.com/album/austin-city-limits-live-at-the-moody-theater-3,ITM-0E07CA5E,ART-CFA2B5C4,USR-461,20200909,LOC-0B3B97FA,1,40.0,4.0,36.0
1599690387.75004&//carpetgrouprecordings.bandcamp.com/track/o-mundo-que-me-espere,ITM-72EB0715,ART-84251FF3,USR-348,20200909,LOC-0B3B97FA,1,1.0,0.15,0.85
1599690395.3225&//denguedenguedengue.bandcamp.com/album/fiebre,ITM-763DDF5D,ART-6F0BEE0A,USR-190,20200909,LOC-8BCC25C9,1,17.71,1.77,15.940000000000001
1599690395.64476&//hausofaltr.bandcamp.com/track/resolve,ITM-05D26E7D,ART-98870DC3,USR-191,20200909,LOC-7885444A,1,1.0,0.15,0.85
1599690396.41325&//buscrates16-bitensemble.bandcamp.com/album/blasting-off,ITM-249873CB,ART-596B0A02,USR-369,20200909,LOC-0B3B97FA,1,25.0,2.5,22.5
1599690401.69068&//amnesiascanner.bandcamp.com/track/call-of-the-center-interlude,ITM-DEF37A49,ART-03A3976C,USR-409,20200909,LOC-4605F628,1,1.18,0.18,1.0
1599690403.24612&//limelodge.bandcamp.com/album/policy,ITM-51359E8B,ART-B70FBA83,USR-312,20200909,LOC-7885444A,1,5.0,0.75,4.25
1599690405.44106&//miriahavila.bandcamp.com/album/agree-to-disagree-you-in-love-again,ITM-51505521,ART-86C6D30E,USR-417,20200909,LOC-0B3B97FA,1,15.0,1.5,13.5
1599690405.60285&//happycamperrecords.bandcamp.com/track/tum-original-mix,ITM-562B4BE1,ART-9E068498,USR-422,20200909,LOC-0B3B97FA,1,1.77,0.27,1.5
1599690406.54854&//thealdorabritainrecords.bandcamp.com/album/jennifer-knows,ITM-396EEC44,ART-4B6A74B9,USR-117,20200909,LOC-0B3B97FA,1,2.6,0.39,2.21
1599690409.3777&//tvgirl.bandcamp.com/album/french-exit,ITM-95A77F5A,ART-09DBD3DC,USR-134,20200909,LOC-0B3B97FA,1,20.0,2.0,18.0
1599690411.17123&//goregoregays.bandcamp.com/track/me-aburres,ITM-91131D9F,ART-09AB5026,USR-58,20200909,LOC-0B3B97FA,1,3.54,0.53,3.01
1599690416.71682&//akhlys.bandcamp.com/album/the-dreaming-i,ITM-D6B56838,ART-121BEB36,USR-44,20200909,LOC-8BCC25C9,1,7.86,1.18,6.680000000000001
1599690421.35222&//paulmatthewmoore.bandcamp.com/album/alchemia-interiore,ITM-7D98BF56,ART-AFF3B568,USR-173,20200909,LOC-0B3B97FA,1,6.0,0.9,5.1
1599690421.40869&//mandolinorange.bandcamp.com/album/austin-city-limits-live-at-the-moody-theater-3,ITM-0E07CA5E,ART-CFA2B5C4,USR-160,20200909,LOC-0B3B97FA,1,40.0,4.0,36.0
1599690423.48769&https://music.pitchblack.co.nz/album/electronomicon-live,ITM-61A1F205,ART-65E8194E,USR-173,20200909,LOC-5435C69E,1,1.3,0.2,1.1
1599690424.04292&//panosigma.bandcamp.com/track/the-sun-rising-panosigma-sunset-mix,ITM-B0DE1291,ART-832CF551,USR-317,20200909,LOC-0B3B97FA,1,1.77,0.27,1.5
1599690427.26466&//actionbronson.bandcamp.com/album/only-for-dolphins,ITM-92D19C9A,ART-60C2C51F,USR-303,20200909,LOC-1A13105B,1,40.0,4.0,36.0
1599690431.97683&//drumwork.bandcamp.com/track/dance-more,ITM-945D1871,ART-B916C1AF,USR-149,20200909,LOC-7885444A,1,0.32,0.05,0.27
1599690441.26794&//jonjonesmusic.bandcamp.com/album/warrandyte-bridge-reno,ITM-FF25F154,ART-4675830A,USR-80,20200909,LOC-4605F628,1,4.36,0.65,3.7100000000000004
1599690443.01124&//absinth3.bandcamp.com/track/starlight-feat-chelsea-owen,ITM-0182A451,ART-AA59DF56,USR-374,20200909,LOC-0B3B97FA,1,1.45,0.22,1.23
1599690443.04043&//absinth3.bandcamp.com/track/suburbs-feat-nick-leech,ITM-FE8E2EB3,ART-AA59DF56,USR-213,20200909,LOC-0B3B97FA,1,1.45,0.22,1.23
1599690443.41035&//absinth3.bandcamp.com/album/unstable,ITM-80AEA4B5,ART-AA59DF56,USR-203,20200909,LOC-0B3B97FA,1,7.27,1.09,6.18
1599690443.53351&//absinth3.bandcamp.com/track/lavish,ITM-517F509F,ART-AA59DF56,USR-252,20200909,LOC-0B3B97FA,1,1.45,0.22,1.23
1599690443.57002&//absinth3.bandcamp.com/track/falling-away,ITM-43B8B378,ART-AA59DF56,USR-229,20200909,LOC-0B3B97FA,1,1.45,0.22,1.23
1599690443.78677&//absinth3.bandcamp.com/track/wanting-more,ITM-852AFF9E,ART-AA59DF56,USR-164,20200909,LOC-0B3B97FA,1,1.45,0.22,1.23
1599690443.79232&//absinth3.bandcamp.com/track/anymore,ITM-5403790B,ART-AA59DF56,USR-227,20200909,LOC-0B3B97FA,1,1.45,0.22,1.23
1599690445.36177&//thousandislandsrecords.bandcamp.com/merch/look-alive-chaser-black-t-shirt,ITM-0D9205E3,ART-0B219C5B,USR-147,20200909,LOC-5435C69E,1,15.2,1.52,13.68
1599690447.53053&//wagawaga.bandcamp.com/album/outeryeroer,ITM-EFA76717,ART-C19F2B27,USR-20,20200909,LOC-5435C69E,1,4.0,0.6,3.4
1599690449.14449&//actionbronson.bandcamp.com/album/only-for-dolphins,ITM-BFCB87C6,ART-60C2C51F,USR-441,20200909,LOC-12470FE4,1,60.0,6.0,54.0
1599690449.46047&//we-are-youandme.bandcamp.com/track/dennis-ferrer-vs-st-germain-son-of-rouge-youandme-2020-edit,ITM-22E90E4C,ART-479DC616,USR-402,20200909,LOC-82A9E4D2,1,1.18,0.18,1.0
1599690449.59279&//actionbronson.bandcamp.com/album/only-for-dolphins,ITM-92D19C9A,ART-60C2C51F,USR-47,20200909,LOC-12470FE4,1,40.0,4.0,36.0
1599690449.94207&//actionbronson.bandcamp.com/album/only-for-dolphins,ITM-D79A6A2D,ART-60C2C51F,USR-233,20200909,LOC-12470FE4,1,25.0,2.5,22.5
1599690452.67886&//ctemf.bandcamp.com/album/ctemf-2020-friends-frequencies,ITM-FF544A0B,ART-E71FBB1F,USR-305,20200909,LOC-0B3B97FA,1,20.0,3.0,17.0
1599690453.38424&//horsetorso.bandcamp.com/album/mikropianist,ITM-FEC957E8,ART-75F81DF7,USR-14,20200909,LOC-5435C69E,1,7.0,1.05,5.95
1599690453.67816&//sullfupport.bandcamp.com/track/b2-coffee-break-sullf09,ITM-47F2C6D7,ART-51725E64,USR-143,20200909,LOC-0B3B97FA,1,2.36,0.35,2.01
1599690455.84727&//hausofaltr.bandcamp.com/track/queue-throw-it,ITM-CD7F07D1,ART-B6B1EE23,USR-415,20200909,LOC-7885444A,1,1.0,0.15,0.85
1599690461.17093&//incidentp.bandcamp.com/track/incident-prism-knock-your-socks-off,ITM-1DACFEC2,ART-CAE8C41A,USR-1,20200909,LOC-5F02F088,1,1.18,0.18,1.0
1599690462.6562&//candomble.bandcamp.com/album/time-to-be-alive,ITM-AD49A622,ART-3A11129C,USR-373,20200909,LOC-4605F628,1,5.9,0.88,5.0200000000000005
1599690465.31473&//mandolinorange.bandcamp.com/album/austin-city-limits-live-at-the-moody-theater-3,ITM-0E07CA5E,ART-CFA2B5C4,USR-54,20200909,LOC-0B3B97FA,1,40.0,4.0,36.0
1599690466.80257&//messerchupsofficial.bandcamp.com/album/messer-chups-taste-the-blood-of-guitaracula,ITM-CF3569D6,ART-A28CE167,USR-374,20200909,LOC-8BCC25C9,1,20.0,2.0,18.0
1599690467.23385&//d-echoproject.bandcamp.com/album/flavours,ITM-352E29B7,ART-0CB707CF,USR-259,20200909,LOC-5435C69E,1,4.72,0.71,4.01
1599690471.48615&https://music.dandywarhols.com/album/warhol-wednesday-endless-live-album,ITM-C75784F8,ART-72171BB9,USR-144,20200909,LOC-C97B334F,1,10.0,1.5,8.5
1599690472.84899&//raduguran.bandcamp.com/track/radu-guran-aia-cu-alea-cu-astea,ITM-853CE90C,ART-B71D9398,USR-471,20200909,LOC-7885444A,1,1.77,0.27,1.5
1599690474.59779&//slouxrecordingco.bandcamp.com/album/drumless-tracks-volume-6,ITM-6E3D0027,ART-915368BA,USR-441,20200909,LOC-0B3B97FA,1,15.0,2.25,12.75
1599690474.73979&//pacificrhythm.bandcamp.com/track/an-eye-for-i,ITM-1DB81032,ART-7C2C0AAC,USR-459,20200909,LOC-0B3B97FA,1,2.0,0.3,1.7
1599690477.03686&//chrissuarez.bandcamp.com/album/are-you-listening,ITM-2B80714B,ART-F250F68A,USR-12,20200909,LOC-0B3B97FA,1,10.0,1.5,8.5
1599690478.13761&//bakedtapes.bandcamp.com/album/field-footage,ITM-6F6C4F4D,ART-EF06FCCF,USR-330,20200909,LOC-0B3B97FA,1,7.0,0.7,6.3
1599690483.43501&//interactivetest.bandcamp.com/track/hypnotical-e,ITM-48CCA721,ART-3E44E921,USR-224,20200909,LOC-4605F628,1,1.18,0.18,1.0
1599690485.05679&//jrocc.bandcamp.com/album/turn-me-up-some,ITM-84D8A509,ART-B89D626F,USR-272,20200909,LOC-0B3B97FA,1,1.0,0.15,0.85
1599690485.50199&//speakeasyelectroswing.bandcamp.com/album/speakeasy-10-years-of-swinging-on-the-other-side-of-the-pond,ITM-D8AEF2CE,ART-A62B1EB6,USR-456,20200909,LOC-5435C69E,1,2.0,0.3,1.7
1599690487.11426&//markerstarling.bandcamp.com/album/silk-rock,ITM-6C06ADD2,ART-FB5A9EAF,USR-358,20200909,LOC-82A9E4D2,1,11.69,1.17,10.52
1599690487.20004&//popnihil.bandcamp.com/album/sometimes-it-feels-like-chains,ITM-6266FFF8,ART-C17B9390,USR-460,20200909,LOC-0B3B97FA,1,2.0,0.3,1.7
1599690487.46927&//throwingmuses.bandcamp.com/album/sun-racket,ITM-8B2A0024,ART-AD88A2B0,USR-408,20200909,LOC-7885444A,1,12.99,1.95,11.040000000000001
1599690488.93101&//thereallilbil.bandcamp.com/album/pyro,ITM-EF792F71,ART-30F00FC8,USR-156,20200909,LOC-0B3B97FA,1,5.0,0.75,4.25
1599690490.65446&//lautluise.bandcamp.com/track/don-jaguar,ITM-FB21A588,ART-09C1A596,USR-373,20200909,LOC-0B3B97FA,1,1.77,0.27,1.5
1599690492.94058&//visionaryshamanics.bandcamp.com/track/cosmic-touch-transformation,ITM-8DF02546,ART-EA8D28D3,USR-8,20200909,LOC-0B3B97FA,1,1.3,0.2,1.1
1599690502.13885&//mnlth.bandcamp.com/album/vol-1,ITM-D438D911,ART-C57B5D9A,USR-122,20200909,LOC-0B3B97FA,1,12.99,1.95,11.040000000000001
1599690503.05151&//reso.bandcamp.com/album/vanishing-point-ep,ITM-62CFC6EC,ART-9E8A3073,USR-348,20200909,LOC-0B3B97FA,1,1.95,0.29,1.66
1599690503.30701&//reso.bandcamp.com/album/vault-vol-1,ITM-A232795E,ART-9E8A3073,USR-164,20200909,LOC-0B3B97FA,1,3.9,0.58,3.32
1599690503.38191&//reso.bandcamp.com/album/this-that-vol-1,ITM-F55696C8,ART-B3CB18D2,USR-90,20200909,LOC-0B3B97FA,1,5.2,0.78,4.42
1599690504.13222&//davidbars.bandcamp.com/track/fresh-out-the-mud,ITM-1C492DBF,ART-E0FE1F12,USR-136,20200909,LOC-0B3B97FA,1,2.0,0.3,1.7
1599690504.14275&//semanticarecords.bandcamp.com/track/how-to-become-nothing-rhyw-remix,ITM-6C5F3559,ART-A2C13BE2,USR-186,20200909,LOC-4605F628,1,2.36,0.35,2.01
1599690504.29094&//melaniedebiasio.bandcamp.com/album/lilies,ITM-6D8E4F90,ART-17509CB4,USR-316,20200909,LOC-0B3B97FA,1,12.99,1.95,11.040000000000001
1599690504.48266&//chrisstussy.bandcamp.com/track/stussko-ignite,ITM-3DE79216,ART-118D0461,USR-178,20200909,LOC-7885444A,1,2.36,0.35,2.01
1599690506.35373&//sweepingpromises.bandcamp.com/album/hunger-for-a-way-out,ITM-E61FD7DC,ART-355067CA,USR-28,20200909,LOC-0B3B97FA,1,20.0,2.0,18.0
1599690506.54592&//swingbass.bandcamp.com/album/swing-bass-compilation-album-vol-2,ITM-BFBC2E2E,ART-87AFE30F,USR-220,20200909,LOC-5435C69E,1,1.3,0.2,1.1
1599690506.74292&//hausofaltr.bandcamp.com/track/the-art-of-letting-go,ITM-5AB0C834,ART-22BFDC09,USR-357,20200909,LOC-7885444A,1,1.0,0.15,0.85
1599690507.55849&//kutcorners.bandcamp.com/album/heart-a-d-s-r,ITM-980849A1,ART-A0C36CF2,USR-41,20200909,LOC-0B3B97FA,1,3.0,0.45,2.55
1599690508.78519&//2020ldnrecordings.bandcamp.com/track/rickety-cricket-mad-zach-remix,ITM-7F965BAC,ART-1DBE8380,USR-228,20200909,LOC-0B3B97FA,1,1.3,0.2,1.1
1599690508.86193&//axetraxx.bandcamp.com/album/fede-lng-shaolin-808-ep-inc-byron-the-aquarius-remix,ITM-B00ED617,ART-5B5BE4EF,USR-192,20200909,LOC-0B3B97FA,1,10.39,1.56,8.83
1599690509.63525&//pierrecodarin.bandcamp.com/track/my-story-pierre-codarin-dub-edit,ITM-6128F78E,ART-73D800E2,USR-411,20200909,LOC-7885444A,1,1.95,0.29,1.66
1599690509.95932&//pierrecodarin.bandcamp.com/track/euphony-bodysnatch-pierre-codarin-floor-edit,ITM-95F32D67,ART-73D800E2,USR-447,20200909,LOC-7885444A,1,1.95,0.29,1.66
1599690511.73644&//mm000.bandcamp.com/album/opera,ITM-A956E985,ART-2D349DF0,USR-145,20200909,LOC-5F02F088,1,5.9,0.88,5.0200000000000005
1599690514.4382&https://rabbitjunk.com/album/pop-that-pretty-thirty-2,ITM-296C001C,ART-D1D274A3,USR-201,20200909,LOC-28840420,1,1.0,0.15,0.85
1599690518.18757&https://noise.poryahatami.com/album/land,ITM-512EF7C6,ART-8A2E02CD,USR-417,20200909,LOC-5435C69E,1,7.0,1.05,5.95
1599690520.28469&//gfguitar.bandcamp.com/merch/limited-edition-art-book-digital-album,ITM-9D6BF25F,ART-A498A474,USR-212,20200909,LOC-0B3B97FA,1,20.0,2.0,18.0
1599690521.23971&//landofkush.bandcamp.com/album/sand-enigma,ITM-1EFFDC17,ART-ACBBE751,USR-461,20200909,LOC-5435C69E,1,12.0,1.2,10.8
1599690526.34069&//jahschulz.bandcamp.com/track/metal-dub-pt-3,ITM-7753CA14,ART-0C87F5D6,USR-220,20200909,LOC-4605F628,1,2.36,0.35,2.01
1599690526.42185&//earthboys.bandcamp.com/album/a-deal-with-the-devil,ITM-BCCC21B3,ART-14710F8B,USR-240,20200909,LOC-0B3B97FA,1,7.8,1.17,6.63
1599690527.08041&//foxhide.bandcamp.com/album/rebuild,ITM-1C6AAC02,ART-1FCCA963,USR-413,20200909,LOC-0B3B97FA,1,5.0,0.75,4.25
1599690535.19781&//rubyofficial.bandcamp.com/track/carondelet-me-too-mix,ITM-36D32C57,ART-9916D1FC,USR-397,20200909,LOC-0B3B97FA,1,3.05,0.46,2.59
1599690536.03498&//oldtower.bandcamp.com/merch/three-towers-pin-2,ITM-C04D4A7E,ART-9A081495,USR-46,20200909,LOC-0B3B97FA,1,8.26,0.83,7.43
1599690542.13392&//bufiman.bandcamp.com/album/albumsi-rhythm-trax,ITM-D952ADDB,ART-F6A43D3E,USR-35,20200909,LOC-0B3B97FA,1,7.67,1.15,6.52
1599690545.01906&//blockheadnyc.bandcamp.com/album/quar-and-peace,ITM-1063AF96,ART-A6F334DA,USR-253,20200909,LOC-0B3B97FA,1,10.0,1.5,8.5
1599690546.87765&//binbagwisdom.bandcamp.com/album/100-years-of-binbag-wisdom,ITM-101B68D6,ART-3E8E4695,USR-390,20200909,LOC-7885444A,1,12.99,1.95,11.040000000000001
1599690547.30868&https://shop.snappedankles.com/merch/the-snankle-wrap-limited-edition-t-shirt,ITM-78B3AFB0,ART-001881BA,USR-82,20200909,LOC-55ADD3D8,1,24.02,2.4,21.62
1599690548.11653&https://acolourfulstorm.com/track/m-o-e-r,ITM-FC40101A,ART-7AADDBA5,USR-371,20200909,LOC-4605F628,1,1.77,0.27,1.5
1599690550.27843&//spoonbill.bandcamp.com/merch/canopy-pin,ITM-E7554393,ART-A29C085E,USR-256,20200909,LOC-0B3B97FA,1,25.45,2.54,22.91
1599690550.81472&//bluandexile.bandcamp.com/album/miles,ITM-6E02FB12,ART-CB2F2875,USR-197,20200909,LOC-0B3B97FA,1,10.0,1.5,8.5
1599690551.48051&//wiltmanitoba.bandcamp.com/merch/wilt-ravens-chant-baseball-tee,ITM-014EF84E,ART-DCEAB533,USR-303,20200909,LOC-5435C69E,1,26.6,2.66,23.94
1599690553.86038&//tvgirl.bandcamp.com/album/french-exit,ITM-95A77F5A,ART-09DBD3DC,USR-409,20200909,LOC-0B3B97FA,1,20.0,2.0,18.0
1599690553.93738&//actionbronson.bandcamp.com/album/only-for-dolphins,ITM-BFCB87C6,ART-60C2C51F,USR-450,20200909,LOC-0B3B97FA,1,60.0,6.0,54.0
1599690554.18321&//afrolab9000.bandcamp.com/album/purple-moonlight-pages,ITM-EE044F40,ART-89EB2065,USR-10,20200909,LOC-0B3B97FA,1,5.0,0.75,4.25
1599690554.95699&//crecordings.bandcamp.com/track/come-true,ITM-51D3DF2B,ART-0B16544D,USR-312,20200909,LOC-9C049173,1,1.18,0.18,1.0
1599690557.34815&//ostgut.bandcamp.com/track/ritual-music,ITM-BAB04BC1,ART-69F99C24,USR-286,20200909,LOC-7885444A,1,1.18,0.18,1.0
1599690557.53764&//nervousdater.bandcamp.com/track/fun-dumpster,ITM-C276EEA4,ART-0E55CC4B,USR-242,20200909,LOC-0B3B97FA,1,2.0,0.3,1.7
1599690558.31191&//iamtheanchoress.bandcamp.com/album/confessions-of-a-romance-novelist,ITM-B357AD5C,ART-9F447D28,USR-251,20200909,LOC-7885444A,1,28.58,2.86,25.72
1599690561.42185&//balanceclubculture.bandcamp.com/track/animistic-beliefs-when-ur-hi-speed-mix,ITM-B9885B00,ART-5636D914,USR-365,20200909,LOC-82A9E4D2,1,1.18,0.18,1.0
1599690562.43291&//bedouine.bandcamp.com/track/thirteen,ITM-C9C15D36,ART-A5B7EBAB,USR-5,20200909,LOC-0B3B97FA,1,10.0,1.5,8.5
1599690562.83611&//blushhmusic.bandcamp.com/track/what-about-my-plants,ITM-7473CE60,ART-8FF462C1,USR-119,20200909,LOC-0B3B97FA,1,2.0,0.3,1.7
1599690565.61369&//shlohmo.bandcamp.com/album/the-end,ITM-2ABAF5B0,ART-24DC96E3,USR-289,20200909,LOC-0B3B97FA,1,18.0,1.8,16.2
1599690567.99483&//djmoma.bandcamp.com/album/momapiano,ITM-F62CF3DD,ART-18D191AC,USR-374,20200909,LOC-0B3B97FA,1,7.0,1.05,5.95
1599690568.63001&//streetplay.bandcamp.com/track/heavy,ITM-F9FFE67A,ART-4B4D7CA2,USR-65,20200909,LOC-0B3B97FA,1,2.0,0.3,1.7
1599690570.19446&//vulfpeck.bandcamp.com/album/my-first-car,ITM-F425777D,ART-BE0CF420,USR-146,20200909,LOC-5F02F088,1,6.0,0.9,5.1
1599690570.76647&//vulfpeck.bandcamp.com/album/the-beautiful-game,ITM-62E76770,ART-BE0CF420,USR-224,20200909,LOC-5F02F088,1,10.0,1.5,8.5
1599690570.80383&//vulfpeck.bandcamp.com/album/fugue-state,ITM-479049CF,ART-BE0CF420,USR-239,20200909,LOC-5F02F088,1,6.0,0.9,5.1
1599690570.91635&//vulfpeck.bandcamp.com/album/vollmilch,ITM-83DAF3CD,ART-BE0CF420,USR-177,20200909,LOC-5F02F088,1,6.0,0.9,5.1
1599690570.95932&//vulfpeck.bandcamp.com/album/mit-peck,ITM-C58B92F5,ART-BE0CF420,USR-267,20200909,LOC-5F02F088,1,6.0,0.9,5.1
1599690572.78793&//zolajesus.bandcamp.com/track/soak,ITM-B4F36DF2,ART-5F88F9AA,USR-341,20200909,LOC-0B3B97FA,1,2.0,0.3,1.7
